method,seed,protocol,encoder_lr,fraction,cka_bn_stem,cka_bn_stage1,cka_bn_stage2,cka_bn_stage3,cka_bn_stage4,cka_bn_embedding,test_macro_auroc,cka_stem,cka_stage1,cka_stage2,cka_stage3,cka_stage4,cka_embedding,wdist_stem,wdist_stage1,wdist_stage2,wdist_stage3,wdist_stage4,wdist_encoder
mask,22,partial,0.0001,0.01,1.0,1.0,1.0,0.9999999999999998,0.9999697466167133,0.9999961524657823,0.7219426107458071,1.0000000000000002,1.0000000000000002,1.0,1.0000000000000002,0.9994412573954587,0.9994697970187536,0.0,0.0,0.0,0.0,0.0023027996425089,0.0007104217826257
mask,22,partial,0.0001,0.05,1.0,1.0,1.0,0.9999999999999998,0.99984009856868,0.999983226745276,0.7920404351763408,1.0000000000000002,1.0000000000000002,1.0,1.0000000000000002,0.9994912140306162,0.9995380879059343,0.0,0.0,0.0,0.0,0.0038994914034921,0.0012030068022697
mask,22,partial,0.0001,0.1,1.0,1.0,1.0,0.9999999999999998,0.9993410941244456,0.9999423518504529,0.8134742722280759,1.0000000000000002,1.0000000000000002,1.0,1.0000000000000002,0.999501871894434,0.999569231221704,0.0,0.0,0.0,0.0,0.0070090930609006,0.0021623298419004
mask,22,partial,0.0001,0.25,1.0,1.0,1.0,0.9999999999999998,0.9982182689101596,0.9998614375126155,0.8425884517941019,1.0000000000000002,1.0000000000000002,1.0,1.0000000000000002,0.9994441654870884,0.9995600839145808,0.0,0.0,0.0,0.0,0.0109824902425599,0.0033881368364676
mask,22,partial,0.0001,1.0,1.0,1.0,1.0,0.9999999999999998,0.9353016005619686,0.9951409608441549,0.8804547539810333,1.0000000000000002,1.0000000000000002,1.0,1.0000000000000002,0.99542453699477,0.9990311538126174,0.0,0.0,0.0,0.0,0.071500365644249,0.0220581140806657
mask,22,partial,0.001,0.01,1.0,1.0,1.0,0.9999999999999998,0.9975456127667427,0.9996935104525506,0.7253406914911585,1.0000000000000002,1.0000000000000002,1.0,1.0000000000000002,0.99923084991128,0.9993489347283736,0.0,0.0,0.0,0.0,0.0227672201129387,0.0070237674174918
mask,22,partial,0.001,0.05,1.0,1.0,1.0,0.9999999999999998,0.9852356637462171,0.998678016619085,0.7915781920045497,1.0000000000000002,1.0000000000000002,1.0,1.0000000000000002,0.9984419825369072,0.9993659941602184,0.0,0.0,0.0,0.0,0.0370911341448828,0.0114427452360155
mask,22,partial,0.001,0.1,1.0,1.0,1.0,0.9999999999999998,0.9416915185627173,0.9948507787034984,0.8170231438147121,1.0000000000000002,1.0000000000000002,1.0,1.0000000000000002,0.995107020505294,0.9990105365050508,0.0,0.0,0.0,0.0,0.0626673026238382,0.0193330830961339
mask,22,partial,0.001,0.25,1.0,1.0,1.0,0.9999999999999998,0.8745643063498109,0.9856957506163879,0.8536722992051665,1.0000000000000002,1.0000000000000002,1.0,1.0000000000000002,0.989720470188711,0.9980830657038372,0.0,0.0,0.0,0.0,0.1177294911308034,0.0363199617599559
mask,22,partial,0.001,1.0,1.0,1.0,1.0,0.9999999999999998,0.675535010825549,0.9518059551762591,0.8863967749523163,1.0000000000000002,1.0000000000000002,1.0,1.0000000000000002,0.9592323481511408,0.9955711976596447,0.0,0.0,0.0,0.0,0.3446236010163455,0.1063175920516403
mask,22,partial,0.01,0.01,1.0,1.0,1.0,0.9999999999999998,0.9299956588952175,0.9900075968013475,0.7306130119100007,1.0000000000000002,1.0000000000000002,1.0,1.0000000000000002,0.9946876574405236,0.9977239767678524,0.0,0.0,0.0,0.0,0.1952721710397758,0.0602421510262738
mask,22,partial,0.01,0.05,1.0,1.0,1.0,0.9999999999999998,0.7782431460689802,0.9552381167217677,0.7992639810689376,1.0000000000000002,1.0000000000000002,1.0,1.0000000000000002,0.9749540389438917,0.9964219030029682,0.0,0.0,0.0,0.0,0.2757457042213199,0.0850685188273106
mask,22,partial,0.01,0.1,1.0,1.0,1.0,0.9999999999999998,0.5860354933085768,0.7951115551404081,0.8156688990182722,1.0000000000000002,1.0000000000000002,1.0,1.0000000000000002,0.9039149921456494,0.9851191595015628,0.0,0.0,0.0,0.0,0.3940551980491333,0.1215674134576436
mask,22,partial,0.01,0.25,1.0,1.0,1.0,0.9999999999999998,0.5154658790075565,0.7347302884155903,0.8419988231480218,1.0000000000000002,1.0000000000000002,1.0,1.0000000000000002,0.8696584869870583,0.9794744235688636,0.0,0.0,0.0,0.0,0.6391596473010113,0.197182997441885
mask,22,partial,0.01,1.0,1.0,1.0,1.0,0.9999999999999998,0.37215110627174425,0.3719000089772528,0.8866795313204626,1.0000000000000002,1.0000000000000002,1.0,1.0000000000000002,0.7059678031898168,0.9694989603440018,0.0,0.0,0.0,0.0,1.5671829171106133,0.483481437604046
mask,22,full,0.0001,0.01,0.9998897979089996,0.998956810835489,0.9968412294235143,0.8557065093404578,0.8618238654640066,0.7019460020804412,0.7103910949843076,0.995403373405866,0.9374381528824696,0.9108616674513434,0.2892615035512541,0.2863767964216854,0.1637488054390299,0.0035295657745804,0.0032977200910637,0.0036025174489465,0.0026502610326622,0.0023279912504237,0.002829467114926
mask,22,full,0.0001,0.05,0.999803961329085,0.9959943506530556,0.9878892145709985,0.7435701147497519,0.7491772486213971,0.6044659202739544,0.8023268438528348,0.9965460196088226,0.9547979562948328,0.9231115222871916,0.2397170604182025,0.236269082268571,0.1283195506887096,0.0053113278703126,0.0052095446182106,0.0056532441353673,0.00467050228962,0.0031664167315301,0.0047401339961888
mask,22,full,0.0001,0.1,0.9991943754738071,0.9941380217694443,0.9753181171974901,0.4571267184238589,0.46086030492415014,0.401265198131043,0.8286092420171903,0.9957618869561355,0.949199623369936,0.9110194126084334,0.1505626245317974,0.1539710499819387,0.063725868689659,0.0086738708079784,0.0082309579036815,0.008784071375653,0.0078292534164242,0.0049780231210606,0.0077744693536884
mask,22,full,0.0001,0.25,0.9980483349164617,0.9854116201098895,0.9430301775554577,0.4461756513591739,0.47575572654797366,0.13937093941063464,0.8594104152612556,0.9942528698041242,0.9526028247317808,0.900636851932917,0.1500203242737903,0.1529803344792005,0.0618863662495247,0.0165538220449579,0.0143802587028976,0.0151019180355781,0.0139176903104031,0.009945312476844,0.0138110202101646
mask,22,full,0.0001,1.0,0.9810700102168275,0.9184229171459622,0.780864999097646,0.2729288691696272,0.30282823479739035,0.05853928051781675,0.9161061192296948,0.9804223179529128,0.9153308366408236,0.7828501086990985,0.1039125018038363,0.1036707720348949,0.0372694358825969,0.0590373042741885,0.0423872165206802,0.0411335011396738,0.04128461846917,0.0338561839549544,0.040945278523776
mask,22,full,0.001,0.01,0.9953977079236577,0.9666673783976397,0.9253788785613716,0.20138525986381292,0.2353853185558716,0.06566511574841499,0.7281443798049193,0.9907200931533,0.9270418548462644,0.8721033993436307,0.1279792905478102,0.1439540368809917,0.0616797396074686,0.0264270430923962,0.0245609558198328,0.0269167697906501,0.0235720567281226,0.0207423996398586,0.0238611192969386
mask,22,full,0.001,0.05,0.9930522174005795,0.9456626344132651,0.8354473846550512,0.12879115749220904,0.1614228437588166,0.04708641911847426,0.8153306440054483,0.9915098518546674,0.9169448481578067,0.8116450647872421,0.0629163733615074,0.0729932839481971,0.0262309921617806,0.0365793620733941,0.0323462325376163,0.0358929438853663,0.0333070460000201,0.0248072158140932,0.032839340351208
mask,22,full,0.001,0.1,0.9912577016732081,0.9156824794386741,0.7788503054621543,0.2676914463085761,0.3104240616466292,0.08590309643157436,0.8430951208708787,0.9903327897789284,0.9185026955689783,0.7822559778395213,0.1136628083854662,0.117863397615049,0.0652373884143042,0.0471096730334864,0.0412665824272102,0.0488672914689689,0.0482611802745577,0.0334634218671785,0.0464156654601606
mask,22,full,0.001,0.25,0.9722815341254328,0.8949051239375023,0.7466761899149875,0.053889101578774405,0.07223771558658466,0.016576033710843926,0.8690848016240509,0.9696817701628104,0.9236630576925048,0.7743808435093937,0.0305239636680788,0.0374117142270312,0.0119604462934696,0.0779016700536461,0.0714766874204745,0.079183779231212,0.080537499746807,0.0593879251820886,0.0776675580514977
mask,22,full,0.001,1.0,0.9357140842780545,0.8081961299039703,0.6150211443256612,0.1917787823251278,0.2014173292330915,0.07525281171640696,0.9269888068646274,0.9349734182883236,0.7794370957783037,0.5940850947398078,0.0685230879198946,0.0685882615296058,0.0400373810897353,0.1685610913016052,0.1310612028343059,0.1362374744513873,0.1738960135229554,0.1675346203351361,0.165279322254853
mask,22,full,0.01,0.01,0.7815216728004941,0.4039798833027939,0.2406743694508201,0.07267444391030085,0.0830903022664477,0.03008714670460071,0.6966409435941869,0.7808119185906737,0.4024916214093301,0.2413660777949318,0.0181040446489434,0.0208019903767327,0.0089806572015105,0.258552119564103,0.2204401617773861,0.2347004753092713,0.2018480422792063,0.1645917069993555,0.2053100188354742
mask,22,full,0.01,0.05,0.5677694928266447,0.538864377158099,0.38410087333528115,0.03463527812345331,0.033552477624108554,0.009259204963315162,0.7651140371351022,0.5547004319322092,0.5315355179293514,0.3644933090695906,0.0224056245298041,0.0197036089639459,0.0094002489611588,0.4909475320353192,0.3484841953309105,0.3704750060526816,0.2728450655014826,0.1631176903987315,0.2890845761033647
mask,22,full,0.01,0.1,0.8474653573366069,0.7073446955821295,0.4903795340628496,0.03934545514780683,0.026176234353805554,0.009304510877932269,0.831376315226158,0.8419387401733969,0.7345576486471552,0.4939608306372201,0.0164268088655459,0.0115100146007367,0.0062459834332977,0.285858768367806,0.2437419984948973,0.2910193347820329,0.2873258882088891,0.1616892869945033,0.2738782549931042
mask,22,full,0.01,0.25,0.7946358611559643,0.6022523105066065,0.4995628797884469,0.05367980409954444,0.04346634298331472,0.015376241261928218,0.8341536431438605,0.7900814673369504,0.6195671334156924,0.5392392235082106,0.0126992120665154,0.0097015273149217,0.0055721705200506,0.476521620594988,0.3576810059902508,0.3565341495515125,0.4025425418405393,0.3272307061986223,0.3871424576463517
mask,22,full,0.01,1.0,0.6085607342222827,0.5476048169181498,0.46958720164034207,0.0923421260062753,0.10986066719437394,0.03298549977443839,0.9276734995816678,0.5938619273727894,0.4963246843948899,0.4358286233560147,0.0033218959482987,0.0037560693789719,0.001832150746627,0.8295104889359111,0.5898788157480738,0.650118963967826,0.722573476541274,0.6151859625956313,0.6931703777472721
mask,54,partial,0.0001,0.01,1.0,0.9999999999999999,1.0000000000000002,1.0,0.9999646320377238,0.9999960510010777,0.7518856921816339,1.0,1.0,1.0,1.0,0.992096191393842,0.9996300823969224,0.0,0.0,0.0,0.0,0.0021583582787648,0.0006666618265926
mask,54,partial,0.0001,0.05,1.0,0.9999999999999999,1.0000000000000002,1.0,0.9997525705912912,0.9999775285488628,0.8074211857713809,1.0,1.0,1.0,1.0,0.991952199875554,0.999623613312848,0.0,0.0,0.0,0.0,0.0038684845887917,0.0011948762295318
mask,54,partial,0.0001,0.1,1.0,0.9999999999999999,1.0000000000000002,1.0,0.9988190362078122,0.999905627904005,0.8253738638616149,1.0,1.0,1.0,1.0,0.9914013340014416,0.9995988760211888,0.0,0.0,0.0,0.0,0.0069868060319574,0.002158046195175
mask,54,partial,0.0001,0.25,1.0,0.9999999999999999,1.0000000000000002,1.0,0.9997500168697471,0.9999845413746027,0.8522201352450125,1.0,1.0,1.0,1.0,0.9928379923871936,0.9996873436306812,0.0,0.0,0.0,0.0,0.0047136570027458,0.0014559284333368
mask,54,partial,0.0001,1.0,1.0,0.9999999999999999,1.0000000000000002,1.0,0.936142770823767,0.9942821141106215,0.8841590450102966,1.0,1.0,1.0,1.0,0.969038805557513,0.9993475277289616,0.0,0.0,0.0,0.0,0.0678374602606608,0.0209532613809864
mask,54,partial,0.001,0.01,1.0,0.9999999999999999,1.0000000000000002,1.0,0.9966152530794984,0.9996564276533569,0.7522854064124211,1.0,1.0,1.0,1.0,0.9903055544146812,0.9995727917378172,0.0,0.0,0.0,0.0,0.0209022700385199,0.0064561781335886
mask,54,partial,0.001,0.05,1.0,0.9999999999999999,1.0000000000000002,1.0,0.9846270003878709,0.9974682714829727,0.8089186277218299,1.0,1.0,1.0,1.0,0.9810583780218268,0.9992414181322958,0.0,0.0,0.0,0.0,0.0371129237818213,0.0114632356462803
mask,54,partial,0.001,0.1,1.0,0.9999999999999999,1.0000000000000002,1.0,0.9575196566687748,0.9912729909271182,0.8230744681966027,1.0,1.0,1.0,1.0,0.9657678918078796,0.9989026541267748,0.0,0.0,0.0,0.0,0.0618664312524015,0.0191089628025495
mask,54,partial,0.001,0.25,1.0,0.9999999999999999,1.0000000000000002,1.0,0.9831249847295073,0.9988206025116313,0.8609665757925821,1.0,1.0,1.0,1.0,0.9876475669952566,0.9995567653585182,0.0,0.0,0.0,0.0,0.0517068455768754,0.0159709258925021
mask,54,partial,0.001,1.0,1.0,0.9999999999999999,1.0000000000000002,1.0,0.7280629387712031,0.9108661973324993,0.8920037195039082,1.0,1.0,1.0,1.0,0.8376124258033952,0.9962197962543992,0.0,0.0,0.0,0.0,0.3304921606347668,0.1020805997090519
mask,54,partial,0.01,0.01,1.0,0.9999999999999999,1.0000000000000002,1.0,0.9368072188203457,0.9856388774645324,0.7230532830872293,1.0,1.0,1.0,1.0,0.9704640374856384,0.9978889335412215,0.0,0.0,0.0,0.0,0.1863911357282566,0.0575714681977547
mask,54,partial,0.01,0.05,1.0,0.9999999999999999,1.0000000000000002,1.0,0.8044043353761167,0.7925287691757844,0.8037465105268577,1.0,1.0,1.0,1.0,0.7984090582607847,0.9927491789296348,0.0,0.0,0.0,0.0,0.2712875058096913,0.0837937917602544
mask,54,partial,0.01,0.1,1.0,0.9999999999999999,1.0000000000000002,1.0,0.7243789438440372,0.7594596133573288,0.8234098930676109,1.0,1.0,1.0,1.0,0.7564932331644039,0.991638857356457,0.0,0.0,0.0,0.0,0.3654328103994967,0.1128728753120707
mask,54,partial,0.01,0.25,1.0,0.9999999999999999,1.0000000000000002,1.0,0.7970094158318266,0.9021715771597367,0.8557136241377414,1.0,1.0,1.0,1.0,0.8755119390922151,0.9960827054779146,0.0,0.0,0.0,0.0,0.4858549226743915,0.1500681946069118
mask,54,partial,0.01,1.0,1.0,0.9999999999999999,1.0000000000000002,1.0,0.5466733455602347,0.5148396430015992,0.8863518618495863,1.0,1.0,1.0,1.0,0.5667136074760522,0.9721951383858318,0.0,0.0,0.0,0.0,1.525607163802326,0.4712211445568081
mask,54,full,0.0001,0.01,0.9999423942779249,0.9989659273655148,0.997345578218312,0.9841876346428607,0.9765578253119311,0.761977174487935,0.7218898336084233,0.9963094042592536,0.9677757352916918,0.9264052944517772,0.571139045337357,0.474293503842936,0.1814500025162452,0.003084925321301,0.0028439266325397,0.0030677115543565,0.0026662336292483,0.0022818389590786,0.0027044036048645
mask,54,full,0.0001,0.05,0.9996597945485953,0.9963036287400108,0.9867526060985838,0.9180734062099885,0.8947290820626398,0.20599179127102796,0.8162450646676214,0.9962568437559864,0.9635346457243116,0.9132131922187288,0.5306852308755121,0.4291422975994464,0.0690159843471862,0.0057484194625362,0.0055083153984144,0.0058272800334923,0.0046410315080622,0.002913903713783,0.0047677369596777
mask,54,full,0.0001,0.1,0.998785466020904,0.9893366032810709,0.9722657164721439,0.8833924584966031,0.8525960911483558,0.23510877402813335,0.8328493292981816,0.9958314642921042,0.9657427947534322,0.9118452555330026,0.5244442472883054,0.4178815264622155,0.0827813938158332,0.0107347089283256,0.0089192142203674,0.0081105024394655,0.0071663877191601,0.0050608160725477,0.0073538177926098
mask,54,full,0.0001,0.25,0.9988847534405706,0.9929454007472117,0.9777974639692615,0.8845668163087312,0.8666897286805514,0.3002866979500336,0.86229750164512,0.9941856332957786,0.963370140299138,0.8996518960592756,0.5030188205526912,0.4147248028053209,0.1236609305500816,0.0106777639947444,0.0095932992481476,0.0094745934371693,0.0088269931651976,0.0088548343677056,0.0090066971159879
mask,54,full,0.0001,1.0,0.9590340906196203,0.9025454509497239,0.7871860219207596,0.46949689219800556,0.46573460282157353,0.16511283074850078,0.921862331656422,0.9605929585332954,0.9142133220738814,0.7783621271822029,0.2890609428104236,0.2333470673551141,0.0429853626417871,0.0646071244380736,0.0457155390359726,0.0386941323756586,0.039541141117127,0.0342658977706245,0.03997818372837
mask,54,full,0.001,0.01,0.9960755403471534,0.962158518643231,0.8919444924320457,0.5308939869260438,0.510852543460901,0.059629262916825056,0.7190984489186234,0.992300547258118,0.928801245516466,0.8324425265472386,0.0730358547774878,0.0635778419045134,0.010549083492407,0.030659999418106,0.0267927545420291,0.0274972801994963,0.022884724685386,0.019995272146763,0.0237161445718641
mask,54,full,0.001,0.05,0.9890163587146166,0.9332745618368016,0.8731015078842622,0.35502935090726484,0.356434366588051,0.05751455023920601,0.8193450384557805,0.9843434605447948,0.9190122943383602,0.8454285593158204,0.301671536166401,0.2510331312352373,0.0283605463172681,0.0401990597882996,0.0362021276953073,0.038594262269911,0.0304642248010167,0.0241304064179355,0.031705491795507
mask,54,full,0.001,0.1,0.9878532112762974,0.9248351765418528,0.7690765244636709,0.21037260017943443,0.2145928215710989,0.05178953756194503,0.8335679811764684,0.9876824687907768,0.923648375663378,0.768007631249797,0.0907261686156981,0.0759536305049875,0.0100767301706023,0.0505105763983378,0.0430932939378813,0.0406463388208249,0.0377205491308179,0.0321569862539616,0.0383101559234514
mask,54,full,0.001,0.25,0.9816469873446642,0.8925221983058282,0.7780781355078162,0.2827268743832557,0.2958787131501662,0.049298441156179394,0.856966766787825,0.9769616167016424,0.9073224932006552,0.7713177593014777,0.228576449908546,0.2027899634151103,0.0234335488822238,0.0639210179622024,0.0569807791885432,0.0558578431450875,0.0502841812471822,0.0537734990606452,0.0521524800943689
mask,54,full,0.001,1.0,0.9105013289903741,0.7822122642546736,0.5580183448134406,0.2675168128136472,0.2964421530064241,0.09610044890070671,0.9260349471405888,0.9073791639272624,0.7686228410244499,0.5530542036202687,0.1668886945929491,0.1496201359171581,0.0285946161198713,0.2156255489657069,0.1704144356117371,0.1641007510445243,0.1734809132216998,0.1633955527108125,0.1716289796567589
mask,54,full,0.01,0.01,0.756465260242033,0.6333548714893785,0.5065528526663957,0.10761564668692536,0.0925771879868371,0.02576566527438459,0.662638048627136,0.7388249368794108,0.6261335816913971,0.5375086372577487,0.1322849809347729,0.1205605900306014,0.0197248056865998,0.2564697865490544,0.2128926192762312,0.2248559703356722,0.1996775773042742,0.1625942084663983,0.2015371605067908
mask,54,full,0.01,0.05,0.6190122333132175,0.6401328990868643,0.4478053960216488,0.17717583365270745,0.16405523718502762,0.03622726231863087,0.6908134155780945,0.6093012504049619,0.6480961020491054,0.4772355794026373,0.1073312590231531,0.0986215387743972,0.0145643418315364,0.5397573519035624,0.4975431686036832,0.4907348652659409,0.3447810841009047,0.1565117711097382,0.3725027990309485
mask,54,full,0.01,0.1,0.48387814795491957,0.21628142235234754,0.15924845172509225,0.016959527190998747,0.00982973757458299,0.002538585368515855,0.7317854442228633,0.6140673568455752,0.4052373858290722,0.2908715560383251,0.0065437676473646,0.0046936217640463,0.0006906018313366,0.5997394866105613,0.4273338277138478,0.3538987019046918,0.3097685380044779,0.1910937374687463,0.324230379023755
mask,54,full,0.01,0.25,0.8015103961119905,0.5575618070738193,0.42617995858853,0.1044600681176064,0.0989219218940055,0.033322516539468626,0.8086689774289085,0.7963663908860648,0.6024812206393535,0.4666787308407784,0.0504706877993954,0.0411564668441656,0.006471152487235,0.4833849720440258,0.3659284003780348,0.3668473483743155,0.3870633169132322,0.3983673781383965,0.3847954945932204
mask,54,full,0.01,1.0,0.571031314017239,0.49672300094644817,0.4559656982419289,0.09797525601282066,0.0854022774149689,0.02868167977332381,0.9311120249258528,0.5592584474702457,0.4730908436479888,0.4350740428575336,0.0745754128732627,0.0495109786824333,0.0090695810435752,0.9487945446054968,0.6335298912630709,0.5790471048026891,0.6586054736863823,0.7830280042897635,0.6638593519077687
mask,71,partial,0.0001,0.01,0.9999999999999998,0.9999999999999998,1.0,1.0,0.9999777024077583,0.9999974878233625,0.6934926885521805,1.0,1.0,1.0000000000000002,1.0,0.9937179567795988,0.9992766845544786,0.0,0.0,0.0,0.0,0.0023277985682015,0.0007167020560298
mask,71,partial,0.0001,0.05,0.9999999999999998,0.9999999999999998,1.0,1.0,0.999780130439859,0.9999859222110971,0.7974698788516286,1.0,1.0,1.0000000000000002,1.0,0.9935618602116206,0.9992490738479164,0.0,0.0,0.0,0.0,0.0035745045155731,0.0011005482908165
mask,71,partial,0.0001,0.1,0.9999999999999998,0.9999999999999998,1.0,1.0,0.9988603367234818,0.9999034578350143,0.8212150097174065,1.0,1.0,1.0000000000000002,1.0,0.9932553430224328,0.9992552206894432,0.0,0.0,0.0,0.0,0.0064631326445803,0.0019899232339262
mask,71,partial,0.0001,0.25,0.9999999999999998,0.9999999999999998,1.0,1.0,0.9941971168280679,0.9996500398205115,0.8591145399626078,1.0,1.0,1.0000000000000002,1.0,0.9921913405396664,0.9994498566965349,0.0,0.0,0.0,0.0,0.0135918066173227,0.0041847588880174
mask,71,partial,0.0001,1.0,0.9999999999999998,0.9999999999999998,1.0,1.0,0.9197231707565177,0.9888956658247237,0.8800145862171618,1.0,1.0,1.0000000000000002,1.0,0.9501004916727008,0.9981675595159948,0.0,0.0,0.0,0.0,0.0710084165896928,0.0218626640897788
mask,71,partial,0.001,0.01,0.9999999999999998,0.9999999999999998,1.0,1.0,0.9981990260043601,0.9997952785845372,0.6894057022048533,1.0,1.0,1.0000000000000002,1.0,0.9914492894833028,0.9991072195097648,0.0,0.0,0.0,0.0,0.022362953624153,0.0068852928514833
mask,71,partial,0.001,0.05,0.9999999999999998,0.9999999999999998,1.0,1.0,0.9816225863757024,0.9984912863878075,0.7993596282187142,1.0,1.0,1.0000000000000002,1.0,0.9863851785538468,0.9989700060179936,0.0,0.0,0.0,0.0,0.0349974593520889,0.0107753099499682
mask,71,partial,0.001,0.1,0.9999999999999998,0.9999999999999998,1.0,1.0,0.9404657036704293,0.989365408237769,0.8274969921794654,1.0,1.0,1.0000000000000002,1.0,0.9591918786761552,0.9976701905257028,0.0,0.0,0.0,0.0,0.0593189253054557,0.0182636059273585
mask,71,partial,0.001,0.25,0.9999999999999998,0.9999999999999998,1.0,1.0,0.8754632794989177,0.9794879437396273,0.8605414291772436,1.0,1.0,1.0000000000000002,1.0,0.9249916110024956,0.997102927167498,0.0,0.0,0.0,0.0,0.0995746327214621,0.0306578691879804
mask,71,partial,0.001,1.0,0.9999999999999998,0.9999999999999998,1.0,1.0,0.6880175444711305,0.8847552263677873,0.8875241872221614,1.0,1.0,1.0000000000000002,1.0,0.7637248302638224,0.9908386868436284,0.0,0.0,0.0,0.0,0.3264686686568464,0.1005158991211468
mask,71,partial,0.01,0.01,0.9999999999999998,0.9999999999999998,1.0,1.0,0.9024547541768682,0.984445555723764,0.684507229898768,1.0,1.0,1.0000000000000002,1.0,0.932056164407775,0.9958242632142776,0.0,0.0,0.0,0.0,0.1998302329596037,0.0615254003398269
mask,71,partial,0.01,0.05,0.9999999999999998,0.9999999999999998,1.0,1.0,0.7935040004931686,0.9373551100165088,0.8011584226318719,1.0,1.0,1.0000000000000002,1.0,0.930397009984796,0.992893519779704,0.0,0.0,0.0,0.0,0.2087822104626056,0.0642816099060574
mask,71,partial,0.01,0.1,0.9999999999999998,0.9999999999999998,1.0,1.0,0.6891514786841153,0.6936117007090514,0.8284200685581148,1.0,1.0,1.0000000000000002,1.0,0.7108544520096548,0.9756595502004892,0.0,0.0,0.0,0.0,0.3788193471794077,0.1166340630568976
mask,71,partial,0.01,0.25,0.9999999999999998,0.9999999999999998,1.0,1.0,0.6522763764432316,0.76668304172058,0.8553527406488167,1.0,1.0,1.0000000000000002,1.0,0.6912891730157946,0.977922252220841,0.0,0.0,0.0,0.0,0.5292633910864252,0.1629540312270439
mask,71,partial,0.01,1.0,0.9999999999999998,0.9999999999999998,1.0,1.0,0.5230921077544205,0.5134916223372429,0.8873608033453743,1.0,1.0,1.0000000000000002,1.0,0.5454508963861027,0.9489650909767032,0.0,0.0,0.0,0.0,1.421102472044002,0.4375408926941502
mask,71,full,0.0001,0.01,0.999933358067573,0.9992385629466851,0.9981872561211681,0.9681224255746721,0.9646577944187062,0.6906494651510523,0.7031283013891891,0.9927124537139358,0.8568002547667934,0.8416118012277762,0.6539214624286073,0.6199947425871878,0.2008798927103051,0.0033937553589656,0.0034124673941288,0.0038860793425814,0.0029629822158211,0.0023041149822517,0.0030822052497558
mask,71,full,0.0001,0.05,0.9998059979152552,0.9974900950723733,0.9945000090242979,0.9363869547555848,0.9282694202053827,0.5687481465672624,0.7935343166252697,0.9922244853556834,0.8396237248978534,0.8109667402408518,0.5887968254291882,0.5529582380526867,0.1809310748512895,0.0050072154810974,0.00464200513542,0.0048228997788941,0.0039620440979972,0.0024315734304755,0.0040420430141379
mask,71,full,0.0001,0.1,0.9991123431116811,0.9904430983158469,0.9813679205389062,0.8434885138505526,0.8235910875043035,0.31557586812088256,0.8379585288399741,0.990625103243438,0.8538620583807595,0.8218295671064574,0.6010992769048048,0.5577154948611814,0.1553840554929365,0.0100727210464262,0.0086254815136635,0.0082192198367408,0.0071129223479363,0.0046683391693638,0.0072653710354519
mask,71,full,0.0001,0.25,0.9975357903135988,0.9475580076375306,0.9258365647799275,0.6581527310828853,0.6268283353293835,0.1380203990544034,0.8550546375711747,0.9911423079577926,0.9302859872263212,0.8804988371640374,0.5181228472664405,0.4717412530048067,0.0715808940394851,0.0178581811147416,0.0146735036964332,0.0130901153767852,0.0111671347094099,0.0089724170034437,0.0117134957651943
mask,71,full,0.0001,1.0,0.9678810083857631,0.8300775464533211,0.7476099733005377,0.4630572150209691,0.4402619036783627,0.13579018658655564,0.924025112515358,0.9631556051628534,0.907991654038393,0.7951168728274187,0.3572377730698642,0.313349420497727,0.0563979703250785,0.0691651637345235,0.0481393528168434,0.041251088775712,0.0380999254628982,0.0325844421398293,0.0395714591303331
mask,71,full,0.001,0.01,0.9944982052778232,0.9446275674681196,0.8480710707405992,0.6859304399801491,0.6872684768263199,0.12927281353913458,0.7122665991529353,0.9886741706983286,0.8981106678087416,0.8434195145034434,0.5184882995921466,0.4778899773498229,0.0870525741595807,0.0280466797091647,0.0259563717171482,0.0290247377732354,0.0238414762287287,0.0202947004686814,0.0244549808618904
mask,71,full,0.001,0.05,0.9884163566643355,0.8963746782959351,0.7610119510830428,0.44787808119034045,0.4699733982177624,0.07408994274103592,0.8088626439302588,0.9826641331630932,0.9170287001291276,0.78518907479421,0.3274899039689923,0.3232977128871591,0.0262573782782779,0.0445656334616613,0.0386637565757498,0.0370217200850176,0.0326830082348259,0.0244617318922006,0.0333428599053411
mask,71,full,0.001,0.1,0.9829482666379671,0.9165502921116708,0.7814750909350555,0.40298637965443507,0.4264571840019688,0.09403171771302737,0.8387285479579955,0.9773871188356988,0.9049802269065542,0.8099293046619256,0.1763258298981055,0.1645551015829738,0.0186060383727021,0.0431624846855523,0.0375846312990199,0.0362149825990891,0.0335539701875146,0.0260333581311578,0.0337895473926463
mask,71,full,0.001,0.25,0.956786027457262,0.7928013615293767,0.680172513166626,0.36177716556096495,0.36611469897552806,0.09062073940039252,0.8893140055113651,0.9518016235894866,0.8871332202298733,0.7269594386638137,0.271020962635058,0.257279267654877,0.0333564232718196,0.0957210804757615,0.0764008782972819,0.0713294669768799,0.0641013607012801,0.0485553813313644,0.0654556409091569
mask,71,full,0.001,1.0,0.825812246423281,0.7260859924756423,0.5515835622706664,0.2639947408717019,0.27089787504659396,0.08012509791887855,0.9257721142730952,0.8096541722644087,0.6964577924282932,0.5592871078424476,0.2110211677648161,0.2026192908791111,0.031200469195649,0.2166905037854418,0.1642465262262074,0.1506490404530824,0.1563743736950878,0.1580085388611751,0.1574186777249156
mask,71,full,0.01,0.01,0.5118598398399005,0.33886712895907,0.2556617270681329,0.054661980635449414,0.05168542118096703,0.015042709170408593,0.7139457894399468,0.5604059136275445,0.4410750025870083,0.3470097574502218,0.0432194171518309,0.0416085087774163,0.005140749992305,0.2572018395783342,0.2137419406260103,0.2014902715400044,0.1804524685763503,0.1629724732895869,0.1860378047807397
mask,71,full,0.01,0.05,0.5779434438181053,0.2948098446681418,0.21174054953667049,0.02600362539651492,0.015200068478341227,0.003506686693598433,0.7440764618210753,0.5695150353508509,0.3286143522173672,0.2432964439806239,0.0192903837210184,0.0119109198173528,0.001569974251084,0.4552514962081753,0.389979525018619,0.3908740883396454,0.2308973544165672,0.1463592035197404,0.2710960463208247
mask,71,full,0.01,0.1,0.6012736723093365,0.4258470504447639,0.2980787239694387,0.08668438260376793,0.07466442156580196,0.011414787037858526,0.8311971554988328,0.6042929244882909,0.5143918860774087,0.3801464858721793,0.0836969324250009,0.0723681556139945,0.005172909088343,0.3891132845295442,0.2963543795887363,0.2704461143166344,0.2556017829057875,0.1786740051060691,0.2573720033691905
mask,71,full,0.01,0.25,0.7242117276594953,0.4997657230630113,0.4145595085819799,0.04610043340944577,0.032432573061619424,0.009202528275333816,0.8111940927410838,0.7306232280966378,0.6039634497978086,0.5299232410014872,0.0551973696863355,0.0320734684615446,0.0048558714699699,0.9682298768357273,0.864061343116636,0.8215876458973255,0.6025148022637354,0.2806482862308442,0.646113488918841
mask,71,full,0.01,1.0,0.5948115412115123,0.5296834663517848,0.41181851183904045,0.1881395288421812,0.1685393708022142,0.0615800116624372,0.93301861678815,0.5615709526520902,0.5205847838586353,0.4027701275516501,0.1476039876736911,0.1321090979073552,0.023967265776647,0.8642620848824702,0.596733446299986,0.6113126800339092,0.693821484805847,0.7237673265093008,0.6800796709261436
denoise,22,partial,0.0001,0.01,1.0,1.0,1.0,1.0,0.9999999543851644,0.9999997597320981,0.7138742018169628,1.0000000000000002,1.0,1.0,1.0000000000000002,0.999995425165242,0.9999067023041732,0.0,0.0,0.0,0.0,0.0025033058027129,0.0007592671936237
denoise,22,partial,0.0001,0.05,1.0,1.0,1.0,1.0,0.9999996714020368,0.9999990111131447,0.7860999713706964,1.0000000000000002,1.0,1.0,1.0000000000000002,0.9999867341557253,0.9997408455942484,0.0,0.0,0.0,0.0,0.0040910541701242,0.0012408404979313
denoise,22,partial,0.0001,0.1,1.0,1.0,1.0,1.0,0.9999986716416293,0.9999972989520403,0.8204910308611932,1.0000000000000002,1.0,1.0,1.0000000000000002,0.9999869548928962,0.99974717861437,0.0,0.0,0.0,0.0,0.0066843513599031,0.0020274026020825
denoise,22,partial,0.0001,0.25,1.0,1.0,1.0,1.0,0.9999918784516969,0.9999861695420721,0.8492592768166577,1.0000000000000002,1.0,1.0,1.0000000000000002,0.999983986680218,0.9996498035175686,0.0,0.0,0.0,0.0,0.0157042245523585,0.0047631825448507
denoise,22,partial,0.0001,1.0,1.0,1.0,1.0,1.0,0.9999585381271752,0.9998894424608207,0.889936245512212,1.0000000000000002,1.0,1.0,1.0000000000000002,0.999983220840006,0.9996248789243164,0.0,0.0,0.0,0.0,0.0615657825957962,0.0186732595450774
denoise,22,partial,0.001,0.01,1.0,1.0,1.0,1.0,0.9999922591281859,0.9999597106498646,0.7181968897387645,1.0000000000000002,1.0,1.0,1.0000000000000002,0.999989332038464,0.9998179420569924,0.0,0.0,0.0,0.0,0.0246981119474127,0.0074910808442952
denoise,22,partial,0.001,0.05,1.0,1.0,1.0,1.0,0.999979379484266,0.9998978253924898,0.7920758282340578,1.0000000000000002,1.0,1.0,1.0000000000000002,0.999981990635988,0.9996673826808214,0.0,0.0,0.0,0.0,0.0365532295477146,0.011086806888115
denoise,22,partial,0.001,0.1,1.0,1.0,1.0,1.0,0.9999126358910057,0.9997578712964537,0.8213615007485594,1.0000000000000002,1.0,1.0,1.0000000000000002,0.9999805746683674,0.9996630259878092,0.0,0.0,0.0,0.0,0.0605222469469278,0.0183567491200611
denoise,22,partial,0.001,0.25,1.0,1.0,1.0,1.0,0.9998503520071388,0.9996343867125129,0.8608402260864907,1.0000000000000002,1.0,1.0,1.0000000000000002,0.9999816577243223,0.9996601556842124,0.0,0.0,0.0,0.0,0.1123699475262906,0.0340824579296167
denoise,22,partial,0.001,1.0,1.0,1.0,1.0,1.0,0.9996480551458232,0.9992178211912677,0.8936376451005629,1.0000000000000002,1.0,1.0,1.0000000000000002,0.9999761731284224,0.9995527194334564,0.0,0.0,0.0,0.0,0.2936383358476286,0.0890622132372891
denoise,22,partial,0.01,0.01,1.0,1.0,1.0,1.0,0.9995672991217777,0.9963816653635569,0.7096566823837227,1.0000000000000002,1.0,1.0,1.0000000000000002,0.9999257817620724,0.9987143008895394,0.0,0.0,0.0,0.0,0.2091881557286811,0.0634479829700802
denoise,22,partial,0.01,0.05,1.0,1.0,1.0,1.0,0.99977779697822,0.9952795581165665,0.795079344316975,1.0000000000000002,1.0,1.0,1.0000000000000002,0.9999701288176434,0.9994270802816572,0.0,0.0,0.0,0.0,0.2640481598821614,0.0800873409544927
denoise,22,partial,0.01,0.1,1.0,1.0,1.0,1.0,0.9996180895053972,0.9971053621943676,0.8231779355848615,1.0000000000000002,1.0,1.0,1.0000000000000002,0.99996701344425,0.999482412263839,0.0,0.0,0.0,0.0,0.3614578503473001,0.1096322660016306
denoise,22,partial,0.01,0.25,1.0,1.0,1.0,1.0,0.9996138506862595,0.9966624245184758,0.8621095926795362,1.0000000000000002,1.0,1.0,1.0000000000000002,0.999975087769714,0.999486803426435,0.0,0.0,0.0,0.0,0.5609245772636673,0.1701316831335544
denoise,22,partial,0.01,1.0,1.0,1.0,1.0,1.0,0.9995328032399411,0.9989461843735439,0.8879723425509929,1.0000000000000002,1.0,1.0,1.0000000000000002,0.9999745448045512,0.9995350432323516,0.0,0.0,0.0,0.0,1.3175162102043745,0.3996103210368833
denoise,22,full,0.0001,0.01,0.9998168943287411,0.999354209416667,0.9990161153190256,0.9988880815514999,0.9988607599997137,0.996816166103652,0.7013513752441916,0.9992294114876016,0.9984929342275528,0.9978492437301822,0.944465723775036,0.9448664646301596,0.9377834041056404,0.0031314558587476,0.0027154599403571,0.0027563736107491,0.0024128299301156,0.0021623072279322,0.0024752751394083
denoise,22,full,0.0001,0.05,0.9997062299798997,0.9978095122848913,0.9957028686501088,0.9696615932166573,0.9691448453909103,0.9379781447394151,0.7962595462879603,0.9994542333261484,0.9966550406037366,0.9938737761937536,0.7515661471091701,0.752284805673612,0.7394897602676492,0.0073282353678813,0.0066520729954403,0.0064081967685437,0.0050235700799924,0.0033741557952327,0.0053017122182923
denoise,22,full,0.0001,0.1,0.9995021113065068,0.997655631491618,0.9952806495721638,0.9784104481499254,0.9775505905276197,0.9358805388081397,0.8456459461967714,0.9990272021956672,0.9968159614185094,0.9946595501559896,0.9014818260283368,0.9018782860540834,0.9023348200766828,0.0071386464315178,0.0066163053298799,0.0068682150258558,0.0078635240979391,0.0054058902176107,0.0074227200907506
denoise,22,full,0.0001,0.25,0.9990922051840728,0.9932572210256613,0.9869341383394639,0.9818350986914756,0.9817726484846412,0.970551644892532,0.8643748975439256,0.9976766967100164,0.991215651604208,0.9843383211622916,0.7848110744996908,0.7858097778734914,0.7783969045451933,0.01124561461295,0.0099511536185092,0.0099846009424717,0.0176830951930978,0.0130693217360463,0.015819828697693
denoise,22,full,0.0001,1.0,0.9936102884623623,0.9741017009176449,0.9668207943796328,0.9476027207805874,0.9383454586141267,0.8882810304626317,0.9157132448417508,0.9932138632023498,0.9698753937186152,0.9612443001451688,0.7369776672293766,0.7339943624051662,0.7015193259041963,0.0514360028246994,0.0329722972505624,0.0296509386270667,0.0446109482027867,0.0411345394892469,0.0417562866590234
denoise,22,full,0.001,0.01,0.9968247375724526,0.9841589482283878,0.9800093661954924,0.034669651578745214,0.028396068384332562,0.0223673812696781,0.7191797428842575,0.9953192155682584,0.9830120721904584,0.9775315813048332,0.5944371098727064,0.5916939887698038,0.4664649074655965,0.0270824776005129,0.0237797094823398,0.0253797507523383,0.0225744060079358,0.0198818265201525,0.0228658017162376
denoise,22,full,0.001,0.05,0.9735742467629628,0.898748568097982,0.8886352986733282,0.0002962298724925323,0.00028661901996610787,0.0002347847354804548,0.8032040845360242,0.973873673670697,0.9002519144189379,0.8882515059833538,0.0007744526526468,0.000683668976957,0.0004712757259573,0.0774096915760731,0.0711653180719071,0.0752437415892302,0.0489557907387652,0.0263149374381923,0.0542119752686911
denoise,22,full,0.001,0.1,0.9492921888601936,0.6953549099097828,0.6875096430595589,0.00012510761357328867,8.499975293445437e-05,8.84694772875816e-05,0.8320765272498238,0.9451042501231822,0.6644931655965728,0.6622641512700594,0.0158355248894839,0.0157610818205276,0.0149279519512297,0.0951232288825376,0.0828038825779509,0.0715170622307054,0.0552636404923097,0.0402925645213243,0.0602189179864469
denoise,22,full,0.001,0.25,0.9673000264418754,0.8738682630359443,0.8017424125296012,0.002938288085706235,0.002990299630599198,0.0023861098181755572,0.8685526049334306,0.9683193709755544,0.8744794063965431,0.8022634728458417,0.007692826197237,0.0077369256258618,0.006800510807075,0.0865298265686518,0.0772953850001799,0.0784286182093142,0.0955288511123852,0.0711957790547371,0.0897467697880999
denoise,22,full,0.001,1.0,0.9029187137730531,0.7801562985519761,0.7433647099111264,0.0031521149906342076,0.0029135992213076144,0.0035360739216575687,0.9269896192968894,0.9035604886686076,0.7772357507838752,0.7374877559900711,0.0012640919402978,0.0015505404015617,0.0017350091799572,0.1915164618577796,0.1454449476005205,0.146399730492977,0.2023237429588972,0.2050132585594677,0.1913531079426121
denoise,22,full,0.01,0.01,0.7422491970035084,0.5504896031383784,0.407538554188559,0.0008237017945601337,0.0007302936672353996,0.00036483020519580914,0.6969451897916978,0.7598792590788025,0.5752006546530309,0.4084235780603368,7.14166966818513e-05,5.7973024684833e-05,4.75156948007057e-05,0.2527335135863109,0.2030438121312777,0.2100874950694101,0.172375701163761,0.1566470549162536,0.1802042469724244
denoise,22,full,0.01,0.05,0.7435344317740882,0.5681070398063646,0.44395589816511677,0.0008581468568426011,0.0007428921726169797,0.00036575272946755944,0.7935750858293097,0.7459215423607967,0.5672839902762608,0.4387454884831478,6.600464673468412e-05,4.142815070607332e-05,2.7315138455015887e-05,0.390028876149759,0.2888142591259668,0.2421933451861269,0.1974632736798225,0.1684223252769985,0.2148104004469659
denoise,22,full,0.01,0.1,0.7808522755564726,0.637265780280221,0.5515213686644211,0.0016957211442109614,0.0013200272702379558,0.001845645610185953,0.8283713946500256,0.7849416632735151,0.6425101708062265,0.5572448104931583,0.0025346035449475,0.0013236175881181,0.001465019044953,0.4899171208131208,0.3428107591145335,0.3412033953878453,0.2670617428920706,0.2337936801445463,0.2856546299039882
denoise,22,full,0.01,0.25,0.7637252913369571,0.47939958443385755,0.34669699767952045,0.00021619628294313324,0.00013913497093153587,0.00017883257694731024,0.8617093057924873,0.7608356858034712,0.4297420054649919,0.2929314589379367,5.383440496114592e-05,2.5405609962967747e-05,2.6300130991212745e-05,0.336277040651347,0.3109558864596242,0.2925714705624028,0.3583625971063663,0.2888967677469783,0.3402583323100475
denoise,22,full,0.01,1.0,0.5318528441290448,0.4517060455449936,0.34600910737535734,0.0018859476870219008,0.0009686007535220324,0.0016260199028900997,0.9332880604103546,0.5303580264703405,0.4493031948165971,0.3452156723443061,0.0043108179109487,0.0026218791329441,0.0036356454531279,0.8320650804684582,0.6034876820117344,0.5660708900987889,0.6438017517332064,0.6000076900904996,0.62918440287398
denoise,54,partial,0.0001,0.01,1.0,1.0000000000000002,1.0,1.0,0.9999998434554023,0.9999988117037888,0.7119995776487898,1.0,1.0,1.0000000000000002,1.0000000000000002,0.999990602758404,0.9997899930650164,0.0,0.0,0.0,0.0,0.0025367058243875,0.0007696397726999
denoise,54,partial,0.0001,0.05,1.0,1.0000000000000002,1.0,1.0,0.9999997310922369,0.9999992760554021,0.7690781562266698,1.0,1.0,1.0000000000000002,1.0000000000000002,0.999982444249672,0.9996071951990564,0.0,0.0,0.0,0.0,0.0049303432495275,0.0014958724111477
denoise,54,partial,0.0001,0.1,1.0,1.0000000000000002,1.0,1.0,0.9999994068840691,0.9999987150862542,0.8049460484375325,1.0,1.0,1.0000000000000002,1.0000000000000002,0.9999836370139764,0.999613612512992,0.0,0.0,0.0,0.0,0.0076291442428418,0.0023146920642143
denoise,54,partial,0.0001,0.25,1.0,1.0000000000000002,1.0,1.0,0.9999999133182137,0.999999881320854,0.8465455288233471,1.0,1.0,1.0000000000000002,1.0000000000000002,0.999983312070038,0.9996160161630464,0.0,0.0,0.0,0.0,0.0054450653580299,0.0016520397533689
denoise,54,partial,0.0001,1.0,1.0,1.0000000000000002,1.0,1.0,0.9999217056340898,0.9998864999466113,0.8887991327028266,1.0,1.0,1.0000000000000002,1.0000000000000002,0.999992691338542,0.9997553255294842,0.0,0.0,0.0,0.0,0.0673176724630984,0.0204242674239529
denoise,54,partial,0.001,0.01,1.0,1.0000000000000002,1.0,1.0,0.9999842105530271,0.9998785153650047,0.7126774806285234,1.0,1.0,1.0000000000000002,1.0000000000000002,0.999987428774955,0.9997209967249924,0.0,0.0,0.0,0.0,0.0248427451546108,0.0075373204690198
denoise,54,partial,0.001,0.05,1.0,1.0000000000000002,1.0,1.0,0.9999702424394125,0.9998640811250721,0.7853858647912412,1.0,1.0,1.0000000000000002,1.0000000000000002,0.9999832864659062,0.9995643420743794,0.0,0.0,0.0,0.0,0.0497864532597825,0.0151052732256205
denoise,54,partial,0.001,0.1,1.0,1.0000000000000002,1.0,1.0,0.9999420799968491,0.9998161542672959,0.8194146356121741,1.0,1.0,1.0000000000000002,1.0000000000000002,0.999984270192008,0.999534971141172,0.0,0.0,0.0,0.0,0.0640416956526895,0.0194303318940646
denoise,54,partial,0.001,0.25,1.0,1.0000000000000002,1.0,1.0,0.999995239421823,0.9999870518676384,0.8550101299486911,1.0,1.0,1.0000000000000002,1.0000000000000002,0.9999822159267951,0.999591293529169,0.0,0.0,0.0,0.0,0.0494053946549142,0.0149896595603635
denoise,54,partial,0.001,1.0,1.0,1.0000000000000002,1.0,1.0,0.9994330914331527,0.9989939208890658,0.893371253073547,1.0,1.0,1.0000000000000002,1.0000000000000002,0.9999502675360044,0.9995277576033552,0.0,0.0,0.0,0.0,0.3151632128055099,0.0956209195150129
denoise,54,partial,0.01,0.01,1.0,1.0000000000000002,1.0,1.0,0.9998334085235111,0.9962622752763802,0.7181952953814609,1.0,1.0,1.0000000000000002,1.0000000000000002,0.9999641139070184,0.998743570477538,0.0,0.0,0.0,0.0,0.2022812395306291,0.0613723852868947
denoise,54,partial,0.01,0.05,1.0,1.0000000000000002,1.0,1.0,0.999742198999971,0.9947107246671224,0.7868303055824242,1.0,1.0,1.0000000000000002,1.0000000000000002,0.9999609247911893,0.9992692857719668,0.0,0.0,0.0,0.0,0.3295321245209948,0.0999804656004648
denoise,54,partial,0.01,0.1,1.0,1.0000000000000002,1.0,1.0,0.9998312382967169,0.9976308063054139,0.8160733949141125,1.0,1.0,1.0000000000000002,1.0000000000000002,0.999972501290894,0.9993835456567634,0.0,0.0,0.0,0.0,0.3856229672984298,0.1169984986221684
denoise,54,partial,0.01,0.25,1.0,1.0000000000000002,1.0,1.0,0.9997619551580309,0.9989546587989172,0.8503377941903364,1.0,1.0,1.0000000000000002,1.0000000000000002,0.9999798849599956,0.9995602448082396,0.0,0.0,0.0,0.0,0.6145771683488305,0.1864634943505078
denoise,54,partial,0.01,1.0,1.0,1.0000000000000002,1.0,1.0,0.999064061615495,0.9988074188383839,0.891336572443083,1.0,1.0,1.0000000000000002,1.0000000000000002,0.9999040052625662,0.9995171926955654,0.0,0.0,0.0,0.0,1.3481184954107857,0.409020865724978
denoise,54,full,0.0001,0.01,0.9998159549260283,0.9992460284681237,0.9987711939474418,0.9680626359246379,0.9679482674719285,0.9654361843667769,0.7104692495305304,0.9972502937315808,0.9952523603104272,0.9950394142345944,0.9790182049809508,0.978859400229814,0.972171803708336,0.0040244708531274,0.0036728714965798,0.0038762933206099,0.0026363795832109,0.0021129005977006,0.0029056944337068
denoise,54,full,0.0001,0.05,0.9996894466997224,0.9973258456064363,0.9945129901077303,0.4889033460500201,0.48708670496654793,0.4274327977501089,0.7987073091211232,0.9973650215494736,0.991350410212072,0.9894879687152096,0.3724093437871174,0.3718150915793593,0.3402382931687696,0.0062163640680664,0.0058882473004393,0.0060515667954866,0.0052117753639226,0.0034424727125245,0.0052687392174381
denoise,54,full,0.0001,0.1,0.9992512418273802,0.9957974119782748,0.9924254686162343,0.9112358982311742,0.909898029971026,0.8579162893569556,0.8349333075959581,0.999053189060466,0.9946493142933324,0.9907703095655358,0.8124956013172279,0.8114660823588699,0.7480563163357193,0.008545493248575,0.0075679425083933,0.0071301859427272,0.0085183335204752,0.0063532971220523,0.0080906296731132
denoise,54,full,0.0001,0.25,0.9990903980201283,0.9941916493277686,0.9883513788629072,0.43057452877927327,0.42948933963145847,0.43060086033470085,0.85993352389399,0.9974595090681831,0.9901402512057648,0.9828029721334208,0.3948762036887167,0.3943793082640632,0.3870979442562908,0.0122392378752134,0.0108534139307124,0.010921442331518,0.0102067473633916,0.0099781738002702,0.0103631167284835
denoise,54,full,0.0001,1.0,0.9942553563607671,0.9740663568641382,0.9577970640154625,0.0010269955551774064,0.0008146312222201063,0.002206750875355939,0.9217064541159612,0.9929423511467204,0.9701085456046722,0.9550771584991302,0.0118576313591149,0.0120844933006771,0.01656120592255,0.0483389043730044,0.0342173395219544,0.0289973653313949,0.0474336551247531,0.0420517254022144,0.0439121863866321
denoise,54,full,0.001,0.01,0.9880701402822282,0.9637517287769726,0.9348862163103416,0.0002993024146637517,0.00037095650014068964,0.0005775980700863003,0.7235106206438605,0.9816378808607688,0.953782184871874,0.9182708953992584,0.0001610690641529,0.0001657973381419,0.0002946836026377,0.0415282225075439,0.0381321732696313,0.0418158526344519,0.0321647791210091,0.0206733698079481,0.0333570498826592
denoise,54,full,0.001,0.05,0.9809554145057301,0.9124413277271762,0.7674638602724858,0.0012591806294944537,0.0013699452277223902,0.0006138779953707283,0.8051731804912273,0.9752052361437172,0.8988951199560268,0.7669392650634902,0.0001741531365441,0.0001927078916101,0.0001064277089159,0.0753997073615124,0.0687532097665799,0.0763111055759434,0.0519538484086456,0.0290113577317684,0.0559895199958452
denoise,54,full,0.001,0.1,0.9657914315823198,0.7412732371539916,0.5764824247700664,0.0012353397468785885,0.001353293815396747,0.0005701126429555922,0.8335590317817467,0.962318225525078,0.7150847519313686,0.5485884850940772,0.000164818823145,0.0001837572149903,8.551696640950326e-05,0.042049599825649,0.036706905256999,0.0360229862951697,0.0523985405332725,0.0409764756525138,0.0481790967012416
denoise,54,full,0.001,0.25,0.9737181557499482,0.9107645600875026,0.8454269541495986,0.0005717765574037577,0.000605038494663176,0.0004043608785530935,0.868762054164565,0.970349317742975,0.8988385668234803,0.8307829259192503,0.0001877849449585,0.0001828091165639,0.0001362372081512,0.0845398593714066,0.0752319713818282,0.0781676871723636,0.090392217949348,0.1050449439083784,0.0889831558283095
denoise,54,full,0.001,1.0,0.9415334226430397,0.8423013232898976,0.7168970871161187,0.00493030235032375,0.004581702505049157,0.005409936240953212,0.9255434755554068,0.9427068724707052,0.8389875099877269,0.7107308879909227,0.003138773808319,0.0031785367008079,0.0025986941131938,0.1864096104996007,0.149723853928163,0.1419697303197264,0.199001509754464,0.199329557724698,0.1883690171742708
denoise,54,full,0.01,0.01,0.8488281407721874,0.6896795878415684,0.5539892056566195,0.0014580185707594277,0.0015520110745815764,0.0008113022000177693,0.6557038799630522,0.8464074229079468,0.6881625326438471,0.5358826836612838,0.0002204743756458,0.0002364910794924,0.0001629113166064,0.295999262199325,0.2795928786611824,0.299713767340696,0.2162256064846383,0.1735474177603866,0.2322773944553365
denoise,54,full,0.01,0.05,0.8123413719347587,0.5375359464462534,0.45708784476523934,0.0012412787085522925,0.0008839637733150399,0.0009171763744145251,0.7636304294380623,0.8075439498428912,0.5511219320801991,0.4622292677266368,0.0009543845145704,0.0005051132912431,0.0005717587736457,0.3494795506955187,0.2831310458850638,0.2937301920542958,0.2279507335160508,0.1460380734236875,0.2383256835069022
denoise,54,full,0.01,0.1,0.7237882559408523,0.6255309358071589,0.4527566888066114,0.0023807560128315535,0.0019465971768108977,0.001620930603380275,0.8345436612585757,0.733662014380262,0.6167354393594047,0.4384510791836072,0.0012777933266769,0.0005313014055668,0.0005175434535394,0.2605908749895647,0.2126691333600142,0.2288218000340514,0.2642089111390575,0.2056213386220937,0.2502223767725766
denoise,54,full,0.01,0.25,0.7341280096611467,0.4835798277531415,0.24490521600055323,0.0006330490266132156,0.0006490184244301334,0.0007076355217420658,0.8413477037537919,0.7498923169951768,0.4895988864708296,0.2397083556680171,0.0001693241197833,0.0001695321659736,0.0001988121636774,0.6496683351304329,0.5460473401697058,0.5741591863521168,0.5994894646004004,0.6273342895221233,0.5942723146739805
denoise,54,full,0.01,1.0,0.6130028730618304,0.5119191490471621,0.39226546484180436,0.005270753569648298,0.004530724397894745,0.005307913723567844,0.9270033673250136,0.6181304808178075,0.5225261391174048,0.4050822618745976,0.0076347763014438,0.0063033802027226,0.0066234350666578,0.96170006933783,0.7198494851785513,0.6774571944492576,0.7005772872888477,0.799726682353627,0.7126970852265196
denoise,71,partial,0.0001,0.01,1.0,1.0,0.9999999999999998,1.0,0.9999999728393816,0.9999999164357533,0.6792244893049688,1.0,1.0000000000000002,1.0,1.0,0.999992015324364,0.9999601374675412,0.0,0.0,0.0,0.0,0.0024114420525667,0.0007299459558738
denoise,71,partial,0.0001,0.05,1.0,1.0,0.9999999999999998,1.0,0.9999999780369214,0.9999999566033807,0.7967045104761891,1.0,1.0000000000000002,1.0,1.0,0.999992031135634,0.9999601408907643,0.0,0.0,0.0,0.0,0.0036278717751989,0.0010981604670602
denoise,71,partial,0.0001,0.1,1.0,1.0,0.9999999999999998,1.0,0.9999998140480691,0.9999998119572738,0.8300269078102727,1.0,1.0000000000000002,1.0,1.0,0.9999920869267066,0.9999585430115931,0.0,0.0,0.0,0.0,0.0065873424980262,0.0019939952574321
denoise,71,partial,0.0001,0.25,1.0,1.0,0.9999999999999998,1.0,0.9999995805298222,0.999999360354747,0.8514051345153011,1.0,1.0000000000000002,1.0,1.0,0.9999909540508146,0.9999521388826208,0.0,0.0,0.0,0.0,0.010929640482089,0.0033084132627465
denoise,71,partial,0.0001,1.0,1.0,1.0,0.9999999999999998,1.0,0.9999902966498685,0.9999791993974146,0.8864501532010806,1.0,1.0000000000000002,1.0,1.0,0.999993121944156,0.999959063056256,0.0,0.0,0.0,0.0,0.0619067617547768,0.0187392395915339
denoise,71,partial,0.001,0.01,1.0,1.0,0.9999999999999998,1.0,0.999996843104562,0.9999927294607642,0.6798485903121022,1.0,1.0000000000000002,1.0,1.0,0.9999910493826408,0.9999569400833268,0.0,0.0,0.0,0.0,0.0231620244054184,0.0070111682868729
denoise,71,partial,0.001,0.05,1.0,1.0,0.9999999999999998,1.0,0.9999984766067447,0.999994179650318,0.7879275954331348,1.0,1.0000000000000002,1.0,1.0,0.9999908562268628,0.9999531565883688,0.0,0.0,0.0,0.0,0.0351154921375445,0.0106294950969438
denoise,71,partial,0.001,0.1,1.0,1.0,0.9999999999999998,1.0,0.9999968852799282,0.999992305502892,0.8277457915309263,1.0,1.0000000000000002,1.0,1.0,0.9999910951106744,0.9999508721603768,0.0,0.0,0.0,0.0,0.0585972778716266,0.0177374554624216
denoise,71,partial,0.001,0.25,1.0,1.0,0.9999999999999998,1.0,0.9999947713307613,0.9999871072866652,0.8636652905278104,1.0,1.0000000000000002,1.0,1.0,0.9999908142558468,0.999947093127568,0.0,0.0,0.0,0.0,0.0844775100924951,0.0255714280128267
denoise,71,partial,0.001,1.0,1.0,1.0,0.9999999999999998,1.0,0.9999372591856536,0.9999153683501922,0.897116366914119,1.0,1.0000000000000002,1.0,1.0,0.9999844839417196,0.9999309828699136,0.0,0.0,0.0,0.0,0.3047311654967215,0.0922424329650842
denoise,71,partial,0.01,0.01,1.0,1.0,0.9999999999999998,1.0,0.9997754436868647,0.9994778565582004,0.6935728565906092,1.0,1.0000000000000002,1.0,1.0,0.9999817310915072,0.9999129788606722,0.0,0.0,0.0,0.0,0.1918642479499409,0.0580775025129785
denoise,71,partial,0.01,0.05,1.0,1.0,0.9999999999999998,1.0,0.9999160859082542,0.9993060272942418,0.7902998582479372,1.0,1.0000000000000002,1.0,1.0,0.999991315702894,0.9999268926779256,0.0,0.0,0.0,0.0,0.2806102210291059,0.0849409986024985
denoise,71,partial,0.01,0.1,1.0,1.0,0.9999999999999998,1.0,0.9998854614792406,0.9989540561278111,0.8276867687312073,1.0,1.0000000000000002,1.0,1.0,0.9999783232231924,0.9998851591494085,0.0,0.0,0.0,0.0,0.4045799903284397,0.1224667735446542
denoise,71,partial,0.01,0.25,1.0,1.0,0.9999999999999998,1.0,0.9999189435481931,0.9994626263332197,0.8680531095216978,1.0,1.0000000000000002,1.0,1.0,0.999985900992784,0.999915499031429,0.0,0.0,0.0,0.0,0.5166647615166275,0.1563949475004764
denoise,71,partial,0.01,1.0,1.0,1.0,0.9999999999999998,1.0,0.9999012971052551,0.9998832416692166,0.8976633931074459,1.0,1.0000000000000002,1.0,1.0,0.999976192952043,0.9999181895698592,0.0,0.0,0.0,0.0,1.3383621714335756,0.4051235871468301
denoise,71,full,0.0001,0.01,0.9998618927135997,0.999497390790838,0.9990928174226064,0.9884024437254352,0.9880941772009584,0.9867204569504224,0.696733193870745,0.9980673994079136,0.997292050635254,0.9964752247538142,0.9740689288249678,0.973809666268974,0.9686190864002938,0.0039716156119796,0.0034857077974657,0.0036270435012037,0.002526309123148,0.0021634120015858,0.0027788398175728
denoise,71,full,0.0001,0.05,0.9997228416701519,0.9988303494956812,0.9979118058086193,0.921997424441075,0.9221154305320021,0.9334943635994263,0.8059848344002081,0.9993655909495788,0.9983645959514572,0.9970082905880492,0.9039295649268704,0.9036188819086448,0.909236778488199,0.0048561400991541,0.004488134916889,0.0044022913252943,0.0044433369949088,0.0034386383682963,0.0043653067866534
denoise,71,full,0.0001,0.1,0.9986289008300684,0.9925512077292898,0.9831856656474862,0.8794402667912528,0.8796054361179488,0.8931553476329157,0.8534906115648554,0.9984824273904525,0.9914665768070658,0.9811703978081696,0.8708052492971338,0.8707108194268598,0.8772815697470521,0.0129741632460123,0.0117114451730171,0.0124398489184485,0.009125180824724,0.005787057994344,0.0096749743830643
denoise,71,full,0.0001,0.25,0.9972548106941462,0.9843648254327285,0.981014664806366,5.5214757693210755e-05,5.5156445871836494e-05,3.665418874677662e-05,0.87863232051639,0.9963921636304632,0.981515144971197,0.9781745238097042,1.71577333341156e-05,1.731856754199817e-05,1.2923233068951118e-05,0.0143637914975264,0.0151698061306135,0.0165763377903232,0.0154891584898964,0.0119245353722842,0.0152846044188845
denoise,71,full,0.0001,1.0,0.9958899658151243,0.9849843831834288,0.9744943314991408,0.7260706487422985,0.7304397689696388,0.7394376059307054,0.9124296152443652,0.9959003313287548,0.984040014672251,0.9733126625993618,0.7685808579064415,0.7713480194792022,0.7637288891547462,0.0353039143052717,0.0263872513649986,0.0241215294268712,0.0481042954138072,0.0400814830034662,0.0431779697529046
denoise,71,full,0.001,0.01,0.9868315364118497,0.967995606340087,0.9347563147990507,0.779702223355099,0.7788308892981451,0.7705043532841106,0.7331004587113609,0.9847030220406604,0.9648436194017136,0.9372427249960564,0.766812272491296,0.7654210328967171,0.7433566112550588,0.0329603326202274,0.0264440572285639,0.0250520466528937,0.0204192214779504,0.0205252398292411,0.0218767440981221
denoise,71,full,0.001,0.05,0.9780787788650795,0.9612465827652708,0.9438080129889567,2.5666591035052576e-05,2.3858401777856974e-05,2.6519397782751313e-05,0.8032626736103562,0.9787377574857704,0.9637662496841668,0.945477697348077,1.919589923174376e-05,1.813628995509649e-05,2.355741672602708e-05,0.0412984688545253,0.0364569703672812,0.0376189857232617,0.0347675090999673,0.0287119774127048,0.0348600829144204
denoise,71,full,0.001,0.1,0.9536319131250054,0.8750449128279257,0.7992427492500849,0.0001010434354900323,8.289148578048928e-05,4.9008732520462964e-05,0.8464698007056989,0.9527603421778076,0.8756483608942791,0.7961049626576345,0.0001179111685505,9.027178712197168e-05,4.8719163455707295e-05,0.0807701124392242,0.0830763458238075,0.0914694815681935,0.0610859874537375,0.0401018491208572,0.0666456138819772
denoise,71,full,0.001,0.25,0.9796279100317774,0.9073675838139286,0.822887750264222,0.001059690982551378,0.0012940264988158246,0.0010165149036262303,0.8873442759829072,0.9777011539674108,0.904971892823598,0.8210898272448903,0.0016663149975963,0.0020110768114433,0.0015853809796397,0.0560541619090785,0.053015315090796,0.0596124250947489,0.0857811460175034,0.0704275670385903,0.0785381513764632
denoise,71,full,0.001,1.0,0.9440991023424402,0.8207204041181777,0.7228727324709575,0.0019913843078959216,0.0017456535051794146,0.0010796985507626844,0.9235496255845654,0.9419607753656912,0.8049839918076435,0.7045159493703117,0.0036366602112336,0.0030542940004722,0.0020456668320101,0.1781607791144706,0.1407410842378718,0.1413246365552113,0.2177837766054493,0.1876891043996809,0.2000263633941735
denoise,71,full,0.01,0.01,0.5794562319636775,0.4342891341693821,0.4234309826201741,0.0004467640892958865,0.0003775281428139367,0.0002937193628529564,0.625475902415778,0.5525249768141833,0.4270831162155676,0.4232604388775883,0.0001211821889523,7.96345719368071e-05,6.570596864410465e-05,0.2777751936724524,0.2052312949756719,0.2187835049595304,0.2122101407107828,0.1702728779224095,0.2095011671083046
denoise,71,full,0.01,0.05,0.7460837283579095,0.5469133479289846,0.3838582956837482,0.00014719641053941414,0.0001360512100558988,7.177875865097708e-05,0.7938696358533884,0.7346651713393907,0.5342769856709,0.3807492936693946,0.0001550009643528,0.0001483452829193,0.0001274223612237,0.3275771748151017,0.2404956200275313,0.2394449678683786,0.2801983421631337,0.1789601477465631,0.2643052204133519
denoise,71,full,0.01,0.1,0.6536971782588492,0.4646700028653183,0.28097717052563714,9.577600224547128e-05,5.750314418060939e-05,5.36931066243404e-05,0.788169063520813,0.6500674488112543,0.424329596660756,0.2439214511477012,4.099330831617856e-05,2.498736623889269e-05,2.6641920711675915e-05,0.4425827970269834,0.3640448621482134,0.3735722978945664,0.3286350978616194,0.2034433642035773,0.3302158671502156
denoise,71,full,0.01,0.25,0.8340224784427107,0.6414533692417177,0.4884287671171853,0.0009758545839642607,0.0008323204108565755,0.0005971176034252947,0.8681006509530459,0.8351169063298659,0.6452587968005584,0.4863926286783653,6.559311166389702e-05,3.804076408417796e-05,3.700843329195738e-05,0.3418465223036231,0.2706647473538109,0.2741807356899547,0.3744801584734137,0.2943860475816963,0.346938262419273
denoise,71,full,0.01,1.0,0.7128776589546217,0.5227611299763056,0.4523939610073804,0.003159827965468997,0.0037548402055679387,0.003180135863440125,0.9283606688644284,0.7135693305869291,0.5201611158187774,0.4540107055907849,0.0019397326087683,0.0028126010635539,0.0024348161530509,0.7174089246385614,0.5594603709835549,0.5188747400244906,0.7334366571615782,0.7411501941156594,0.6953062347237264
simclr,22,partial,0.0001,0.01,1.0,1.0000000000000002,1.0000000000000002,1.0,0.9999852259196922,0.9999879667522655,0.6952266664698542,1.0000000000000002,1.0,1.0000000000000002,1.0000000000000002,0.9973150555578556,0.9981555255008442,0.0,0.0,0.0,0.0,0.0025002674288433,0.0007725054637565
simclr,22,partial,0.0001,0.05,1.0,1.0000000000000002,1.0000000000000002,1.0,0.9999277151048502,0.9999501799083179,0.7981120680458527,1.0000000000000002,1.0,1.0000000000000002,1.0000000000000002,0.998558557933382,0.9987709498776608,0.0,0.0,0.0,0.0,0.0036319892953065,0.0011221725894448
simclr,22,partial,0.0001,0.1,1.0,1.0000000000000002,1.0000000000000002,1.0,0.9998370863837052,0.9998913030859458,0.8326845364570311,1.0000000000000002,1.0,1.0000000000000002,1.0000000000000002,0.9984546271442868,0.9986255288941052,0.0,0.0,0.0,0.0,0.0058966771631968,0.0018218912401244
simclr,22,partial,0.0001,0.25,1.0,1.0000000000000002,1.0000000000000002,1.0,0.9991418067734383,0.9994648457923712,0.8515648007122177,1.0000000000000002,1.0,1.0000000000000002,1.0000000000000002,0.9979091057181096,0.9982247248963853,0.0,0.0,0.0,0.0,0.0138088145360345,0.0042664974770408
simclr,22,partial,0.0001,1.0,1.0,1.0000000000000002,1.0000000000000002,1.0,0.9828488370753082,0.9872210372608626,0.8829840502453205,1.0000000000000002,1.0,1.0000000000000002,1.0000000000000002,0.9851840735542926,0.9882190139576712,0.0,0.0,0.0,0.0,0.0681722288338198,0.021063114546491
simclr,22,partial,0.001,0.01,1.0,1.0000000000000002,1.0000000000000002,1.0,0.9985195739811646,0.9988154087144613,0.6934416702752544,1.0000000000000002,1.0,1.0000000000000002,1.0000000000000002,0.9956076537179348,0.996762521188168,0.0,0.0,0.0,0.0,0.0244555600432768,0.0075560132227125
simclr,22,partial,0.001,0.05,1.0,1.0000000000000002,1.0000000000000002,1.0,0.9936574148609935,0.9956707934354767,0.7973544187639304,1.0000000000000002,1.0,1.0000000000000002,1.0000000000000002,0.99387994058879,0.9953144813215308,0.0,0.0,0.0,0.0,0.0334654790164825,0.0103398000906737
simclr,22,partial,0.001,0.1,1.0,1.0000000000000002,1.0000000000000002,1.0,0.9851275441948069,0.9898136170323543,0.8293750395371724,1.0000000000000002,1.0,1.0000000000000002,1.0000000000000002,0.985409521787271,0.9891609382556708,0.0,0.0,0.0,0.0,0.0597601482031843,0.018464041273864
simclr,22,partial,0.001,0.25,1.0,1.0000000000000002,1.0000000000000002,1.0,0.9363089228043812,0.9551454693780882,0.8446301062805207,1.0000000000000002,1.0,1.0000000000000002,1.0000000000000002,0.942469996065212,0.9588979798918176,0.0,0.0,0.0,0.0,0.1308142352006573,0.0404175610432169
simclr,22,partial,0.001,1.0,1.0,1.0000000000000002,1.0000000000000002,1.0,0.8038832262371624,0.8455513420322394,0.8773571257517908,1.0000000000000002,1.0,1.0000000000000002,1.0000000000000002,0.8370878494394719,0.8697533246400004,0.0,0.0,0.0,0.0,0.3320478803941044,0.1025925462508998
simclr,22,partial,0.01,0.01,1.0,1.0000000000000002,1.0000000000000002,1.0,0.9300676868865323,0.9420534109331262,0.7130168248199191,1.0000000000000002,1.0,1.0000000000000002,1.0000000000000002,0.9340887646725168,0.9452975358872988,0.0,0.0,0.0,0.0,0.2149013128423553,0.0663978726531569
simclr,22,partial,0.01,0.05,1.0,1.0000000000000002,1.0000000000000002,1.0,0.8544864122558965,0.8952256303734137,0.8036212133188425,1.0000000000000002,1.0,1.0000000000000002,1.0000000000000002,0.8732610020345654,0.907227125733387,0.0,0.0,0.0,0.0,0.2764511670909928,0.0854148778550717
simclr,22,partial,0.01,0.1,1.0,1.0000000000000002,1.0000000000000002,1.0,0.8172461970762857,0.8725687663561258,0.8207961095407946,1.0000000000000002,1.0,1.0000000000000002,1.0000000000000002,0.8411552376784003,0.8880550555086452,0.0,0.0,0.0,0.0,0.4326991032211014,0.1336906674641188
simclr,22,partial,0.01,0.25,1.0,1.0000000000000002,1.0000000000000002,1.0,0.766536647158246,0.8332511046468423,0.8367130163587337,1.0000000000000002,1.0,1.0000000000000002,1.0000000000000002,0.796296635427177,0.8531719088697132,0.0,0.0,0.0,0.0,0.6719756158781984,0.2076197245097216
simclr,22,partial,0.01,1.0,1.0,1.0000000000000002,1.0000000000000002,1.0,0.6767563121931665,0.7529130749163144,0.8855453774054691,1.0000000000000002,1.0,1.0000000000000002,1.0000000000000002,0.7082964469531368,0.7810423326940067,0.0,0.0,0.0,0.0,1.571704968484253,0.4856083239580067
simclr,22,full,0.0001,0.01,0.9999120821984773,0.9986015895054176,0.9976823864203821,0.9954072325663528,0.9952388021857382,0.9962902363658123,0.7071688768955888,0.9809168823501307,0.9723317574555128,0.9729888883900636,0.9844464931506683,0.9810309665210452,0.9852489566027282,0.0031905405933423,0.0028515611271511,0.0028780603805332,0.0026501604790672,0.0024015027277305,0.0026818522050049
simclr,22,full,0.0001,0.05,0.9994592567803972,0.9920085776477583,0.9843264492357887,0.977621050365573,0.9769893892969721,0.9794328057074959,0.8100136525667004,0.9902455304469866,0.981839332384311,0.9768604391510118,0.9704460444572046,0.9706939555992852,0.97375511451135,0.0091781145980871,0.0084724723316933,0.0078732544330765,0.0051039033504096,0.0033817758626205,0.005835985486984
simclr,22,full,0.0001,0.1,0.9968495434227054,0.9726038471329588,0.9398726660816793,0.9496236520006544,0.9501226055647645,0.9549851866665865,0.8404071001918169,0.9896521280865764,0.9669266666083256,0.926215684463328,0.9442098364003852,0.9454058176034696,0.9499732124337836,0.0191410674728032,0.0160736743300215,0.014596635609925,0.0085929261741997,0.0049877036689102,0.0103440088551542
simclr,22,full,0.0001,0.25,0.9882639509414882,0.9415044714520842,0.8799017901457113,0.873463736753371,0.8722946894628522,0.8846542094305337,0.8645782420469564,0.9817595267152336,0.9440337049220652,0.8695530775956714,0.8683587776914505,0.8701577999417591,0.8823508718153616,0.038168951477174,0.0290601473048818,0.0256787049670128,0.0153128956672324,0.0088437373437727,0.0185213568532042
simclr,22,full,0.0001,1.0,0.9634401251670789,0.8730908175896431,0.7610485760874268,0.6727637416521045,0.6343365436245162,0.6540015898173244,0.9200928659072788,0.9555041647674436,0.8849010900177282,0.757539688972244,0.6659930266011124,0.6306574195641402,0.6509876191577361,0.0891659809340324,0.0585763985411885,0.058508752742626,0.0446751717952618,0.033636438063256,0.0477704056309385
simclr,22,full,0.001,0.01,0.9919399895010573,0.9451828137130307,0.9254919596050601,0.8409365942720191,0.8200339355695452,0.827244913761951,0.7185838568562065,0.9816471241010516,0.9375600489273858,0.923934123303637,0.8512396694490065,0.8203650691332941,0.8294386301973569,0.0280138798918325,0.0255698434078817,0.0263946411063611,0.0243941140572659,0.0227478418553006,0.0246407278043406
simclr,22,full,0.001,0.05,0.9709170247292975,0.7660274921268329,0.7263260233354882,0.5043239306891087,0.4227011325217148,0.4911439662179164,0.8170731099542354,0.969836339137614,0.8441131407050445,0.7866329651462923,0.6433956946439331,0.5845016857727501,0.6371701372111488,0.0691815314041657,0.0586602402866681,0.0573217345008015,0.0366080994785347,0.0261925535347552,0.0418413740072654
simclr,22,full,0.001,0.1,0.9676646435522144,0.8561487952317529,0.8023376779216024,0.5599682178675408,0.5105767570184641,0.5663088815475604,0.8431420061677972,0.957443517763742,0.8818523332384929,0.8300071892325297,0.5833154277819427,0.5320634968970988,0.5840636468729056,0.092795043852008,0.0769697339638064,0.0758051862354617,0.0521259458997171,0.0359018616129385,0.0575814999768312
simclr,22,full,0.001,0.25,0.9336185020955765,0.8226640523456047,0.7038165645093506,0.28947620869331625,0.2412839995637458,0.24099033643678452,0.8778823507669382,0.9283088661603854,0.8406800140016376,0.7067144510897464,0.2560891088370299,0.2092054425606236,0.2078222879075495,0.1445128581593484,0.1156459392120912,0.1253292935138402,0.0888466466089081,0.0559916138226641,0.0949941394500725
simclr,22,full,0.001,1.0,0.8456994200389061,0.7258222359775096,0.6487259132156121,0.2958639847819712,0.2309996479256506,0.2605700295410906,0.9255434914040872,0.837866425475455,0.7324725409509605,0.6463027997370145,0.3186539252937467,0.2527233802950408,0.2830446289580304,0.2905059548156518,0.2201347275511254,0.2313296287847977,0.2073080488242463,0.1748993390984687,0.2096675958246996
simclr,22,full,0.01,0.01,0.784106403228085,0.5795487648354891,0.5050112914459901,0.12202315316055379,0.10095477468510775,0.11297503830299177,0.7343698095264241,0.7939840536428121,0.6588741286715101,0.5522530007925891,0.1163397689982432,0.0951145663162477,0.1108224496888117,0.3302414915555047,0.2651229345007099,0.2849962323373505,0.2182343064217353,0.1774392345507702,0.2299079719253044
simclr,22,full,0.01,0.05,0.5725898736147248,0.3669059095703735,0.4205832361493366,0.009975055808667697,0.006036812912016107,0.0061529911686463885,0.7922655476433168,0.6058676929480024,0.4257778417415312,0.4620074637629668,0.0108930791188308,0.0065581118592707,0.0068000201986319,0.4377659690700503,0.310116519796046,0.313570777582773,0.2079446141457322,0.1406208270979329,0.2328020095755177
simclr,22,full,0.01,0.1,0.6666226737319976,0.42188921672745255,0.3232271416005358,0.0806633227528872,0.03265462293140202,0.027752403315969627,0.822043745675791,0.677792326378491,0.4816384714157278,0.3472872802597968,0.0259107392151031,0.0106727871639359,0.0110419428404719,0.5145522195724639,0.3946042203760627,0.3683138238357895,0.2854787192755569,0.1880031706712975,0.3045069302885481
simclr,22,full,0.01,0.25,0.7610444207652207,0.6530159024302226,0.6875912824761864,0.24263973229597754,0.22637609908843487,0.24679753944594812,0.8722010942710638,0.7808458718434229,0.7150604130541726,0.7260120588923394,0.0469864974514687,0.0301965469248574,0.0346441957421553,0.7426059241540982,0.5326506120088391,0.562995545537813,0.5230366160259836,0.3298620760462664,0.51623011726951
simclr,22,full,0.01,1.0,0.6478650509061126,0.5765642006439624,0.5502377087961797,0.21770400087761277,0.09942772131432756,0.14275412891038794,0.9320611381641304,0.6364896137144183,0.5934014148971146,0.5500225622900532,0.2489711828889575,0.1078424774397275,0.1561549584706923,1.0125883602085677,0.6909243420462783,0.7300393587437435,0.8257403035968244,0.7892106671972199,0.8007930702522853
simclr,54,partial,0.0001,0.01,1.0,1.0,1.0,0.9999999999999998,0.9999858396792581,0.9999892231449388,0.6901736780192441,1.0,1.0,1.0,1.0,0.9987380769279308,0.998874086129904,0.0,0.0,0.0,0.0,0.0023111392354778,0.000713260224731
simclr,54,partial,0.0001,0.05,1.0,1.0,1.0,0.9999999999999998,0.9999549147890224,0.9999694855757969,0.8034186140903206,1.0,1.0,1.0,1.0,0.9987726564806096,0.9990031757268848,0.0,0.0,0.0,0.0,0.0033625493244985,0.0010377447840632
simclr,54,partial,0.0001,0.1,1.0,1.0,1.0,0.9999999999999998,0.999893796705105,0.9999302464036174,0.832380555257886,1.0,1.0,1.0,1.0,0.998828992410495,0.9990282169528136,0.0,0.0,0.0,0.0,0.0056648857075629,0.0017482882860654
simclr,54,partial,0.0001,0.25,1.0,1.0,1.0,0.9999999999999998,0.9998360059659785,0.9998765378694999,0.8660664126333184,1.0,1.0,1.0,1.0,0.998819537532417,0.9991103818960908,0.0,0.0,0.0,0.0,0.0133670701666538,0.0041253245692452
simclr,54,partial,0.0001,1.0,1.0,1.0,1.0,0.9999999999999998,0.9842727932399754,0.988859109299086,0.8815380928939409,1.0,1.0,1.0,1.0,0.9856091601288304,0.9899238579637122,0.0,0.0,0.0,0.0,0.0699394977832842,0.0215846198881952
simclr,54,partial,0.001,0.01,1.0,1.0,1.0,0.9999999999999998,0.9988419488303418,0.9990967372386792,0.6970404281497085,1.0,1.0,1.0,1.0,0.9974294997369092,0.9978355944104804,0.0,0.0,0.0,0.0,0.0239726073604175,0.0073983890934834
simclr,54,partial,0.001,0.05,1.0,1.0,1.0,0.9999999999999998,0.9959306770990694,0.9972036321056594,0.8074090449900138,1.0,1.0,1.0,1.0,0.995188287634423,0.99654991890782,0.0,0.0,0.0,0.0,0.0337074143607214,0.0104027302089657
simclr,54,partial,0.001,0.1,1.0,1.0,1.0,0.9999999999999998,0.9893459409189819,0.9926965480484361,0.8330496455511209,1.0,1.0,1.0,1.0,0.989374691545497,0.9927201976021178,0.0,0.0,0.0,0.0,0.0585725508218382,0.0180765702563214
simclr,54,partial,0.001,0.25,1.0,1.0,1.0,0.9999999999999998,0.9903630110349266,0.9927888704972262,0.8617083321525025,1.0,1.0,1.0,1.0,0.989369199064028,0.9918379806906747,0.0,0.0,0.0,0.0,0.0847572121623592,0.0261576400359123
simclr,54,partial,0.001,1.0,1.0,1.0,1.0,0.9999999999999998,0.8322402659798479,0.8671152723880023,0.8936416690547415,1.0,1.0,1.0,1.0,0.8677286296261127,0.896206398415181,0.0,0.0,0.0,0.0,0.344955137811692,0.1064595223605524
simclr,54,partial,0.01,0.01,1.0,1.0,1.0,0.9999999999999998,0.9390007032073858,0.9530450787478197,0.7052774376758321,1.0,1.0,1.0,1.0,0.950786265729774,0.960318346037439,0.0,0.0,0.0,0.0,0.221727016724646,0.0684290497734861
simclr,54,partial,0.01,0.05,1.0,1.0,1.0,0.9999999999999998,0.8720991881388648,0.9081969995423381,0.8083329206205189,1.0,1.0,1.0,1.0,0.8922126945079695,0.923431091020526,0.0,0.0,0.0,0.0,0.28527280908166,0.088040454158608
simclr,54,partial,0.01,0.1,1.0,1.0,1.0,0.9999999999999998,0.8292700992859074,0.8801727813758197,0.8346818563783933,1.0,1.0,1.0,1.0,0.8537624987253746,0.89923062898991,0.0,0.0,0.0,0.0,0.3705065818913483,0.114345169606159
simclr,54,partial,0.01,0.25,1.0,1.0,1.0,0.9999999999999998,0.9136314510099809,0.9237358640203744,0.8631839062435567,1.0,1.0,1.0,1.0,0.9236572186377788,0.9332206510207298,0.0,0.0,0.0,0.0,0.5776858137274398,0.1782845044547872
simclr,54,partial,0.01,1.0,1.0,1.0,1.0,0.9999999999999998,0.7075806037506032,0.7701550605730785,0.8890974667175237,1.0,1.0,1.0,1.0,0.7566175465839763,0.8135711640551289,0.0,0.0,0.0,0.0,1.5965718354628708,0.4927315363265385
simclr,54,full,0.0001,0.01,0.9998574094426258,0.9982070714650902,0.995107451616452,0.9951544193070807,0.9949379086767735,0.9961719272949165,0.686100667376638,0.9966612246342686,0.9824634949552444,0.9822763668429724,0.98482202171022,0.9825936214769008,0.9878406692865552,0.0036248928167405,0.0031921307672876,0.003292229291201,0.0028553262728077,0.002469852801782,0.0029188782766023
simclr,54,full,0.0001,0.05,0.9995697951297037,0.9948659356002683,0.9801775593293848,0.9831622955241136,0.9832853022571902,0.9857878420289427,0.8244510135418183,0.9972482813635056,0.9758723545791328,0.9528647052885858,0.9712651591047587,0.9693636169306518,0.976478236791802,0.0093699110630209,0.0081639524340112,0.0078181126093467,0.0048859863849722,0.0031830964246117,0.0056408142582974
simclr,54,full,0.0001,0.1,0.9981476185767092,0.9836018533459776,0.9505976887386786,0.9533190484156667,0.9538283399690066,0.9604328112830954,0.8476841748924726,0.9961943286663744,0.969752094245336,0.9313155223426304,0.943856340777376,0.9428574907034856,0.9525197820229632,0.0190852187874091,0.0154388153420554,0.0148015722940238,0.0084965172169502,0.0048967052807757,0.0102083983074281
simclr,54,full,0.0001,0.25,0.9969885043658118,0.9746482599082821,0.9485703098556043,0.9556510797909976,0.9577311250658133,0.9616209089407913,0.8669612431359539,0.9949194743800404,0.9572954076318572,0.9384863955336464,0.9471477517544185,0.946696834157907,0.9544289334881696,0.0182693415404421,0.015601836964803,0.0152714395039922,0.0115379290437993,0.0099985951909807,0.0124348710686235
simclr,54,full,0.0001,1.0,0.9705395806987808,0.8787826129704148,0.7542556458992626,0.6658463311076835,0.62482770026808,0.6485207839340467,0.9220087399904217,0.9733827709502636,0.8940608803345031,0.740260581137185,0.6674962561436837,0.6312772305548997,0.6534147032046459,0.0830347073578206,0.0569744546371573,0.0559189302193783,0.0430537802159447,0.031439079226014,0.0459061021499237
simclr,54,full,0.001,0.01,0.9906621658251776,0.9041681602845117,0.847675441472664,0.7361962858361721,0.7036554738094492,0.7434948568594922,0.7353167299816463,0.9875918072984212,0.9203535502205998,0.8619332792730724,0.7872363687372781,0.7691320966715224,0.7978709378850785,0.0283746595198633,0.0253937843066124,0.0266161110419377,0.0243454380518197,0.0222812338761058,0.0245776093964284
simclr,54,full,0.001,0.05,0.9856202386615456,0.907537152571846,0.7575830398832164,0.504806241104895,0.47263233622104034,0.5532115818349443,0.8403804093163756,0.9854161533073788,0.915042848559108,0.795303764544651,0.6466962338515492,0.6180745374413368,0.6799910294680654,0.0591418967476912,0.0498544477997281,0.0487927595584795,0.0321613241571065,0.024233206757026,0.0363026682180686
simclr,54,full,0.001,0.1,0.9688569440767628,0.842946627141407,0.7083930183965099,0.5677101023232763,0.5278192936286191,0.5870533909981906,0.8577382790055966,0.967218222183326,0.882882964675277,0.7588257068464666,0.6066269812485829,0.5760817574127257,0.624747377617308,0.0983437483278353,0.0798136376751964,0.0775426148848516,0.0498047087945805,0.0326588200188707,0.0567174603510414
simclr,54,full,0.001,0.25,0.9689842550964425,0.8577889968604359,0.7603504716557239,0.6980005139811444,0.6513820613772838,0.6888911257204808,0.862348708346611,0.9686538251467,0.8678473670791577,0.7901582603453636,0.7131037602022333,0.6754540268584531,0.7026446438872233,0.0789868110315311,0.0667140022859712,0.0647209488226299,0.0508086949329618,0.0454995977494157,0.0542501917567945
simclr,54,full,0.001,1.0,0.8894649367785568,0.7427597005889697,0.5890730726018764,0.21507954186243095,0.15774021897333948,0.19059554275883936,0.9280057963755812,0.8876358107044092,0.757830776883515,0.5809870024272203,0.2215138990648826,0.1698419072433488,0.2023885010861359,0.2881191767921396,0.2158294255974404,0.2211872190453278,0.2028943498443857,0.1659134373802075,0.2042131786988046
simclr,54,full,0.01,0.01,0.8197010261318632,0.5216082075726051,0.4491541007057681,0.07596637819067444,0.060132644718051326,0.06333637713704683,0.7423315793708873,0.8218890468423844,0.557740878282207,0.4881725903883214,0.0699307987100471,0.0573666789438441,0.0578547667308013,0.2822038825648625,0.2430279755485583,0.2451325419057769,0.2018316355120893,0.1839494988667373,0.2110397201457581
simclr,54,full,0.01,0.05,0.5648379860331246,0.3422100177809499,0.2973567959062594,0.03930631116016775,0.024358804888493853,0.028361224342127997,0.7764947564487922,0.5586963149320137,0.3650350707597024,0.3265814287664605,0.0409060988319629,0.0252517274416975,0.0291291012080114,0.5373475175653026,0.4443640637462264,0.4885712579457994,0.3610868233777337,0.1854850666225166,0.3767790347491631
simclr,54,full,0.01,0.1,0.4327029917460228,0.27644130750327695,0.17746575695149713,0.06179661336983595,0.07128960396033114,0.06573344123000843,0.784670094771819,0.4492029259784967,0.3196466726673687,0.2529958717583568,0.0754679812377674,0.1017117614646689,0.0942501971937928,0.2919501569644977,0.2938127226985172,0.3956855032619885,0.3297842192790244,0.158914587423646,0.3219958585632519
simclr,54,full,0.01,0.25,0.7530587096254356,0.6017576573353469,0.5863769150491083,0.18400318694320342,0.1320113728372552,0.14329587212706701,0.8109888575987362,0.754979384898969,0.6407285997964378,0.610151754471541,0.2173088951483998,0.1587422940180133,0.167181560818792,0.5181313894441619,0.3703637667887726,0.4468307711507404,0.4908050650779235,0.4448463818859745,0.4707943349012836
simclr,54,full,0.01,1.0,0.698507218804905,0.6611964772271954,0.5439924216559865,0.06196556871643297,0.05929845381652833,0.05191519138729543,0.9330180397714224,0.6947061527007403,0.6781446369266603,0.5393965601154518,0.0570430364434036,0.0497833516473701,0.0442130948529371,1.0170795704099342,0.7403218371232541,0.827344994969692,0.9015737851921294,0.7696698587748202,0.8671728426586777
simclr,71,partial,0.0001,0.01,0.9999999999999998,1.0,1.0,1.0,0.9999782788924815,0.999985508645632,0.693339834958438,1.0,1.0,1.0,1.0,0.9973808305830452,0.997742961602972,0.0,0.0,0.0,0.0,0.0025156853017538,0.0007757137962966
simclr,71,partial,0.0001,0.05,0.9999999999999998,1.0,1.0,1.0,0.9999371101944072,0.999958068260354,0.7993890307913539,1.0,1.0,1.0,1.0,0.9982165850320353,0.998487743276474,0.0,0.0,0.0,0.0,0.0034084462044257,0.0010509974132554
simclr,71,partial,0.0001,0.1,0.9999999999999998,1.0,1.0,1.0,0.9998106906762374,0.9998805437323617,0.8413044025113063,1.0,1.0,1.0,1.0,0.9983422382890998,0.99865204153549,0.0,0.0,0.0,0.0,0.004680378719465,0.0014431989335276
simclr,71,partial,0.0001,0.25,0.9999999999999998,1.0,1.0,1.0,0.9989533026650542,0.9993176443496234,0.8599038637952792,1.0,1.0,1.0,1.0,0.9982040328296686,0.998484075009085,0.0,0.0,0.0,0.0,0.0117598330758515,0.0036261549696714
simclr,71,partial,0.0001,1.0,0.9999999999999998,1.0,1.0,1.0,0.9763371844565228,0.983345152409995,0.8800375637077082,1.0,1.0,1.0,1.0,0.9785791541733618,0.9842681387305676,0.0,0.0,0.0,0.0,0.06883518796065,0.0212253913216112
simclr,71,partial,0.001,0.01,0.9999999999999998,1.0,1.0,1.0,0.9977505799380842,0.9984850097380683,0.6960503750239492,1.0,1.0,1.0,1.0,0.9945661200242156,0.9960016525987828,0.0,0.0,0.0,0.0,0.024514762810277,0.0075591488774907
simclr,71,partial,0.001,0.05,0.9999999999999998,1.0,1.0,1.0,0.9947267446614089,0.9965391451898062,0.799910004875069,1.0,1.0,1.0,1.0,0.994068139151305,0.9954259651782934,0.0,0.0,0.0,0.0,0.0328970156985807,0.0101438239976147
simclr,71,partial,0.001,0.1,0.9999999999999998,1.0,1.0,1.0,0.9886012810196453,0.9925331731954125,0.8435526021728933,1.0,1.0,1.0,1.0,0.988691621694265,0.9919063591258896,0.0,0.0,0.0,0.0,0.0468303249912757,0.0144401722884272
simclr,71,partial,0.001,0.25,0.9999999999999998,1.0,1.0,1.0,0.950993104518245,0.9651055130858028,0.859275547686391,1.0,1.0,1.0,1.0,0.9564807372929351,0.9676210440319192,0.0,0.0,0.0,0.0,0.1090962021782533,0.0336399108005453
simclr,71,partial,0.001,1.0,0.9999999999999998,1.0,1.0,1.0,0.7921529012245592,0.8421134264241648,0.8910209677575868,1.0,1.0,1.0,1.0,0.8298713177397393,0.8679674699883615,0.0,0.0,0.0,0.0,0.3222640391014041,0.0993704025725991
simclr,71,partial,0.01,0.01,0.9999999999999998,1.0,1.0,1.0,0.8897649979706457,0.9234381901267876,0.7162637241682135,1.0,1.0,1.0,1.0,0.9036725837621408,0.9332654366408656,0.0,0.0,0.0,0.0,0.219329404277113,0.0676304165360723
simclr,71,partial,0.01,0.05,0.9999999999999998,1.0,1.0,1.0,0.9068253261420424,0.936320203788565,0.7887861497636807,1.0,1.0,1.0,1.0,0.9128744821033676,0.9391275295103444,0.0,0.0,0.0,0.0,0.2260649202001356,0.0697073188509294
simclr,71,partial,0.01,0.1,0.9999999999999998,1.0,1.0,1.0,0.793501526418371,0.8633105402944572,0.8451473300102802,1.0,1.0,1.0,1.0,0.8202775109644265,0.8793112939840142,0.0,0.0,0.0,0.0,0.3721053023029145,0.1147390003313535
simclr,71,partial,0.01,0.25,0.9999999999999998,1.0,1.0,1.0,0.7631854995332185,0.8310484656881958,0.8588770366749113,1.0,1.0,1.0,1.0,0.7915711667838301,0.8501779062025004,0.0,0.0,0.0,0.0,0.6084573155952501,0.1876183534704526
simclr,71,partial,0.01,1.0,0.9999999999999998,1.0,1.0,1.0,0.6577653126307677,0.7442038342608719,0.892011114468356,1.0,1.0,1.0,1.0,0.712567799437746,0.788388308479539,0.0,0.0,0.0,0.0,1.5720208238234854,0.4847340167132166
simclr,71,full,0.0001,0.01,0.9998757351733685,0.99888220942925,0.9982572742147524,0.9950508162689139,0.9947516301800909,0.9959457961716589,0.7149903267638729,0.991995671016526,0.974805553742558,0.9832215504100664,0.9727117546548366,0.9682688864090768,0.9772635714183124,0.0030820736418744,0.0029227231568714,0.0030933024632958,0.0027873995530947,0.002454543327389,0.0028116725323704
simclr,71,full,0.0001,0.05,0.998931533656173,0.9905466328266785,0.9811514057081749,0.9834099880004642,0.9836444044707219,0.9860269386753426,0.7925238904102616,0.9914169260813418,0.9736107442858128,0.9765908693982636,0.9745861167458216,0.9753589053950196,0.979145866026278,0.0086360684484084,0.006979294483467,0.006720739195651,0.0043883241229496,0.0030376047273465,0.0049849997208121
simclr,71,full,0.0001,0.1,0.996824948700017,0.9726440939578783,0.9288337660557519,0.9460836229151378,0.9475117509722087,0.9570367769162295,0.846638139545092,0.9910277014410556,0.9608353902880632,0.9389171064345097,0.9341239653471988,0.9392874236302782,0.9513934353009116,0.0180864880086869,0.0147132848857804,0.0131644929944637,0.0078810912141558,0.0049807932047398,0.0094782426654441
simclr,71,full,0.0001,0.25,0.9925387337914858,0.9474913481814313,0.8719914080638446,0.8941536907273012,0.8952131520927682,0.9105512490409164,0.8830253597728889,0.9832878715466546,0.9442416496726642,0.8915594229492618,0.8804698808504333,0.8880237695823815,0.9044676600388712,0.0321623429575463,0.0237823477548318,0.0216082580051446,0.0137306702120333,0.0083894196260538,0.0160107704879761
simclr,71,full,0.0001,1.0,0.9697397596619746,0.8707075711817085,0.7126699822123242,0.6702156434544249,0.651231045309866,0.6729794010372615,0.9251969707667572,0.967087909429587,0.8818236119153906,0.7257472258398794,0.6650498082010818,0.6517697833840692,0.6700304788962244,0.0853146774165717,0.0583811927865888,0.0572628407675697,0.0440657300665005,0.0321323018251336,0.0470235204995678
simclr,71,full,0.001,0.01,0.9894985288567983,0.9411774323289214,0.8611933740904705,0.7334877537797148,0.7252754253899805,0.7375428769181254,0.6917302479767167,0.9839355435211092,0.937033358123575,0.8575185220828362,0.6732084079916318,0.6602791004440471,0.6735451916323235,0.0293477349930658,0.0265108451624416,0.0276632586714178,0.025371735855235,0.0234086939897256,0.0256258869630376
simclr,71,full,0.001,0.05,0.9832294897077973,0.8966726982330453,0.796743029209861,0.7822035456185967,0.7719218718602407,0.7882816067071257,0.8011582605204548,0.973964465449766,0.881227106648708,0.8011739569664339,0.7925828501044043,0.785982561109787,0.7984864243977157,0.0561575976340688,0.0449537257721628,0.0439414331370049,0.0321515080904353,0.0249008369396362,0.0349226432031606
simclr,71,full,0.001,0.1,0.946833510573233,0.8297148966230773,0.6814903649574131,0.6273600303765813,0.5980027596213051,0.6433772274285504,0.8642003298649228,0.9410895386768008,0.8380746722547338,0.6832026789587005,0.493051965115073,0.4753665535178765,0.5140299412633625,0.0927506848092344,0.075355687292308,0.074952084312716,0.0490733014718082,0.0316060828958609,0.0551311341352357
simclr,71,full,0.001,0.25,0.9202186358391691,0.8210562477472494,0.7975907651566877,0.6225779536412698,0.5745847167642898,0.6052943766760617,0.8923389726974588,0.9036156073425684,0.8385064725632649,0.8013140264014124,0.5615093073335338,0.5284439435802839,0.557924180809515,0.1469735144553515,0.1154645853009755,0.122386752427149,0.0813320723986261,0.0558877414995934,0.0898770587609899
simclr,71,full,0.001,1.0,0.8914727200897101,0.7539565571506778,0.6202878283554856,0.4488501555322295,0.36875468171992887,0.4114502766494043,0.9231398669249796,0.875209403046869,0.7500364422474147,0.6234787770602295,0.4500006781817009,0.3772186352097624,0.4188960799649835,0.2838385380810637,0.2182337922865176,0.2317751242429529,0.203346169922815,0.1670415109572503,0.2061712912605428
simclr,71,full,0.01,0.01,0.6880176700084094,0.38091926381176083,0.141819262441458,0.037679588272857674,0.025672722016056315,0.02638034645714732,0.6225276615400208,0.6918528073367682,0.3639586004989553,0.1312743062605222,0.0266513726113128,0.0182975221275843,0.0197870814732372,0.4070158677902754,0.3770923377346196,0.4066075549700287,0.3037360029717084,0.1793369302576866,0.3174362335657674
simclr,71,full,0.01,0.05,0.5346188796371154,0.2594137698696589,0.15573899049405066,0.005804920208360978,0.004720439327985916,0.0041325236990125405,0.7792883939955015,0.5230481952891525,0.2648384927477765,0.162938819554056,0.0052510777676853,0.0043967146486532,0.0040591502520905,0.3289326055217373,0.2959697919255388,0.3205081181856978,0.2113925972731678,0.146616909134682,0.2327378515241418
simclr,71,full,0.01,0.1,0.674251194157402,0.5760114889331,0.2882258302647125,0.003440383969469052,0.0030031843449697293,0.002842158587964314,0.8184232232406914,0.6750307903076641,0.5931648019087526,0.2981822666556006,0.0028882173263756,0.002755402710311,0.0025561648117756,0.6194420275328387,0.4578865775761283,0.3746714262264374,0.3205378609876145,0.1918086620663963,0.3384908179166743
simclr,71,full,0.01,0.25,0.7312413643687026,0.6836804081526857,0.6622487902572112,0.16610165838095536,0.07883021494888676,0.09484189135317524,0.8521474901889244,0.7255882398150155,0.7163757165560987,0.6655225623078244,0.1660962377872786,0.080467225417487,0.0966631207952124,0.5680926671423688,0.4126022097590454,0.4940165854751864,0.528684830083616,0.2842374535518879,0.4955768306342067
simclr,71,full,0.01,1.0,0.6759206040825023,0.6487549210649828,0.5313764089950422,0.3871563425735168,0.32065255083382876,0.37163066550425405,0.9257068475039544,0.6526183432365852,0.6605835200501066,0.5264927397300303,0.3637370702402746,0.3414310702487388,0.3826525933211092,0.8571437317585846,0.5393126716657499,0.5037740849802257,0.6842509290619152,0.7391398745586081,0.6597447101890714
byol,22,partial,0.0001,0.01,0.9999999999999999,1.0,0.9999999999999998,1.0000000000000002,0.9999860419653961,0.9999877943350339,0.7689749921902418,1.0,1.0,1.0,1.0,0.9997746116806924,0.999579150611452,0.0,0.0,0.0,0.0,0.0029583151798568,0.00089398026473
byol,22,partial,0.0001,0.05,0.9999999999999999,1.0,0.9999999999999998,1.0000000000000002,0.9999775501328811,0.9999770761193331,0.8127852525424792,1.0,1.0,1.0,1.0,0.9996851387601275,0.9994334241805856,0.0,0.0,0.0,0.0,0.0031497643323763,0.0009518347371733
byol,22,partial,0.0001,0.1,0.9999999999999999,1.0,0.9999999999999998,1.0000000000000002,0.9999722701757302,0.9999774872489896,0.8231948803079788,1.0,1.0,1.0,1.0,0.99957840792406,0.9992569356167624,0.0,0.0,0.0,0.0,0.0067113162284499,0.0020281085326706
byol,22,partial,0.0001,0.25,0.9999999999999999,1.0,0.9999999999999998,1.0000000000000002,0.999956801450862,0.9999646718733045,0.845549615758694,1.0,1.0,1.0,1.0,0.9996197733228582,0.999323299036779,0.0,0.0,0.0,0.0,0.0046844463524674,0.0014156039284817
byol,22,partial,0.0001,1.0,0.9999999999999999,1.0,0.9999999999999998,1.0000000000000002,0.9993520866635605,0.9991241785137471,0.8843111249962291,1.0,1.0,1.0,1.0,0.9996004708223186,0.999251994382864,0.0,0.0,0.0,0.0,0.0564947099772881,0.0170722700965849
byol,22,partial,0.001,0.01,0.9999999999999999,1.0,0.9999999999999998,1.0000000000000002,0.9988782811226092,0.9990251762195487,0.7722977346589514,1.0,1.0,1.0,1.0,0.9998775334702784,0.9997227980062264,0.0,0.0,0.0,0.0,0.0285444154844003,0.0086259044624662
byol,22,partial,0.001,0.05,0.9999999999999999,1.0,0.9999999999999998,1.0000000000000002,0.9983358788334742,0.9981799935520108,0.8166105417976904,1.0,1.0,1.0,1.0,0.9997874168427772,0.9995876844627876,0.0,0.0,0.0,0.0,0.0291988715832618,0.0088236760996798
byol,22,partial,0.001,0.1,0.9999999999999999,1.0,0.9999999999999998,1.0000000000000002,0.9980673304810365,0.9982326835390745,0.8244041946391995,1.0,1.0,1.0,1.0,0.9996180187675854,0.9992338958803652,0.0,0.0,0.0,0.0,0.0681702679765772,0.0206005345973202
byol,22,partial,0.001,0.25,0.9999999999999999,1.0,0.9999999999999998,1.0000000000000002,0.996041176351974,0.9960849459127304,0.8452705208779236,1.0,1.0,1.0,1.0,0.9996897492850684,0.9994366500493528,0.0,0.0,0.0,0.0,0.0690350634075883,0.0208618691750612
byol,22,partial,0.001,1.0,0.9999999999999999,1.0,0.9999999999999998,1.0000000000000002,0.9785997097680268,0.9765843596517739,0.901004051822317,1.0,1.0,1.0,1.0,0.9984005047641632,0.997779878227192,0.0,0.0,0.0,0.0,0.3566992570297493,0.1077917925715734
byol,22,partial,0.01,0.01,0.9999999999999999,1.0,0.9999999999999998,1.0000000000000002,0.980335642468271,0.978056237965058,0.7581106545950259,1.0,1.0,1.0,1.0,0.9986522468999108,0.9987211187488622,0.0,0.0,0.0,0.0,0.2319632821136111,0.0700975331376324
byol,22,partial,0.01,0.05,0.9999999999999999,1.0,0.9999999999999998,1.0000000000000002,0.9707945703553172,0.9663435182285585,0.8097799985123864,1.0,1.0,1.0,1.0,0.9989612725396284,0.9985714901145176,0.0,0.0,0.0,0.0,0.2570844912435729,0.0776889707712077
byol,22,partial,0.01,0.1,0.9999999999999999,1.0,0.9999999999999998,1.0000000000000002,0.9605892216642415,0.9624270601508284,0.823115976674745,1.0,1.0,1.0,1.0,0.998040434541284,0.9982066972560952,0.0,0.0,0.0,0.0,0.4801641356004648,0.1451019363929807
byol,22,partial,0.01,0.25,0.9999999999999999,1.0,0.9999999999999998,1.0000000000000002,0.9581356932691392,0.9581271910136183,0.8549068572958284,1.0,1.0,1.0,1.0,0.997738700037052,0.998081850355546,0.0,0.0,0.0,0.0,0.54668831892616,0.1652050367743717
byol,22,partial,0.01,1.0,0.9999999999999999,1.0,0.9999999999999998,1.0000000000000002,0.942190068230697,0.9427054240019491,0.8923159670604732,1.0,1.0,1.0,1.0,0.9959054027873728,0.9956619363013685,0.0,0.0,0.0,0.0,1.6459762324761948,0.4974014527145947
byol,22,full,0.0001,0.01,0.9998021575357325,0.9980992703501755,0.9861598440109933,0.7651435904749726,0.7539147008989994,0.778162849545657,0.7528383762084708,0.9950803601070436,0.988801176760487,0.9774310207323416,0.6861101087802578,0.6826343116435348,0.6910759844145594,0.0041274232495542,0.0034176981913453,0.0030966293923502,0.002467788351314,0.0022193960172937,0.0026622016253724
byol,22,full,0.0001,0.05,0.9998241226156243,0.9965989881517672,0.9824423626232465,0.20245611031067978,0.19187228663628714,0.223666936967331,0.8169149129872182,0.9957308196856548,0.9892095049369444,0.9705111143488568,0.1572393418966872,0.1501111706802512,0.1615768572856157,0.0057305578820831,0.0055910219713724,0.0060201352858886,0.0043742140477335,0.0027765205204901,0.0046352272459886
byol,22,full,0.0001,0.1,0.9993041713017741,0.9936308239560802,0.979358721567027,0.545641901941655,0.5332731904431273,0.57568667434768,0.8288104267355888,0.99326438186113,0.9766311199833764,0.95514531525222,0.3425438652943803,0.3091250057417284,0.3365763112146049,0.008982063622732,0.0081992723813034,0.0080122434552607,0.0064753344094459,0.0043033189114811,0.0067396698124005
byol,22,full,0.0001,0.25,0.9973497426139201,0.9808238327574585,0.9517506606673581,0.6888788658957937,0.6701308934100487,0.6908694213550353,0.8691258903420618,0.991775524663264,0.9650606983797398,0.9209970980899008,0.4476120354094363,0.4135002184768888,0.4070565235419215,0.0185927195111919,0.0165875847565295,0.017033567111758,0.0148322844839459,0.0094109279401304,0.0149390208377236
byol,22,full,0.0001,1.0,0.9778576458423847,0.9424982339695651,0.8617313521806932,0.3872960192401941,0.351357430078038,0.39179900532995077,0.9253660112631727,0.9750098627331372,0.929616295858714,0.8271493422080374,0.1868642300352016,0.1571614021400558,0.170878461589433,0.0653001115865083,0.0497418298492883,0.0511948594554914,0.0469054133851881,0.0393317812890498,0.0473124559683007
byol,22,full,0.001,0.01,0.987245015931381,0.9451224816517059,0.8448232556469478,0.47978718847077306,0.4655079853280171,0.5042233964936681,0.762216903968249,0.988384770730878,0.950342407078726,0.852813912932492,0.355193382990913,0.3406880343641296,0.3592013511625444,0.0400262379317328,0.0360829126518499,0.037666349566641,0.028709256921361,0.0212175865055463,0.0302816517366974
byol,22,full,0.001,0.05,0.9899967201747538,0.9406383250661887,0.8957856240335184,0.09479789389907517,0.08577811635323067,0.10038558079946003,0.8073943368910634,0.988507467053942,0.9454164737661298,0.8789176056514438,0.0818481136526925,0.0789260804065277,0.082206383353942,0.0377511669260305,0.033643095176462,0.0348673527560325,0.0305400541675557,0.0232197470214178,0.0309094043724714
byol,22,full,0.001,0.1,0.9873397614737762,0.9449713973665148,0.8802394936171091,0.5368651784331931,0.4956689943208084,0.5090916935947778,0.8483006105069312,0.9813232324765472,0.9423626530933902,0.8796969374610103,0.2960953604303674,0.2538093431310863,0.2640604214616191,0.0475742861777041,0.0440281985423881,0.047741231782812,0.0483465176181849,0.0362422555591259,0.0468427981481426
byol,22,full,0.001,0.25,0.9763736392756324,0.9388362418421972,0.8037898278403185,0.26654483521447203,0.25108204060533923,0.30298148249534446,0.8856815209235213,0.9722689249427272,0.9301547027069484,0.7658270761764622,0.1072727416350585,0.0788635946009211,0.0914560857000438,0.0830061032530836,0.0827891385599989,0.0966086669606173,0.0944895051635817,0.0802503815226496,0.0922409374081904
byol,22,full,0.001,1.0,0.9099942106017473,0.8240968883333671,0.6247352206837302,0.17714654866880908,0.1660102976317853,0.20271933621313654,0.92938628661069,0.9001161301731223,0.8085065912032844,0.596794427961983,0.0488189861474959,0.0617890343816438,0.0562996669537804,0.2136199114779947,0.1738239808351018,0.1880382156682536,0.2111651129256069,0.222000900381255,0.2060153877941419
byol,22,full,0.01,0.01,0.8539164253373399,0.45846072741830834,0.3322301860846525,0.02343726479868877,0.019775114232863773,0.026465183015939423,0.7094125639000987,0.8647505168411361,0.4974070495429061,0.3429174559541743,0.0269243160751985,0.0225652532403269,0.0323864766562164,0.2236472363405096,0.1928193576558171,0.2109597111051404,0.1649699323503319,0.1537358710307521,0.1736810089867982
byol,22,full,0.01,0.05,0.8015737774831072,0.6172919930245203,0.4229908970561257,0.0031984108801465954,0.0023980966275852205,0.002701439817012278,0.7978543873887712,0.8006200639234383,0.6685995518825666,0.4963944567115145,0.004436331265654,0.0012468468022271,0.0014311800157666,0.3981877895420517,0.3286502523414343,0.3486459809904441,0.2435998361718948,0.179352829260268,0.2649072206698672
byol,22,full,0.01,0.1,0.7223015903359709,0.4425174463611816,0.30429310469580934,0.044954482700566595,0.03270261554767757,0.03956191201139674,0.8360045946486302,0.7345731618447786,0.4684328165982524,0.3151294320086272,0.0497558599488385,0.0386728237067313,0.0444823294076564,0.4783965682519723,0.3901446095576955,0.4203896918236411,0.4131202627050704,0.2816468855440188,0.4020570504466312
byol,22,full,0.01,0.25,0.6134949151981156,0.7829008466220744,0.723768950250952,0.025387132299931843,0.039131273484431954,0.04970661860828451,0.8845020726830687,0.6209230649783147,0.7962854331719295,0.7382109899467575,0.0063271007991867,0.008216618668604,0.0101083770733003,0.5962883460434669,0.539073531399835,0.5383949497552433,0.436930236499025,0.4643977210354483,0.4655898744723912
byol,22,full,0.01,1.0,0.7150587594925703,0.7162083181651764,0.590772546130262,0.22218943997251078,0.19286961665991512,0.24959456672522037,0.9331615128369118,0.6976837361397703,0.704568077348873,0.5543124835615298,0.044964173750729,0.049937615565842,0.0561303377530716,1.0075121611767996,0.8162101629307292,0.9150868618581128,0.901223584399705,0.8720387789846916,0.8927209347322741
byol,54,partial,0.0001,0.01,0.9999999999999999,1.0,1.0,1.0,0.9999717123754788,0.9999736647847135,0.7699184767979059,1.0,1.0,0.9999999999999998,1.0,0.9989849240195928,0.9986438454179482,0.0,0.0,0.0,0.0,0.0024941894166629,0.0007490558466326
byol,54,partial,0.0001,0.05,0.9999999999999999,1.0,1.0,1.0,0.9999089574717536,0.9999353562271427,0.8179592679768589,1.0,1.0,0.9999999999999998,1.0,0.9991476825937814,0.9987928245445068,0.0,0.0,0.0,0.0,0.0033162654919885,0.0009959420239556
byol,54,partial,0.0001,0.1,0.9999999999999999,1.0,1.0,1.0,0.9997963990370833,0.9998635228090051,0.8325170420012094,1.0,1.0,0.9999999999999998,1.0,0.9987240366266388,0.9982222994657696,0.0,0.0,0.0,0.0,0.0071876415967637,0.0021585950632247
byol,54,partial,0.0001,0.25,0.9999999999999999,1.0,1.0,1.0,0.9999674258455187,0.9999717141203941,0.8540198499811384,1.0,1.0,0.9999999999999998,1.0,0.9982824673574976,0.9977905232901646,0.0,0.0,0.0,0.0,0.0078208329372631,0.0023487553102651
byol,54,partial,0.0001,1.0,0.9999999999999999,1.0,1.0,1.0,0.9970079820366328,0.9975061888866921,0.877550789174879,1.0,1.0,0.9999999999999998,1.0,0.997974291160846,0.9970269671206954,0.0,0.0,0.0,0.0,0.0583061476112091,0.0175105228460301
byol,54,partial,0.001,0.01,0.9999999999999999,1.0,1.0,1.0,0.9981199036520952,0.9981235485361675,0.761140431884462,1.0,1.0,0.9999999999999998,1.0,0.9995927306953536,0.9993680778175198,0.0,0.0,0.0,0.0,0.0238585648480175,0.0071652126226975
byol,54,partial,0.001,0.05,0.9999999999999999,1.0,1.0,1.0,0.9943547412643113,0.9959355823955369,0.8221675809783379,1.0,1.0,0.9999999999999998,1.0,0.9995133281358544,0.9992337460590844,0.0,0.0,0.0,0.0,0.0369250499812643,0.0110893440533778
byol,54,partial,0.001,0.1,0.9999999999999999,1.0,1.0,1.0,0.990887416601949,0.9932688309662545,0.8345623477411156,1.0,1.0,0.9999999999999998,1.0,0.999217143736676,0.999104575842616,0.0,0.0,0.0,0.0,0.0633452789883034,0.0190238765611671
byol,54,partial,0.001,0.25,0.9999999999999999,1.0,1.0,1.0,0.9979787626122122,0.9970185335981658,0.8580035880217213,1.0,1.0,0.9999999999999998,1.0,0.9987088492077204,0.9983499825200872,0.0,0.0,0.0,0.0,0.1377611926321767,0.0413724900325661
byol,54,partial,0.001,1.0,0.9999999999999999,1.0,1.0,1.0,0.938725222096894,0.9469062962319053,0.8901703413387065,1.0,1.0,0.9999999999999998,1.0,0.9910900998454956,0.9907014954322196,0.0,0.0,0.0,0.0,0.3628409807477185,0.108968531504171
byol,54,partial,0.01,0.01,0.9999999999999999,1.0,1.0,1.0,0.9636296897898109,0.9613646163316922,0.7637251105695699,1.0,1.0,0.9999999999999998,1.0,0.9975397327331438,0.997579346729952,0.0,0.0,0.0,0.0,0.200161319906842,0.0601125182972384
byol,54,partial,0.01,0.05,0.9999999999999999,1.0,1.0,1.0,0.9654279671979222,0.9660500381364829,0.8225628733566756,1.0,1.0,0.9999999999999998,1.0,0.993007458658737,0.99368432854681,0.0,0.0,0.0,0.0,0.2850413187683652,0.0856037095374221
byol,54,partial,0.01,0.1,0.9999999999999999,1.0,1.0,1.0,0.8894146384453914,0.9197784845758038,0.8298975028952846,1.0,1.0,0.9999999999999998,1.0,0.9873236425646088,0.9907413516368948,0.0,0.0,0.0,0.0,0.4614049175435476,0.1385692878183513
byol,54,partial,0.01,0.25,0.9999999999999999,1.0,1.0,1.0,0.9749351695535141,0.9696533015011819,0.8611117098482108,1.0,1.0,0.9999999999999998,1.0,0.9984670733034372,0.9975889984917492,0.0,0.0,0.0,0.0,0.5602741854713162,0.1682617412859277
byol,54,partial,0.01,1.0,0.9999999999999999,1.0,1.0,1.0,0.8485428660689487,0.8645040708593528,0.8895404573768517,1.0,1.0,0.9999999999999998,1.0,0.9814826257082512,0.981104385880996,0.0,0.0,0.0,0.0,1.6612091985846875,0.4988949333064893
byol,54,full,0.0001,0.01,0.9999289534471127,0.9994513829376238,0.9984846378130986,0.88512487043874,0.8477045125585515,0.8697267473234377,0.7612860539619232,0.9972988903713994,0.99103845590963,0.9900673150026608,0.8325543340531677,0.8021376462294904,0.8114429224765637,0.0024230684750787,0.002273310379008,0.0025632694337555,0.0025574014445506,0.0021592379791956,0.0024944975458721
byol,54,full,0.0001,0.05,0.9997282514224188,0.9962017173599862,0.9866829683956762,0.6546911377564467,0.5853143379304675,0.6466186325963373,0.8251209303832109,0.9979778740749262,0.9890728842134314,0.9782190395640508,0.4207416150964536,0.3484373221458197,0.3717685844930185,0.006224078088725,0.0058811731382524,0.0062936146367857,0.004442530669872,0.0031212788307311,0.0047834807345699
byol,54,full,0.0001,0.1,0.9990637800561574,0.9891139764310257,0.970183895087169,0.36488436282693476,0.29167312886093233,0.33430142661237694,0.8285894588525639,0.9966850808500852,0.977810609044078,0.9574347680644112,0.2784495901125563,0.2328247773620635,0.2479294880361896,0.0109915018492626,0.0093031574330436,0.0089173747611219,0.0071538554800856,0.0052137862382132,0.0075302413496504
byol,54,full,0.0001,0.25,0.9963882895477735,0.9786197111638022,0.9494551028143783,0.5260769333626123,0.4444545833878726,0.5120472681021319,0.8524743014758441,0.9937916740273488,0.9698737258822112,0.936679480854987,0.4074838898536699,0.3288699410576571,0.3583356834366556,0.0179335505114167,0.0159320782362905,0.0171057026510274,0.0165409395312337,0.0157263112912597,0.0164862711096993
byol,54,full,0.0001,1.0,0.9752461281323292,0.9390049720755166,0.8969709362598989,0.16773304406530024,0.1312064255291481,0.1434246534569509,0.9150789665500244,0.9775809031175556,0.9374903394617636,0.8871358376404492,0.097205308716875,0.0663942359036041,0.0743811548483178,0.0598114411373592,0.0425051504375307,0.0441302318040547,0.0455436386679125,0.0391727823239933,0.044691904920776
byol,54,full,0.001,0.01,0.9889956820868805,0.9176346914614081,0.7513962863026434,0.2940946531642336,0.33251200296589445,0.3303305157025742,0.7379981612353274,0.9878211687824726,0.8993845077786287,0.7359470225789936,0.2580042651775754,0.2746116694481356,0.2681878524792075,0.0408185302179521,0.0354254512952311,0.0352805051084483,0.0232091208689444,0.0181005770464184,0.0262262532430129
byol,54,full,0.001,0.05,0.9931510315234027,0.9397445621587334,0.8680936055466197,0.2053177988962057,0.14907658695309073,0.19235484544280956,0.8224477541931148,0.9912775254143632,0.939092073854424,0.8687735707822404,0.0609056535492386,0.0480211961779835,0.047134360546484,0.0416082689027002,0.0375517741751718,0.0386554363834545,0.0302845306344547,0.0228243550925427,0.0317496444172965
byol,54,full,0.001,0.1,0.9769897317332413,0.9117916427375761,0.8964343706636603,0.34493911666859467,0.3198566709542859,0.3259636572083782,0.8345472991342757,0.9793021196374352,0.8977454049903246,0.8796162173831805,0.3652818894876011,0.3389907626025912,0.3533996780739921,0.0583144083146483,0.0537106157777418,0.062070907971303,0.0578387297132443,0.0381442212165854,0.0564361508185783
byol,54,full,0.001,0.25,0.952828973616694,0.9047818120784216,0.8666420709394191,0.2537513365844135,0.22390247664169133,0.2495990570070912,0.859359121087326,0.9548023176407576,0.918916167654286,0.8739463955594872,0.277523049076247,0.264924397039571,0.2821979540058786,0.0961106291669478,0.0842827462137354,0.088612531073165,0.0857708803572734,0.0867429393242309,0.0861421456551242
byol,54,full,0.001,1.0,0.9350689230214776,0.8408320319082839,0.7215031362966926,0.17865317078671686,0.12653378902324902,0.18104889855328068,0.91838318158246,0.9404654687979508,0.8405834786313964,0.7188024843718739,0.0689736440919571,0.0342075756666964,0.0482227849509869,0.187855273540353,0.1484536414727686,0.1625737472400524,0.1769501687218976,0.1683912568205711,0.1718720829651943
byol,54,full,0.01,0.01,0.637488318714969,0.23155879371262492,0.21068055780378805,0.03016387754618808,0.019263895863317282,0.022940423298443063,0.6789852100981382,0.6466612788053588,0.2374841908276837,0.1926335112990509,0.0025133248772006,0.0017589212410906,0.0024922046314392,0.276040715164405,0.2497246273716977,0.2694493162879183,0.209598261473472,0.1695862749395225,0.2193899189899548
byol,54,full,0.01,0.05,0.7795196303108202,0.6599614354881644,0.5618037226042499,0.17938504807798955,0.12530618536239538,0.11040417726412359,0.8086560368272679,0.7806763324525643,0.693271549506347,0.6066224975517315,0.1713530881103589,0.1347210786037806,0.1511729145651692,0.5640823861224771,0.380121750576252,0.3053679403910357,0.2371169351451701,0.194078817688271,0.2659472911535185
byol,54,full,0.01,0.1,0.6630327249998542,0.419792539264858,0.2266450711623645,0.08103616567206319,0.030252569610187945,0.030543922423450918,0.7579030654940424,0.6676871535909642,0.4327697031089879,0.2323683307121537,0.0083961328599828,0.0061184316427221,0.0052052621654724,0.3951265996215008,0.3493600265633937,0.3925481938835523,0.4216124457423911,0.3112369490950607,0.4020287514418829
byol,54,full,0.01,0.25,0.8401868425488407,0.7385163109782759,0.754311206700725,0.4889754535275118,0.43218162262063164,0.4565986883914936,0.8342462377640292,0.8445844091721376,0.7453816490711676,0.7613586299706971,0.4912354589978138,0.4486426546349693,0.4717492918597855,0.5768720929676285,0.4320140240962281,0.3965666195520064,0.3744257251486775,0.3625816632132501,0.3849393927972938
byol,54,full,0.01,1.0,0.7466210923131968,0.6682382443864946,0.5697184558651482,0.31929214352421464,0.26219138615643683,0.3121850610752721,0.9258556226871398,0.7547372674705124,0.654249012503,0.5383671425008527,0.1700556931508135,0.1275437505181285,0.1490037319751855,0.6958988815142324,0.4976703469896968,0.4709243809894675,0.5715929396363795,0.9004820194527382,0.5928558440180336
byol,71,partial,0.0001,0.01,1.0,1.0,1.0,1.0,0.9999967800760672,0.9999972792147661,0.7725113386903061,1.0,1.0,1.0000000000000002,1.0,0.9992408061829892,0.999012140746969,0.0,0.0,0.0,0.0,0.0026227118586004,0.0007902358528263
byol,71,partial,0.0001,0.05,1.0,1.0,1.0,1.0,0.9999697259046819,0.9999714993558814,0.8105657874679415,1.0,1.0,1.0000000000000002,1.0,0.9994187879006128,0.999245203243196,0.0,0.0,0.0,0.0,0.0045027498107381,0.0013567004415999
byol,71,partial,0.0001,0.1,1.0,1.0,1.0,1.0,0.9999752075971966,0.9999790214789782,0.8378626219452009,1.0,1.0,1.0000000000000002,1.0,0.9991882841810804,0.9989419922386212,0.0,0.0,0.0,0.0,0.0059098665541004,0.0017806715675437
byol,71,partial,0.0001,0.25,1.0,1.0,1.0,1.0,0.9999795019902263,0.9999859442596183,0.8550036877262369,1.0,1.0,1.0000000000000002,1.0,0.9988952406574774,0.9985666210456268,0.0,0.0,0.0,0.0,0.0066609713013037,0.002006983084961
byol,71,partial,0.0001,1.0,1.0,1.0,1.0,1.0,0.9996576263419946,0.9996650522778104,0.8865013158435768,1.0,1.0,1.0000000000000002,1.0,0.999235571341332,0.9989303889987108,0.0,0.0,0.0,0.0,0.0504733794827735,0.0152078749900813
byol,71,partial,0.001,0.01,1.0,1.0,1.0,1.0,0.9997200548290887,0.9997505518949927,0.7674994267294594,1.0,1.0,1.0000000000000002,1.0,0.9992845832270416,0.9990325172763892,0.0,0.0,0.0,0.0,0.025363714321264,0.0076422106194329
byol,71,partial,0.001,0.05,1.0,1.0,1.0,1.0,0.9991083705028939,0.9990643956379044,0.7968921455964036,1.0,1.0,1.0000000000000002,1.0,0.9997292571918132,0.9996074890212032,0.0,0.0,0.0,0.0,0.0332802463836978,0.010027500274974
byol,71,partial,0.001,0.1,1.0,1.0,1.0,1.0,0.9984198996511161,0.9986263907691467,0.8397997164767435,1.0,1.0,1.0000000000000002,1.0,0.999607608543803,0.9994854263970648,0.0,0.0,0.0,0.0,0.0501774246956859,0.0151187023717453
byol,71,partial,0.001,0.25,1.0,1.0,1.0,1.0,0.9988392392040767,0.9991053430376301,0.8588986819267688,1.0,1.0,1.0000000000000002,1.0,0.9993366474423604,0.9989983048756582,0.0,0.0,0.0,0.0,0.0610960949224975,0.018408550873448
byol,71,partial,0.001,1.0,1.0,1.0,1.0,1.0,0.9857575080633963,0.9849254405314407,0.8933178979714413,1.0,1.0,1.0000000000000002,1.0,0.9981389646655122,0.99778472498149,0.0,0.0,0.0,0.0,0.3176853752358796,0.0957201503500127
byol,71,partial,0.01,0.01,1.0,1.0,1.0,1.0,0.9940509264533487,0.9944735419341505,0.7616485800048518,1.0,1.0,1.0000000000000002,1.0,0.9994359522865786,0.9991639312011256,0.0,0.0,0.0,0.0,0.203538620711477,0.0613271774379634
byol,71,partial,0.01,0.05,1.0,1.0,1.0,1.0,0.9948567597894821,0.9935443091943547,0.8136246224929071,1.0,1.0,1.0000000000000002,1.0,0.9995750689062042,0.999584398594875,0.0,0.0,0.0,0.0,0.3565117890797882,0.1074187378847121
byol,71,partial,0.01,0.1,1.0,1.0,1.0,1.0,0.9919565747159516,0.9919185951064523,0.8414027961848537,1.0,1.0,1.0000000000000002,1.0,0.9993796539509128,0.9994803775739004,0.0,0.0,0.0,0.0,0.3831526813408664,0.1154457684359154
byol,71,partial,0.01,0.25,1.0,1.0,1.0,1.0,0.9952646855445039,0.995364366457699,0.8575997124302848,1.0,1.0,1.0000000000000002,1.0,0.9993663034577476,0.99900420924846,0.0,0.0,0.0,0.0,0.4536275381820567,0.1366801859401068
byol,71,partial,0.01,1.0,1.0,1.0,1.0,1.0,0.9590859050733845,0.9558199687383061,0.8984774686717089,1.0,1.0,1.0000000000000002,1.0,0.9967770386547165,0.9964469171018008,0.0,0.0,0.0,0.0,1.5666290625286483,0.472032964364818
byol,71,full,0.0001,0.01,0.9998784303127856,0.9990643795419791,0.9977361133835747,0.9466655405450499,0.9391049795279652,0.9454000938485221,0.7561860563861663,0.9970165104025034,0.985342397654633,0.9919103731599638,0.9049426610564536,0.8992951505785285,0.9035895818725548,0.0037077599988009,0.0032959669612242,0.0033958701224454,0.0028716854618297,0.0021908893708478,0.0029405751544934
byol,71,full,0.0001,0.05,0.9998362229793404,0.9981513259362113,0.989336540278269,0.8161794765339491,0.8040101671637736,0.8146823808678032,0.8080757819200113,0.997719604528483,0.982876840736194,0.978452138467105,0.709541106387094,0.6693829802768413,0.6755995639064192,0.0049596216249033,0.0044423110368461,0.0043557293859519,0.0033373101898829,0.0024706722297572,0.0035547483860359
byol,71,full,0.0001,0.1,0.9991447236742008,0.9948028200254722,0.977140000325966,0.5689267369663539,0.508745249581866,0.5156786651526141,0.8573827127917528,0.997077258886562,0.9828876577728292,0.9672618344315874,0.6078036511316416,0.6030619894568479,0.6109033806580416,0.009205866490453,0.0085263738610106,0.0084638966494084,0.0060161439483902,0.0042972321852487,0.0065616000848887
byol,71,full,0.0001,0.25,0.9967779208373888,0.9733992355420533,0.9448499466066856,0.7262013865562024,0.725372154698134,0.7335605462826693,0.8767488589989654,0.9942342642577988,0.9661262182440716,0.92730146553298,0.6748568432314661,0.6773062224725422,0.6788371043241453,0.0182128243909249,0.0141996991301976,0.0127277459118461,0.0082211629018743,0.0071551533644074,0.0096913505449091
byol,71,full,0.0001,1.0,0.9870454516141123,0.9322886989176974,0.8761481616651702,0.4444328707067704,0.39856042606274245,0.3961539149520863,0.9169522418626572,0.983314593552995,0.9218042678185248,0.8454230180380184,0.3251856554510074,0.3174745052143035,0.3124313999364767,0.0583534170555746,0.0400075283479968,0.0446160629107508,0.0456381505614529,0.040299769819115,0.0446347759916916
byol,71,full,0.001,0.01,0.9960329528873729,0.9657871133636152,0.9477035593795393,0.5285130719685144,0.4310313258535861,0.46086178396962973,0.7533267116365441,0.993267217347122,0.970503799048812,0.942240323503342,0.6158883068253865,0.5983802384543343,0.6154692914173939,0.0299366186483012,0.0291368723058461,0.0312559465405152,0.0224540979617905,0.0198014206065387,0.0242754173943119
byol,71,full,0.001,0.05,0.9778881352029991,0.9559883972409613,0.8061312090036201,0.19618772519720434,0.14976476165935967,0.17648412783841633,0.8015720932343552,0.9786125386336376,0.9550195425535942,0.7841563447159339,0.0361215450242322,0.0367742986421222,0.0319094177551629,0.0502597511175346,0.0441072693608046,0.0463896169808405,0.0359247817700137,0.0242785515223506,0.0375309930982966
byol,71,full,0.001,0.1,0.9715410520115197,0.8358187217225367,0.8766648388631232,0.3480844938403512,0.24979185204814028,0.28189300113922494,0.8611912631612214,0.9701407061979952,0.8748396476293332,0.8843138190156832,0.186317962167589,0.141181217863792,0.1485451970744059,0.0759719857449383,0.0669611493921903,0.0702037015131635,0.0514147637124314,0.0387167108377364,0.0550538530387535
byol,71,full,0.001,0.25,0.9665760260781358,0.8781861000433273,0.835308802533283,0.49102601187169426,0.27575150541878823,0.3153001866571768,0.8877631606781765,0.96460775678955,0.9076429012093824,0.8395117721656077,0.5658973240078026,0.5002596535638727,0.5032764562807664,0.1035000591294418,0.0918900633047303,0.0927885900737131,0.0717103595492249,0.0605137615776685,0.0762624499753373
byol,71,full,0.001,1.0,0.9553054011096147,0.8641899767646188,0.7136933124262291,0.32282320395763286,0.18115432950637259,0.2068521054239515,0.9277040132288334,0.9499034269422796,0.8552140095261284,0.6759794920877731,0.2792313876182349,0.2336346679304521,0.2412338043454309,0.1842586304301264,0.1452757666758332,0.1892518423514107,0.2086300366828357,0.2318706436366146,0.2026815475847584
byol,71,full,0.01,0.01,0.8664949448993814,0.5133207453751192,0.21752204770458444,0.024144831522080277,0.015963119463865066,0.01562810757311691,0.7322214456589244,0.891499449337405,0.568108753936003,0.2277903048401136,0.0062819720606091,0.0034585174772938,0.003379814062183,0.2085561333373832,0.1843343060196443,0.2062611531509325,0.1839243404412851,0.1715639058636725,0.1858730550468313
byol,71,full,0.01,0.05,0.7156380481747567,0.46374617538519247,0.2637559161980599,0.06291544440011106,0.04838970662808407,0.038550594684695634,0.7651470596336075,0.709108185907083,0.4927720196549811,0.2869290597664071,0.0453164245586944,0.0336786166601378,0.027743217837535,0.4690007399605639,0.3909961461410762,0.3338581114577074,0.2601905344287595,0.1754599677378952,0.2828382071291983
byol,71,full,0.01,0.1,0.7070562669430492,0.6286395417029177,0.6457898904851803,0.2609074732882826,0.1763790827181225,0.18164976902531632,0.836710258424801,0.7065693614429246,0.677960232031201,0.6535481617890132,0.0600312106712391,0.0378852308352887,0.0391282620159624,0.4294770353071455,0.3482361340235598,0.3615152642449485,0.2934515778354521,0.254964972928885,0.3067152089647968
byol,71,full,0.01,0.25,0.7848844071090566,0.39931522685556986,0.1843387931969215,0.027970994795289614,0.020845026416609156,0.028957260904701757,0.8303090281238401,0.7812428440420061,0.4075100140870237,0.167993654783403,0.0065880412708219,0.0047101722717168,0.0063904859064993,1.000578838920252,0.7157875268452872,0.7427128095291574,0.426262947628427,0.3656524897255255,0.5133060280098494
byol,71,full,0.01,1.0,0.6761642285335475,0.6760493733349011,0.620542916580306,0.18033353024943835,0.12793067199161054,0.15183395989407872,0.9325338761236012,0.6596224249505006,0.6732975301457592,0.6059881270042949,0.0069609622548683,0.005799451140762,0.0060520765937869,0.9198424939833192,0.7233132256634047,0.7880904235331666,0.8628668784406218,0.8859149142182581,0.8434122837034357
