method,seed,config,run_dir,protocol,encoder_lr,head_lr,fraction,subset_seed,n_train_records,n_train_patients,n_optimizer_steps,best_epoch,final_train_loss,best_val_macro_auroc,val_macro_auroc,val_macro_auprc,test_macro_auroc,test_macro_auprc,n_test_labels_evaluated,pretrained_ckpt_sha256,wall_clock_s,train_s,eval_s,peak_memory_allocated_mb,energy_j,energy_method,mean_power_w,train_samples_per_s,n_trainable_params_encoder,n_trainable_params_head,gpu_name,n_epochs_logged,cka_stem,cka_stage1,cka_stage2,cka_stage3,cka_stage4,cka_embedding,wdist_stem,wdist_stage1,wdist_stage2,wdist_stage3,wdist_stage4,wdist_encoder,has_logits,has_checkpoint
baseline,22,full_enc1e-02_head1e-02,baseline_seed22\diagnostic\full_enc1e-02_head1e-02\001pct,full,0.01,0.01,0.01,22,173,144,100,50,0.0907196030020713,0.6294224885077468,0.6294224885077468,0.0653479888892859,0.6133312061747205,0.0650152216315948,44,,108.97715983600006,17.543097217999275,87.72644693900043,2650.73193359375,7011.583,nvml_counter,64.1773171641791,493.07142818116927,1804672,72620,Tesla T4,50,0.9161440216597772,0.7498368642488181,0.700659250771603,0.3696950599765612,0.3384229871845927,0.3615807571650875,0.101828378235579,0.0969194818080524,0.1109737571800185,0.1266217950593378,0.13979418920162,0.123030991536612,True,True
baseline,22,full_enc1e-02_head1e-02,baseline_seed22\diagnostic\full_enc1e-02_head1e-02\005pct,full,0.01,0.01,0.05,22,869,761,350,33,0.0700889910970415,0.8096198194705596,0.8096198194705596,0.1341172359164389,0.7849782945112737,0.1407755767582191,44,,174.73922805100003,82.88526121999939,87.89178434699784,2684.04345703125,11286.656,nvml_counter,64.6697666277713,524.2186531170146,1804672,72620,Tesla T4,50,0.9471734712937246,0.7710879638655379,0.5971516399597196,0.2618715031993316,0.2653204496151448,0.2745506665561175,0.0856881721544683,0.0763050152287263,0.0960350945245459,0.1294698123494839,0.1274173483637561,0.1206665575235551,True,True
baseline,22,full_enc1e-02_head1e-02,baseline_seed22\diagnostic\full_enc1e-02_head1e-02\010pct,full,0.01,0.01,0.1,22,1742,1516,700,37,0.0592955265726362,0.8236604247877264,0.8236604247877264,0.1762130319279815,0.8138396727661502,0.1759979946486254,44,,258.426643024,166.33781031199942,88.13538749199961,2724.19677734375,16713.386,nvml_counter,64.48814229249012,523.633200633258,1804672,72620,Tesla T4,50,0.9132457809709604,0.6717916253117202,0.4629283792572315,0.1534366792378476,0.1354755923410688,0.1383153765180832,0.1015632939888848,0.0887241260469684,0.1044140917167354,0.1301056309593934,0.1404008021736221,0.1242038833495375,True,True
baseline,22,full_enc1e-02_head1e-02,baseline_seed22\diagnostic\full_enc1e-02_head1e-02\025pct,full,0.01,0.01,0.25,22,4348,3768,1700,49,0.0531846319927888,0.8667752382530156,0.8667752382530156,0.2288113637329621,0.8547238883760396,0.2216439916097039,44,,504.9332711359998,412.6838725069984,88.14242716500212,2844.65380859375,32729.853,nvml_counter,64.53478817334953,526.7954831365824,1804672,72620,Tesla T4,50,0.8585290568581723,0.7019432368803135,0.631529462679406,0.1351716107331675,0.1205551104283326,0.1220989680764707,0.1799564129484961,0.1572150392000814,0.1748842291610687,0.1982539672428012,0.2152834195744294,0.1930431596544661,True,True
baseline,22,full_enc1e-02_head1e-02,baseline_seed22\diagnostic\full_enc1e-02_head1e-02\100pct,full,0.01,0.01,1.0,22,17441,15031,6850,46,0.0391831850483469,0.930004814259486,0.930004814259486,0.33067405964797,0.9260712590899566,0.34232523981023,44,,1750.5019291770004,1657.737042581006,88.3378256009928,3445.43994140625,113638.779,nvml_counter,64.52142379225641,526.0484489399271,1804672,72620,Tesla T4,50,0.6710869830128875,0.5341001215348509,0.3405735059591641,0.0293622771290673,0.0261295456430635,0.023786719061797,0.5073215682376923,0.3930031622209282,0.4179873139551288,0.4930054377448932,0.550746383873161,0.4805866231669069,True,True
baseline,54,full_enc1e-02_head1e-02,baseline_seed54\diagnostic\full_enc1e-02_head1e-02\001pct,full,0.01,0.01,0.01,54,173,158,100,41,0.1105754896998405,0.7067464154788309,0.7067464154788309,0.0818741383619661,0.6935053183623446,0.0769379859771608,44,,102.19452506200014,16.808385223000414,81.70883471099933,2650.73193359375,6589.284,nvml_counter,64.54534194831015,514.6240929892202,1804672,72620,Tesla T4,50,0.9631847675706584,0.8823125603231077,0.7888409459332772,0.570434626004226,0.5351458762640716,0.5595871969105407,0.0976387523108072,0.0940525439971777,0.1055467778638364,0.1209269381423803,0.1397128354799636,0.1182313786611925,True,True
baseline,54,full_enc1e-02_head1e-02,baseline_seed54\diagnostic\full_enc1e-02_head1e-02\005pct,full,0.01,0.01,0.05,54,870,742,350,36,0.0656922885349818,0.7996266145711566,0.7996266145711566,0.1447812851166774,0.7847760188170375,0.1398698475519164,44,,163.50615658499987,78.16550570499953,81.760107329,2684.0439453125,10602.364,nvml_counter,65.0028042394015,556.5114638184667,1804672,72620,Tesla T4,50,0.973492083058331,0.772934364818491,0.6411267347669668,0.294979621483634,0.2686286359540502,0.2596056920499787,0.0739007847883022,0.0720837455529359,0.0868728864234915,0.1143532551271709,0.1252751815179613,0.1083510110227749,True,True
baseline,54,full_enc1e-02_head1e-02,baseline_seed54\diagnostic\full_enc1e-02_head1e-02\010pct,full,0.01,0.01,0.1,54,1741,1495,700,45,0.0642975526196616,0.8334494804671553,0.8334494804671553,0.1695865801073111,0.8234939157435239,0.1736355206326541,44,,241.7051354959999,156.28771039899993,81.72822651900196,2724.19677734375,15712.115,nvml_counter,65.02521265822786,556.9855734514429,1804672,72620,Tesla T4,50,0.9171934321298691,0.7940551865217417,0.6585864059710675,0.153761968926343,0.077886247180018,0.076106054499324,0.1073726567408542,0.094867345273123,0.1111000968308539,0.1381915414277465,0.1487537695383667,0.131969714802627,True,True
baseline,54,full_enc1e-02_head1e-02,baseline_seed54\diagnostic\full_enc1e-02_head1e-02\025pct,full,0.01,0.01,0.25,54,4355,3736,1750,45,0.0678718907492501,0.8382356510435213,0.8382356510435213,0.1977256075650199,0.8416347274520881,0.1995385140229919,44,,474.1838261379999,388.8886313469993,81.63958864800134,2844.65576171875,30921.211,nvml_counter,65.34940973718226,559.9289422418344,1804672,72620,Tesla T4,50,0.9316920302927176,0.8110183266219924,0.5923500556878141,0.1182534127699481,0.1082338626139529,0.1101095628400991,0.1459837994777644,0.1367579709141733,0.1583069288332281,0.230589661726785,0.3307827675787362,0.2254955423395513,True,True
baseline,54,full_enc1e-02_head1e-02,baseline_seed54\diagnostic\full_enc1e-02_head1e-02\100pct,full,0.01,0.01,1.0,54,17441,15031,6850,47,0.0392880892231516,0.9344425767842378,0.9344425767842378,0.3540585603064905,0.9306302784611644,0.3598219919307352,44,,1641.259017282,1555.6038100839933,81.6171642570016,3445.43994140625,107239.015,nvml_counter,65.35894117647058,560.5861816145298,1804672,72620,Tesla T4,50,0.5595232027504853,0.4282767718578478,0.2853040681651873,0.0264376655122182,0.0246012916974811,0.0241435544372298,0.5803563378093475,0.4329331590455583,0.4512012492809649,0.501775912515022,0.5984616143301094,0.4994910662240646,True,True
baseline,71,full_enc1e-02_head1e-02,baseline_seed71\diagnostic\full_enc1e-02_head1e-02\001pct,full,0.01,0.01,0.01,71,173,151,100,50,0.1021282374858856,0.6522291259562961,0.6522291259562961,0.0750861218008347,0.6488935280238571,0.0723032020440385,44,,99.6215854909999,16.3623972529997,79.80391383599931,2650.73193359375,6469.736,nvml_counter,64.42348163265305,528.651142387721,1804672,72620,Tesla T4,50,0.9572019809693444,0.8718651338673674,0.780287216674313,0.4755546474773232,0.4512619950457133,0.4884663899650149,0.098190374119971,0.0936659052440258,0.1037317706604073,0.120206576298831,0.1346997678015641,0.1169725041295736,True,True
baseline,71,full_enc1e-02_head1e-02,baseline_seed71\diagnostic\full_enc1e-02_head1e-02\005pct,full,0.01,0.01,0.05,71,868,749,350,49,0.0780086432184491,0.7749698185668326,0.7749698185668326,0.1223787018983364,0.7702566038003894,0.1178785910451556,44,,159.18023275300015,75.7149346169997,79.84311955400085,2684.04345703125,10426.86,nvml_counter,65.45090653008963,573.2026345863835,1804672,72620,Tesla T4,50,0.9054998142167364,0.6144599195945166,0.4440324605674429,0.3132953054060765,0.3083672181278135,0.3169475039314127,0.1003944729693204,0.0957714722672901,0.1247709272836408,0.1545188965084574,0.1526273541805829,0.1453564997563988,True,True
baseline,71,full_enc1e-02_head1e-02,baseline_seed71\diagnostic\full_enc1e-02_head1e-02\010pct,full,0.01,0.01,0.1,71,1739,1507,700,49,0.0595705679484776,0.8359622138153849,0.8359622138153849,0.1868511340379135,0.8303253691772419,0.1840301569930758,44,,235.21008902600036,151.49912827799972,79.98963598100045,2724.1962890625,15484.425,nvml_counter,65.83981944444446,573.9306951023997,1804672,72620,Tesla T4,50,0.9415357195066036,0.7736095421072186,0.5585159191388662,0.2058665173123337,0.1910766749252949,0.1821149030893022,0.0978451094758832,0.0851251301656127,0.1046547019241377,0.1424925515495883,0.1676769690011556,0.1355749115393935,True,True
baseline,71,full_enc1e-02_head1e-02,baseline_seed71\diagnostic\full_enc1e-02_head1e-02\025pct,full,0.01,0.01,0.25,71,4360,3767,1750,46,0.0570671354021344,0.8550033315801283,0.8550033315801283,0.2246831930570408,0.8693021523849911,0.2153500227609003,44,,460.146570461,376.6784463580002,79.76685162299918,2844.65625,30452.4,nvml_counter,66.42043738898757,578.7429626191298,1804672,72620,Tesla T4,50,0.8592274769422753,0.6836993584491388,0.4143903020271446,0.0582361868842001,0.0547055832499986,0.0532562396205729,0.1730995309564649,0.1545980470922038,0.1762457075916534,0.2189515353945958,0.2369077141374244,0.2095472587231512,True,True
baseline,71,full_enc1e-02_head1e-02,baseline_seed71\diagnostic\full_enc1e-02_head1e-02\100pct,full,0.01,0.01,1.0,71,17441,15031,6850,47,0.0417386389126742,0.9325993297900792,0.9325993297900792,0.3355755286155938,0.9299006609389436,0.3500854331307116,44,,1590.0938563930004,1506.3144484350023,79.90509247800037,3445.43994140625,105668.304,nvml_counter,66.59838247780779,578.9295859878549,1804672,72620,Tesla T4,50,0.6356086392497765,0.4801139349450659,0.2581261853686924,0.0979259470794734,0.0928118931536463,0.0909847319158561,0.5464655603250433,0.4258968222450867,0.4520893676414159,0.5266129041437936,0.583200288401949,0.5139580194003486,True,True
mask,22,frozen_head1e-02,mask_seed22\diagnostic\frozen_head1e-02\001pct,frozen,0.0,0.01,0.01,22,173,144,100,48,0.0806229710578918,0.7185368112288723,0.7185368112288723,0.1084175208373166,0.7207608860593905,0.1174807488858876,44,091b9100d5352610cee5234abc40ca881b90c5b99ee3fe056861c7f520d1fe78,95.16514982900026,2.034862459997385,88.60051102699799,574.001953125,6023.46,nvml_counter,63.7288547008547,4250.901557253711,0,72620,Tesla T4,50,1.0000000000000002,1.0000000000000002,1.0,1.0000000000000002,1.0,0.9999999999999998,0.0,0.0,0.0,0.0,0.0,0.0,True,True
mask,22,frozen_head1e-02,mask_seed22\diagnostic\frozen_head1e-02\005pct,frozen,0.0,0.01,0.05,22,869,761,350,37,0.0774286559649876,0.7987582161842922,0.7987582161842922,0.1614340273179637,0.7975566018908001,0.1526047864896238,44,091b9100d5352610cee5234abc40ca881b90c5b99ee3fe056861c7f520d1fe78,98.3292207559998,5.587317869997605,88.57379165500242,605.501953125,6261.472,nvml_counter,63.62361570247934,7776.539837354667,0,72620,Tesla T4,50,1.0000000000000002,1.0000000000000002,1.0,1.0000000000000002,1.0,0.9999999999999998,0.0,0.0,0.0,0.0,0.0,0.0,True,True
mask,22,frozen_head1e-02,mask_seed22\diagnostic\frozen_head1e-02\010pct,frozen,0.0,0.01,0.1,22,1742,1516,700,48,0.0773984619549342,0.8251291301586338,0.8251291301586338,0.1743238619426223,0.8166319299143161,0.173571967377401,44,091b9100d5352610cee5234abc40ca881b90c5b99ee3fe056861c7f520d1fe78,104.1054127110001,11.177857748999486,88.52871863800101,645.484375,6636.049,nvml_counter,64.52767382812499,7792.19077177791,0,72620,Tesla T4,50,1.0000000000000002,1.0000000000000002,1.0,1.0000000000000002,1.0,0.9999999999999998,0.0,0.0,0.0,0.0,0.0,0.0,True,True
mask,22,frozen_head1e-02,mask_seed22\diagnostic\frozen_head1e-02\025pct,frozen,0.0,0.01,0.25,22,4348,3768,1700,25,0.0748847442514756,0.83785582666934,0.83785582666934,0.1930712542225662,0.8437669562776899,0.1929624924014869,44,091b9100d5352610cee5234abc40ca881b90c5b99ee3fe056861c7f520d1fe78,119.48446002000036,27.048788362000774,88.54050333400119,766.23291015625,7677.505,nvml_counter,64.38244463373084,8037.328589010376,0,72620,Tesla T4,50,1.0000000000000002,1.0000000000000002,1.0,1.0000000000000002,1.0,0.9999999999999998,0.0,0.0,0.0,0.0,0.0,0.0,True,True
mask,22,frozen_head1e-02,mask_seed22\diagnostic\frozen_head1e-02\100pct,frozen,0.0,0.01,1.0,22,17441,15031,6850,50,0.0744102088204265,0.8700066043399853,0.8700066043399853,0.2342585840486201,0.876957198825052,0.2235116465877127,44,091b9100d5352610cee5234abc40ca881b90c5b99ee3fe056861c7f520d1fe78,205.48138872100023,112.84924233200582,88.58992841598592,1366.20361328125,13412.602,nvml_counter,65.30366336633664,7727.566282052679,0,72620,Tesla T4,50,1.0000000000000002,1.0000000000000002,1.0,1.0000000000000002,1.0,0.9999999999999998,0.0,0.0,0.0,0.0,0.0,0.0,True,True
mask,22,partial_enc1e-02_head1e-02,mask_seed22\diagnostic\partial_enc1e-02_head1e-02\001pct,partial,0.01,0.01,0.01,22,173,144,100,47,0.0822119265794754,0.7336464716855999,0.7336464716855999,0.1052699781453814,0.7306130119100007,0.1157131389189915,44,091b9100d5352610cee5234abc40ca881b90c5b99ee3fe056861c7f520d1fe78,95.33368923799937,2.0426741609999226,88.70558317199811,574.42724609375,6043.911,nvml_counter,63.051605543710025,4234.645037936782,162048,72620,Tesla T4,50,1.0000000000000002,1.0000000000000002,1.0,1.0000000000000002,0.9946876574405236,0.9977239767678524,0.0,0.0,0.0,0.0,0.1952721710397758,0.0602421510262738,True,True
mask,22,partial_enc1e-02_head1e-02,mask_seed22\diagnostic\partial_enc1e-02_head1e-02\005pct,partial,0.01,0.01,0.05,22,869,761,350,40,0.0678896733692714,0.8110303001103429,0.8110303001103429,0.1751027289333109,0.7992639810689376,0.1684470165976256,44,091b9100d5352610cee5234abc40ca881b90c5b99ee3fe056861c7f520d1fe78,99.73672601199996,6.952671977999671,88.67582465300347,607.365234375,6350.526,nvml_counter,63.887759674134415,6249.395935474702,162048,72620,Tesla T4,50,1.0000000000000002,1.0000000000000002,1.0,1.0000000000000002,0.9749540389438917,0.9964219030029682,0.0,0.0,0.0,0.0,0.2757457042213199,0.0850685188273106,True,True
mask,22,partial_enc1e-02_head1e-02,mask_seed22\diagnostic\partial_enc1e-02_head1e-02\010pct,partial,0.01,0.01,0.1,22,1742,1516,700,45,0.0688605223383222,0.8339239798212742,0.8339239798212742,0.180661952593704,0.8156688990182722,0.1752031534984595,44,091b9100d5352610cee5234abc40ca881b90c5b99ee3fe056861c7f520d1fe78,106.62278331300058,13.884693864998551,88.56000147600207,647.34765625,6815.51,nvml_counter,64.23119274809162,6273.094736324536,162048,72620,Tesla T4,50,1.0000000000000002,1.0000000000000002,1.0,1.0000000000000002,0.9039149921456494,0.9851191595015628,0.0,0.0,0.0,0.0,0.3940551980491333,0.1215674134576436,True,True
mask,22,partial_enc1e-02_head1e-02,mask_seed22\diagnostic\partial_enc1e-02_head1e-02\025pct,partial,0.01,0.01,0.25,22,4348,3768,1700,50,0.0651484377243939,0.8532508664797324,0.8532508664797324,0.211410905222059,0.8419988231480218,0.2089462720029016,44,091b9100d5352610cee5234abc40ca881b90c5b99ee3fe056861c7f520d1fe78,127.06466140500017,33.93611306800085,88.82497574999434,768.09619140625,8186.437,nvml_counter,64.56646474358975,6406.154987884913,162048,72620,Tesla T4,50,1.0000000000000002,1.0000000000000002,1.0,1.0000000000000002,0.8696584869870583,0.9794744235688636,0.0,0.0,0.0,0.0,0.6391596473010113,0.197182997441885,True,True
mask,22,partial_enc1e-02_head1e-02,mask_seed22\diagnostic\partial_enc1e-02_head1e-02\100pct,partial,0.01,0.01,1.0,22,17441,15031,6850,42,0.0636697894465314,0.8930342520470892,0.8930342520470892,0.2538883057149201,0.8866795313204626,0.2562239461383164,44,091b9100d5352610cee5234abc40ca881b90c5b99ee3fe056861c7f520d1fe78,225.19740801199987,132.51151035500516,88.41343633600263,1368.06689453125,14737.51,nvml_counter,65.60025925925926,6580.937743926796,162048,72620,Tesla T4,50,1.0000000000000002,1.0000000000000002,1.0,1.0000000000000002,0.7059678031898168,0.9694989603440018,0.0,0.0,0.0,0.0,1.5671829171106133,0.483481437604046,True,True
mask,22,full_enc1e-03_head1e-02,mask_seed22\diagnostic\full_enc1e-03_head1e-02\001pct,full,0.001,0.01,0.01,22,173,144,100,47,0.0721866339445114,0.7475335746382613,0.7475335746382613,0.1074933544825589,0.7281443798049193,0.1052194877845165,44,091b9100d5352610cee5234abc40ca881b90c5b99ee3fe056861c7f520d1fe78,111.36922407100064,18.1026539659988,88.94561562300169,2649.265625,7089.515,nvml_counter,63.38192504570384,477.8304891783719,1804672,72620,Tesla T4,50,0.9907200931533,0.9270418548462644,0.8721033993436307,0.1279792905478102,0.1439540368809917,0.0616797396074686,0.0264270430923962,0.0245609558198328,0.0269167697906501,0.0235720567281226,0.0207423996398586,0.0238611192969386,True,True
mask,22,full_enc1e-03_head1e-02,mask_seed22\diagnostic\full_enc1e-03_head1e-02\005pct,full,0.001,0.01,0.05,22,869,761,350,33,0.0608858466148376,0.8286337493567625,0.8286337493567625,0.1693121853344211,0.8153306440054483,0.1712096135931734,44,091b9100d5352610cee5234abc40ca881b90c5b99ee3fe056861c7f520d1fe78,177.55653927299954,84.20208647300115,89.03702736900323,2682.77734375,11384.319,nvml_counter,64.3774724137931,516.0204671879712,1804672,72620,Tesla T4,50,0.9915098518546674,0.9169448481578067,0.8116450647872421,0.0629163733615074,0.0729932839481971,0.0262309921617806,0.0365793620733941,0.0323462325376163,0.0358929438853663,0.0333070460000201,0.0248072158140932,0.032839340351208,True,True
mask,22,full_enc1e-03_head1e-02,mask_seed22\diagnostic\full_enc1e-03_head1e-02\010pct,full,0.001,0.01,0.1,22,1742,1516,700,48,0.0584262226309095,0.8484038594529166,0.8484038594529166,0.1943546083720417,0.8430951208708787,0.196383104442295,44,091b9100d5352610cee5234abc40ca881b90c5b99ee3fe056861c7f520d1fe78,262.461719467,168.83900266599994,89.27474434699616,2723.2060546875,16875.034,nvml_counter,64.72789252336449,515.876063141066,1804672,72620,Tesla T4,50,0.9903327897789284,0.9185026955689783,0.7822559778395213,0.1136628083854662,0.117863397615049,0.0652373884143042,0.0471096730334864,0.0412665824272102,0.0488672914689689,0.0482611802745577,0.0334634218671785,0.0464156654601606,True,True
mask,22,full_enc1e-03_head1e-02,mask_seed22\diagnostic\full_enc1e-03_head1e-02\025pct,full,0.001,0.01,0.25,22,4348,3768,1700,39,0.0483377961551441,0.8858074972174332,0.8858074972174332,0.2412916716870399,0.8690848016240509,0.2535073893106619,44,091b9100d5352610cee5234abc40ca881b90c5b99ee3fe056861c7f520d1fe78,514.8984801049992,421.2980993619967,89.3539021919878,2843.60791015625,33233.393,nvml_counter,64.86543918918917,516.0241651439328,1804672,72620,Tesla T4,50,0.9696817701628104,0.9236630576925048,0.7743808435093937,0.0305239636680788,0.0374117142270312,0.0119604462934696,0.0779016700536461,0.0714766874204745,0.079183779231212,0.080537499746807,0.0593879251820886,0.0776675580514977,True,True
mask,22,full_enc1e-02_head1e-02,mask_seed22\diagnostic\full_enc1e-02_head1e-02\100pct,full,0.01,0.01,1.0,22,17441,15031,6850,46,0.0405451120251286,0.9327250670826746,0.9327250670826746,0.3473424415663591,0.9276734995816678,0.3530530434369137,44,091b9100d5352610cee5234abc40ca881b90c5b99ee3fe056861c7f520d1fe78,1784.1943841049997,1690.9643369569983,89.06724417500845,3443.72607421875,115464.798,nvml_counter,64.6742433145874,515.7116450896365,1804672,72620,Tesla T4,50,0.5938619273727894,0.4963246843948899,0.4358286233560147,0.0033218959482987,0.0037560693789719,0.001832150746627,0.8295104889359111,0.5898788157480738,0.650118963967826,0.722573476541274,0.6151859625956313,0.6931703777472721,True,True
mask,54,frozen_head1e-02,mask_seed54\diagnostic\frozen_head1e-02\001pct,frozen,0.0,0.01,0.01,54,173,158,100,36,0.0907006561756134,0.7312845912814595,0.7312845912814595,0.1161473155009697,0.7459977806341356,0.1298800331843078,44,111c5ab6bad2a50126f847a4d3cdddde4040663b07df0dd68521650a20e0a080,86.17521747499995,1.726264921994698,80.62968389900107,574.001953125,5545.429,nvml_counter,65.11200000000001,5010.818380069341,0,72620,Tesla T4,50,1.0,1.0,1.0,1.0,0.9999999999999998,1.0000000000000002,0.0,0.0,0.0,0.0,0.0,0.0,True,True
mask,54,frozen_head1e-02,mask_seed54\diagnostic\frozen_head1e-02\005pct,frozen,0.0,0.01,0.05,54,870,742,350,50,0.078177341393062,0.7944764798412696,0.7944764798412696,0.1604264179939845,0.8099349163958532,0.1565959661867918,44,111c5ab6bad2a50126f847a4d3cdddde4040663b07df0dd68521650a20e0a080,88.993483061,4.983720728000662,80.11437989600381,605.53759765625,5776.355,nvml_counter,66.17121689497718,8728.418459645722,0,72620,Tesla T4,50,1.0,1.0,1.0,1.0,0.9999999999999998,1.0000000000000002,0.0,0.0,0.0,0.0,0.0,0.0,True,True
mask,54,frozen_head1e-02,mask_seed54\diagnostic\frozen_head1e-02\010pct,frozen,0.0,0.01,0.1,54,1741,1495,700,29,0.0765985250473022,0.8135981061525661,0.8135981061525661,0.1653350881477286,0.809527568821138,0.1737586598837014,44,111c5ab6bad2a50126f847a4d3cdddde4040663b07df0dd68521650a20e0a080,93.9374406930001,9.933019348001835,80.4025140270005,645.4267578125,6104.499,nvml_counter,65.58536147186146,8763.699832872198,0,72620,Tesla T4,50,1.0,1.0,1.0,1.0,0.9999999999999998,1.0000000000000002,0.0,0.0,0.0,0.0,0.0,0.0,True,True
mask,54,frozen_head1e-02,mask_seed54\diagnostic\frozen_head1e-02\025pct,frozen,0.0,0.01,0.25,54,4355,3736,1750,48,0.076396335874285,0.8281421973604939,0.8281421973604939,0.1924934826957476,0.8590258678170261,0.190621099614514,44,111c5ab6bad2a50126f847a4d3cdddde4040663b07df0dd68521650a20e0a080,110.1727692909999,26.057298924998577,80.35390971900233,764.82958984375,7196.405,nvml_counter,65.65720848708487,8356.583720621069,0,72620,Tesla T4,50,1.0,1.0,1.0,1.0,0.9999999999999998,1.0000000000000002,0.0,0.0,0.0,0.0,0.0,0.0,True,True
mask,54,frozen_head1e-02,mask_seed54\diagnostic\frozen_head1e-02\100pct,frozen,0.0,0.01,1.0,54,17441,15031,6850,36,0.073582718842221,0.8714820599352237,0.8714820599352237,0.2238407714363562,0.8791444189813064,0.2345415598220339,44,111c5ab6bad2a50126f847a4d3cdddde4040663b07df0dd68521650a20e0a080,179.10685170999932,95.29438730499533,80.1946833449947,1366.20361328125,11897.467,nvml_counter,66.48017139614075,9151.116079994852,0,72620,Tesla T4,50,1.0,1.0,1.0,1.0,0.9999999999999998,1.0000000000000002,0.0,0.0,0.0,0.0,0.0,0.0,True,True
mask,54,partial_enc1e-02_head1e-02,mask_seed54\diagnostic\partial_enc1e-02_head1e-02\001pct,partial,0.01,0.01,0.01,54,173,158,100,35,0.0912523865699768,0.7321506531220422,0.7321506531220422,0.1164790818433902,0.7230532830872293,0.1262952760523301,44,111c5ab6bad2a50126f847a4d3cdddde4040663b07df0dd68521650a20e0a080,85.98262613999941,1.7632890340055385,80.36543002000144,574.42724609375,5552.479,nvml_counter,64.71172104018912,4905.605282618023,162048,72620,Tesla T4,50,1.0,1.0,1.0,1.0,0.9704640374856384,0.9978889335412215,0.0,0.0,0.0,0.0,0.1863911357282566,0.0575714681977547,True,True
mask,54,partial_enc1e-02_head1e-02,mask_seed54\diagnostic\partial_enc1e-02_head1e-02\005pct,partial,0.01,0.01,0.05,54,870,742,350,38,0.0706062912940979,0.8047501644123835,0.8047501644123835,0.1665719845811774,0.8037465105268577,0.1577164841039477,44,111c5ab6bad2a50126f847a4d3cdddde4040663b07df0dd68521650a20e0a080,89.88821270199969,6.01700791499934,80.2671676280006,607.40087890625,5829.389,nvml_counter,65.36940406320541,7229.506860305463,162048,72620,Tesla T4,50,1.0,1.0,1.0,1.0,0.7984090582607847,0.9927491789296348,0.0,0.0,0.0,0.0,0.2712875058096913,0.0837937917602544,True,True
mask,54,partial_enc1e-02_head1e-02,mask_seed54\diagnostic\partial_enc1e-02_head1e-02\010pct,partial,0.01,0.01,0.1,54,1741,1495,700,41,0.0673497744968959,0.8339751715266136,0.8339751715266136,0.1811225630824624,0.8234098930676109,0.1830179403440503,44,111c5ab6bad2a50126f847a4d3cdddde4040663b07df0dd68521650a20e0a080,95.84440534500028,11.873673581994808,80.45019146099912,647.2900390625,6233.677,nvml_counter,65.6328093220339,7331.345215014356,162048,72620,Tesla T4,50,1.0,1.0,1.0,1.0,0.7564932331644039,0.991638857356457,0.0,0.0,0.0,0.0,0.3654328103994967,0.1128728753120707,True,True
mask,54,partial_enc1e-02_head1e-02,mask_seed54\diagnostic\partial_enc1e-02_head1e-02\025pct,partial,0.01,0.01,0.25,54,4355,3736,1750,36,0.0739512171064104,0.8412274398257331,0.8412274398257331,0.200486378838007,0.8557136241377414,0.1985989736160753,44,111c5ab6bad2a50126f847a4d3cdddde4040663b07df0dd68521650a20e0a080,113.1315417320002,29.441077511000003,80.138629064003,766.69287109375,7405.174,nvml_counter,65.80579712746858,7396.128756450662,162048,72620,Tesla T4,50,1.0,1.0,1.0,1.0,0.8755119390922151,0.9960827054779146,0.0,0.0,0.0,0.0,0.4858549226743915,0.1500681946069118,True,True
mask,54,partial_enc1e-02_head1e-02,mask_seed54\diagnostic\partial_enc1e-02_head1e-02\100pct,partial,0.01,0.01,1.0,54,17441,15031,6850,39,0.0625451846714437,0.8899463242480163,0.8899463242480163,0.2512097896316494,0.8863518618495863,0.262482962046431,44,111c5ab6bad2a50126f847a4d3cdddde4040663b07df0dd68521650a20e0a080,198.84347194399925,115.09607574398795,80.19392257199979,1368.06689453125,13217.958,nvml_counter,66.91482226762002,7576.713579181707,162048,72620,Tesla T4,50,1.0,1.0,1.0,1.0,0.5667136074760522,0.9721951383858318,0.0,0.0,0.0,0.0,1.525607163802326,0.4712211445568081,True,True
mask,54,full_enc1e-03_head1e-02,mask_seed54\diagnostic\full_enc1e-03_head1e-02\001pct,full,0.001,0.01,0.01,54,173,158,100,29,0.0798344314098358,0.7326644387860776,0.7326644387860776,0.1119844391505173,0.7190984489186234,0.1115290850915256,44,111c5ab6bad2a50126f847a4d3cdddde4040663b07df0dd68521650a20e0a080,100.30942071500068,16.530892270999175,80.14199204099532,2649.265625,6523.502,nvml_counter,65.78525708502023,523.2627409456326,1804672,72620,Tesla T4,50,0.992300547258118,0.928801245516466,0.8324425265472386,0.0730358547774878,0.0635778419045134,0.010549083492407,0.030659999418106,0.0267927545420291,0.0274972801994963,0.022884724685386,0.019995272146763,0.0237161445718641,True,True
mask,54,full_enc1e-03_head1e-02,mask_seed54\diagnostic\full_enc1e-03_head1e-02\005pct,full,0.001,0.01,0.05,54,870,742,350,34,0.0599781104496547,0.8229871467132288,0.8229871467132288,0.1710776139739514,0.8193450384557805,0.1685087603660655,44,111c5ab6bad2a50126f847a4d3cdddde4040663b07df0dd68521650a20e0a080,162.32645063499967,77.50541673899806,80.95261233200108,2682.82373046875,10593.208,nvml_counter,65.35417440401505,561.2510948297668,1804672,72620,Tesla T4,50,0.9843434605447948,0.9190122943383602,0.8454285593158204,0.301671536166401,0.2510331312352373,0.0283605463172681,0.0401990597882996,0.0362021276953073,0.038594262269911,0.0304642248010167,0.0241304064179355,0.031705491795507,True,True
mask,54,full_enc1e-03_head1e-02,mask_seed54\diagnostic\full_enc1e-03_head1e-02\010pct,full,0.001,0.01,0.1,54,1741,1495,700,34,0.0549487471580505,0.8433431190520111,0.8433431190520111,0.1958829700147117,0.8335679811764684,0.1960114286416292,44,111c5ab6bad2a50126f847a4d3cdddde4040663b07df0dd68521650a20e0a080,239.16935118699985,154.6740375779982,80.78426743699765,2723.16015625,15687.376,nvml_counter,65.75528473998294,562.7964548097019,1804672,72620,Tesla T4,50,0.9876824687907768,0.923648375663378,0.768007631249797,0.0907261686156981,0.0759536305049875,0.0100767301706023,0.0505105763983378,0.0430932939378813,0.0406463388208249,0.0377205491308179,0.0321569862539616,0.0383101559234514,True,True
mask,54,full_enc1e-03_head1e-02,mask_seed54\diagnostic\full_enc1e-03_head1e-02\025pct,full,0.001,0.01,0.25,54,4355,3736,1750,36,0.0689291885920933,0.8572105401338309,0.8572105401338309,0.2087626916007464,0.856966766787825,0.2132578722831075,44,111c5ab6bad2a50126f847a4d3cdddde4040663b07df0dd68521650a20e0a080,469.43500461499934,384.6734184570069,80.84677897800066,2843.60986328125,30867.083,nvml_counter,65.87259678120921,566.0645876531677,1804672,72620,Tesla T4,50,0.9769616167016424,0.9073224932006552,0.7713177593014777,0.228576449908546,0.2027899634151103,0.0234335488822238,0.0639210179622024,0.0569807791885432,0.0558578431450875,0.0502841812471822,0.0537734990606452,0.0521524800943689,True,True
mask,54,full_enc1e-02_head1e-02,mask_seed54\diagnostic\full_enc1e-02_head1e-02\100pct,full,0.01,0.01,1.0,54,17441,15031,6850,47,0.0419799393981042,0.9312642768463816,0.9312642768463816,0.3526637728994619,0.9311120249258528,0.3602367914721144,44,111c5ab6bad2a50126f847a4d3cdddde4040663b07df0dd68521650a20e0a080,1622.395337889,1538.2507494780002,80.31523808199563,3443.72607421875,107078.614,nvml_counter,66.16741625708885,566.9101739725639,1804672,72620,Tesla T4,50,0.5592584474702457,0.4730908436479888,0.4350740428575336,0.0745754128732627,0.0495109786824333,0.0090695810435752,0.9487945446054968,0.6335298912630709,0.5790471048026891,0.6586054736863823,0.7830280042897635,0.6638593519077687,True,True
mask,71,frozen_head1e-02,mask_seed71\diagnostic\frozen_head1e-02\001pct,frozen,0.0,0.01,0.01,71,173,151,100,31,0.0850372314453125,0.7014139260092669,0.7014139260092669,0.1031404195760573,0.697795864600936,0.098804168237812,44,fce9ea57db6f1a5f50d0b20eb0427d7f3565d19307d0d7fb2ffb91471f3cbb12,86.37508565099961,1.801555929001552,80.95619460300168,574.001953125,5517.758,nvml_counter,64.44043529411765,4801.405196892197,0,72620,Tesla T4,50,1.0,1.0,1.0000000000000002,1.0,1.0,1.0,0.0,0.0,0.0,0.0,0.0,0.0,True,True
mask,71,frozen_head1e-02,mask_seed71\diagnostic\frozen_head1e-02\005pct,frozen,0.0,0.01,0.05,71,868,749,350,48,0.0799208283424377,0.7695084318956212,0.7695084318956212,0.160137940199103,0.8015077349823982,0.1706804368496088,44,fce9ea57db6f1a5f50d0b20eb0427d7f3565d19307d0d7fb2ffb91471f3cbb12,90.16862354299974,5.261546056000952,80.93479340799968,605.4677734375,5786.11,nvml_counter,64.30988963963964,8248.526105839364,0,72620,Tesla T4,50,1.0,1.0,1.0000000000000002,1.0,1.0,1.0,0.0,0.0,0.0,0.0,0.0,0.0,True,True
mask,71,frozen_head1e-02,mask_seed71\diagnostic\frozen_head1e-02\010pct,frozen,0.0,0.01,0.1,71,1739,1507,700,48,0.0784918665885925,0.8250612536259235,0.8250612536259235,0.1724608834973739,0.8248375656143598,0.1767594339176645,44,fce9ea57db6f1a5f50d0b20eb0427d7f3565d19307d0d7fb2ffb91471f3cbb12,94.7598092419994,10.286139396002907,80.76617799099768,645.3115234375,6102.301,nvml_counter,64.15628693790151,8453.122853243452,0,72620,Tesla T4,50,1.0,1.0,1.0000000000000002,1.0,1.0,1.0,0.0,0.0,0.0,0.0,0.0,0.0,True,True
mask,71,frozen_head1e-02,mask_seed71\diagnostic\frozen_head1e-02\025pct,frozen,0.0,0.01,0.25,71,4360,3767,1750,39,0.0758678981236049,0.8540022517697334,0.8540022517697334,0.1965570060069128,0.8524662374069845,0.1996137042966323,44,fce9ea57db6f1a5f50d0b20eb0427d7f3565d19307d0d7fb2ffb91471f3cbb12,109.27798212200014,25.18358736600112,80.48692334300358,764.8876953125,7091.336,nvml_counter,65.63469144981413,8656.431541374006,0,72620,Tesla T4,50,1.0,1.0,1.0000000000000002,1.0,1.0,1.0,0.0,0.0,0.0,0.0,0.0,0.0,True,True
mask,71,frozen_head1e-02,mask_seed71\diagnostic\frozen_head1e-02\100pct,frozen,0.0,0.01,1.0,71,17441,15031,6850,44,0.0739071699824646,0.8710936783348054,0.8710936783348054,0.226085890768686,0.880571659989911,0.2272180977854125,44,fce9ea57db6f1a5f50d0b20eb0427d7f3565d19307d0d7fb2ffb91471f3cbb12,182.1821640340004,98.24820339200232,80.41493025299496,1366.20361328125,12003.734,nvml_counter,65.92645596432553,8875.989279117823,0,72620,Tesla T4,50,1.0,1.0,1.0000000000000002,1.0,1.0,1.0,0.0,0.0,0.0,0.0,0.0,0.0,True,True
mask,71,partial_enc1e-02_head1e-02,mask_seed71\diagnostic\partial_enc1e-02_head1e-02\001pct,partial,0.01,0.01,0.01,71,173,151,100,31,0.082496553659439,0.7202395098754952,0.7202395098754952,0.0943492684300878,0.684507229898768,0.104218212958358,44,fce9ea57db6f1a5f50d0b20eb0427d7f3565d19307d0d7fb2ffb91471f3cbb12,86.17996726000001,1.8596355890022096,80.62758352900073,574.42724609375,5520.425,nvml_counter,64.06977830188679,4651.4489457803775,162048,72620,Tesla T4,50,1.0,1.0,1.0000000000000002,1.0,0.932056164407775,0.9958242632142776,0.0,0.0,0.0,0.0,0.1998302329596037,0.0615254003398269,True,True
mask,71,partial_enc1e-02_head1e-02,mask_seed71\diagnostic\partial_enc1e-02_head1e-02\005pct,partial,0.01,0.01,0.05,71,868,749,350,22,0.072741184915815,0.7811347204432171,0.7811347204432171,0.1363907854003889,0.8011584226318719,0.1466704557614689,44,fce9ea57db6f1a5f50d0b20eb0427d7f3565d19307d0d7fb2ffb91471f3cbb12,91.0289564650002,6.4693744750002224,81.13099478399636,607.3310546875,5839.854,nvml_counter,64.18465625,6708.531121163535,162048,72620,Tesla T4,50,1.0,1.0,1.0000000000000002,1.0,0.930397009984796,0.992893519779704,0.0,0.0,0.0,0.0,0.2087822104626056,0.0642816099060574,True,True
mask,71,partial_enc1e-02_head1e-02,mask_seed71\diagnostic\partial_enc1e-02_head1e-02\010pct,partial,0.01,0.01,0.1,71,1739,1507,700,37,0.0688275269099644,0.8247885482353826,0.8247885482353826,0.1817296870690071,0.8284200685581148,0.1801518010761935,44,fce9ea57db6f1a5f50d0b20eb0427d7f3565d19307d0d7fb2ffb91471f3cbb12,97.00173639199966,12.44988179000302,80.87010123100026,647.1748046875,6245.783,nvml_counter,64.62752092050209,6984.002054527051,162048,72620,Tesla T4,50,1.0,1.0,1.0000000000000002,1.0,0.7108544520096548,0.9756595502004892,0.0,0.0,0.0,0.0,0.3788193471794077,0.1166340630568976,True,True
mask,71,partial_enc1e-02_head1e-02,mask_seed71\diagnostic\partial_enc1e-02_head1e-02\025pct,partial,0.01,0.01,0.25,71,4360,3767,1750,38,0.0686401094709123,0.8536829713862238,0.8536829713862238,0.2137811839941301,0.8553527406488167,0.2021601573830364,44,fce9ea57db6f1a5f50d0b20eb0427d7f3565d19307d0d7fb2ffb91471f3cbb12,114.78506127699984,30.676000561000365,80.61350375200072,766.7509765625,7454.799,nvml_counter,65.0517539823009,7106.532664403201,162048,72620,Tesla T4,50,1.0,1.0,1.0000000000000002,1.0,0.6912891730157946,0.977922252220841,0.0,0.0,0.0,0.0,0.5292633910864252,0.1629540312270439,True,True
mask,71,partial_enc1e-02_head1e-02,mask_seed71\diagnostic\partial_enc1e-02_head1e-02\100pct,partial,0.01,0.01,1.0,71,17441,15031,6850,34,0.0626296161735144,0.8915478561535551,0.8915478561535551,0.2565104709495834,0.8873608033453743,0.2539648492400528,44,fce9ea57db6f1a5f50d0b20eb0427d7f3565d19307d0d7fb2ffb91471f3cbb12,203.35483700400076,119.3473899209912,80.34018625399767,1368.06689453125,13414.016,nvml_counter,66.134994005994,7306.820874568796,162048,72620,Tesla T4,50,1.0,1.0,1.0000000000000002,1.0,0.5454508963861027,0.9489650909767032,0.0,0.0,0.0,0.0,1.421102472044002,0.4375408926941502,True,True
mask,71,full_enc1e-03_head1e-02,mask_seed71\diagnostic\full_enc1e-03_head1e-02\001pct,full,0.001,0.01,0.01,71,173,151,100,46,0.1005265265703201,0.7232024556359817,0.7232024556359817,0.1010837044968264,0.7122665991529353,0.1136832740842575,44,fce9ea57db6f1a5f50d0b20eb0427d7f3565d19307d0d7fb2ffb91471f3cbb12,101.49097368900038,16.865057906000402,80.785444465002,2649.265625,6508.736,nvml_counter,64.15224448897796,512.8947702529041,1804672,72620,Tesla T4,50,0.9886741706983286,0.8981106678087416,0.8434195145034434,0.5184882995921466,0.4778899773498229,0.0870525741595807,0.0280466797091647,0.0259563717171482,0.0290247377732354,0.0238414762287287,0.0202947004686814,0.0244549808618904,True,True
mask,71,full_enc1e-03_head1e-02,mask_seed71\diagnostic\full_enc1e-03_head1e-02\005pct,full,0.001,0.01,0.05,71,868,749,350,47,0.0653727310044424,0.8074933854066777,0.8074933854066777,0.167477433176709,0.8088626439302588,0.1728363778905438,44,fce9ea57db6f1a5f50d0b20eb0427d7f3565d19307d0d7fb2ffb91471f3cbb12,163.07942942499994,78.02489389499806,81.09771505099525,2682.7314453125,10529.357,nvml_counter,64.665465,556.232733342842,1804672,72620,Tesla T4,50,0.9826641331630932,0.9170287001291276,0.78518907479421,0.3274899039689923,0.3232977128871591,0.0262573782782779,0.0445656334616613,0.0386637565757498,0.0370217200850176,0.0326830082348259,0.0244617318922006,0.0333428599053411,True,True
mask,71,full_enc1e-03_head1e-02,mask_seed71\diagnostic\full_enc1e-03_head1e-02\010pct,full,0.001,0.01,0.1,71,1739,1507,700,25,0.058814274413245,0.8462031761196485,0.8462031761196485,0.1984944509453093,0.8387285479579955,0.1944586845462171,44,fce9ea57db6f1a5f50d0b20eb0427d7f3565d19307d0d7fb2ffb91471f3cbb12,240.99044233299992,156.3215315080015,80.99927988900072,2723.068359375,15605.232,nvml_counter,64.88140897544453,556.2253591121538,1804672,72620,Tesla T4,50,0.9773871188356988,0.9049802269065542,0.8099293046619256,0.1763258298981055,0.1645551015829738,0.0186060383727021,0.0431624846855523,0.0375846312990199,0.0362149825990891,0.0335539701875146,0.0260333581311578,0.0337895473926463,True,True
mask,71,full_enc1e-03_head1e-02,mask_seed71\diagnostic\full_enc1e-03_head1e-02\025pct,full,0.001,0.01,0.25,71,4360,3767,1750,40,0.0523017236164638,0.8896719418001156,0.8896719418001156,0.2436187207523589,0.8893140055113651,0.2376413832134128,44,fce9ea57db6f1a5f50d0b20eb0427d7f3565d19307d0d7fb2ffb91471f3cbb12,473.94384610200086,388.8917059160012,81.04581378399052,2843.6103515625,30737.799,nvml_counter,64.89902155172413,560.5673679424959,1804672,72620,Tesla T4,50,0.9518016235894866,0.8871332202298733,0.7269594386638137,0.271020962635058,0.257279267654877,0.0333564232718196,0.0957210804757615,0.0764008782972819,0.0713294669768799,0.0641013607012801,0.0485553813313644,0.0654556409091569,True,True
mask,71,full_enc1e-02_head1e-02,mask_seed71\diagnostic\full_enc1e-02_head1e-02\100pct,full,0.01,0.01,1.0,71,17441,15031,6850,49,0.0416851182923699,0.9375254347286396,0.9375254347286396,0.3433499628620318,0.93301861678815,0.360456666380667,44,fce9ea57db6f1a5f50d0b20eb0427d7f3565d19307d0d7fb2ffb91471f3cbb12,1639.0257269850008,1554.2377278049898,80.55809851299819,3443.72607421875,106597.56,nvml_counter,65.09106377137152,561.0789034387769,1804672,72620,Tesla T4,50,0.5615709526520902,0.5205847838586353,0.4027701275516501,0.1476039876736911,0.1321090979073552,0.023967265776647,0.8642620848824702,0.596733446299986,0.6113126800339092,0.693821484805847,0.7237673265093008,0.6800796709261436,True,True
denoise,22,frozen_head1e-02,denoise_seed22\diagnostic\frozen_head1e-02\001pct,frozen,0.0,0.01,0.01,22,173,144,100,49,0.0844689160585403,0.6932841953098275,0.6932841953098275,0.0865662572352183,0.6753650594557754,0.0896154549197863,44,508aa5a413456ad0ffb285157ef486f4a522b0b5545cf7df92f0a32b80de7289,91.0433301739995,1.76768854799775,85.32147824500043,574.001953125,5810.351,nvml_counter,63.85072098214285,4893.395960390082,0,72620,Tesla T4,50,1.0000000000000002,1.0,1.0,1.0000000000000002,1.0000000000000002,1.0,0.0,0.0,0.0,0.0,0.0,0.0,True,True
denoise,22,frozen_head1e-02,denoise_seed22\diagnostic\frozen_head1e-02\005pct,frozen,0.0,0.01,0.05,22,869,761,350,35,0.0823569978986467,0.7919975676242202,0.7919975676242202,0.1452550726553365,0.7839222808346265,0.1437515693673473,44,508aa5a413456ad0ffb285157ef486f4a522b0b5545cf7df92f0a32b80de7289,94.5649960740002,5.133975684998404,85.29710888699992,605.501953125,6070.442,nvml_counter,65.11642150537635,8463.226681606986,0,72620,Tesla T4,50,1.0000000000000002,1.0,1.0,1.0000000000000002,1.0000000000000002,1.0,0.0,0.0,0.0,0.0,0.0,0.0,True,True
denoise,22,frozen_head1e-02,denoise_seed22\diagnostic\frozen_head1e-02\010pct,frozen,0.0,0.01,0.1,22,1742,1516,700,41,0.0764541200229099,0.8036514106936465,0.8036514106936465,0.1730249034527874,0.8130615645625761,0.1746881061936274,44,508aa5a413456ad0ffb285157ef486f4a522b0b5545cf7df92f0a32b80de7289,99.335510117,10.059266400995512,85.26952404700387,645.484375,6384.259,nvml_counter,64.18855419222903,8658.68310152122,0,72620,Tesla T4,50,1.0000000000000002,1.0,1.0,1.0000000000000002,1.0000000000000002,1.0,0.0,0.0,0.0,0.0,0.0,0.0,True,True
denoise,22,frozen_head1e-02,denoise_seed22\diagnostic\frozen_head1e-02\025pct,frozen,0.0,0.01,0.25,22,4348,3768,1700,42,0.0738725802477668,0.8432578592179624,0.8432578592179624,0.2159330965418348,0.8469309733185937,0.2071543630161633,44,508aa5a413456ad0ffb285157ef486f4a522b0b5545cf7df92f0a32b80de7289,113.0573511800003,23.918221671998253,85.2046156020051,766.23291015625,7317.333,nvml_counter,64.39955395683454,9089.304505213964,0,72620,Tesla T4,50,1.0000000000000002,1.0,1.0,1.0000000000000002,1.0000000000000002,1.0,0.0,0.0,0.0,0.0,0.0,0.0,True,True
denoise,22,frozen_head1e-02,denoise_seed22\diagnostic\frozen_head1e-02\100pct,frozen,0.0,0.01,1.0,22,17441,15031,6850,41,0.0724808282225671,0.8811198430840925,0.8811198430840925,0.242357346748568,0.8798690520247786,0.2471284944707453,44,508aa5a413456ad0ffb285157ef486f4a522b0b5545cf7df92f0a32b80de7289,182.9661678770008,94.35858322199785,84.92266323000513,1366.20361328125,12024.714,nvml_counter,65.71190888888889,9241.872548555804,0,72620,Tesla T4,50,1.0000000000000002,1.0,1.0,1.0000000000000002,1.0000000000000002,1.0,0.0,0.0,0.0,0.0,0.0,0.0,True,True
denoise,22,partial_enc1e-03_head1e-02,denoise_seed22\diagnostic\partial_enc1e-03_head1e-02\001pct,partial,0.001,0.01,0.01,22,173,144,100,47,0.0846407711505889,0.7233466129557938,0.7233466129557938,0.0838244169511166,0.7181968897387645,0.0905789465584136,44,508aa5a413456ad0ffb285157ef486f4a522b0b5545cf7df92f0a32b80de7289,91.1247514380002,1.828484002992809,85.28654672000266,574.42724609375,5824.318,nvml_counter,64.257796875,4730.694928608581,162048,72620,Tesla T4,50,1.0000000000000002,1.0,1.0,1.0000000000000002,0.999989332038464,0.9998179420569924,0.0,0.0,0.0,0.0,0.0246981119474127,0.0074910808442952,True,True
denoise,22,partial_enc1e-03_head1e-02,denoise_seed22\diagnostic\partial_enc1e-03_head1e-02\005pct,partial,0.001,0.01,0.05,22,869,761,350,33,0.0793135166168212,0.81450418939035,0.81450418939035,0.143881459979229,0.7920758282340578,0.1478777248643094,44,508aa5a413456ad0ffb285157ef486f4a522b0b5545cf7df92f0a32b80de7289,95.3249488699994,6.09510524399866,85.25857778299724,607.365234375,6117.502,nvml_counter,63.90139232409382,7128.671000846389,162048,72620,Tesla T4,50,1.0000000000000002,1.0,1.0,1.0000000000000002,0.999981990635988,0.9996673826808214,0.0,0.0,0.0,0.0,0.0365532295477146,0.011086806888115,True,True
denoise,22,partial_enc1e-03_head1e-02,denoise_seed22\diagnostic\partial_enc1e-03_head1e-02\025pct,partial,0.001,0.01,0.25,22,4348,3768,1700,42,0.070385687491473,0.8647526639116044,0.8647526639116044,0.2270395465730068,0.8608402260864907,0.2132627304128248,44,508aa5a413456ad0ffb285157ef486f4a522b0b5545cf7df92f0a32b80de7289,118.49367581699973,29.097210729003564,85.3298799059994,768.09619140625,7667.011,nvml_counter,64.79661063464837,7471.506531150069,162048,72620,Tesla T4,50,1.0000000000000002,1.0,1.0,1.0000000000000002,0.9999816577243223,0.9996601556842124,0.0,0.0,0.0,0.0,0.1123699475262906,0.0340824579296167,True,True
denoise,22,partial_enc1e-02_head1e-02,denoise_seed22\diagnostic\partial_enc1e-02_head1e-02\010pct,partial,0.01,0.01,0.1,22,1742,1516,700,49,0.0716313634599958,0.8247948255948113,0.8247948255948113,0.1782851393583406,0.8231779355848615,0.179851272290064,44,508aa5a413456ad0ffb285157ef486f4a522b0b5545cf7df92f0a32b80de7289,101.17542140299976,11.793688122997992,85.31903242699718,647.34765625,6507.962,nvml_counter,64.70959036144578,7385.306368255812,162048,72620,Tesla T4,50,1.0000000000000002,1.0,1.0,1.0000000000000002,0.99996701344425,0.999482412263839,0.0,0.0,0.0,0.0,0.3614578503473001,0.1096322660016306,True,True
denoise,22,partial_enc1e-02_head1e-02,denoise_seed22\diagnostic\partial_enc1e-02_head1e-02\100pct,partial,0.01,0.01,1.0,22,17441,15031,6850,47,0.0641174455628778,0.8909322681058494,0.8909322681058494,0.2360596223319165,0.8879723425509929,0.2415702525150695,44,508aa5a413456ad0ffb285157ef486f4a522b0b5545cf7df92f0a32b80de7289,202.82822370600115,114.23475240999868,84.88517829699958,1368.06689453125,13347.333,nvml_counter,65.85363527054108,7633.841555239994,162048,72620,Tesla T4,50,1.0000000000000002,1.0,1.0,1.0000000000000002,0.9999745448045512,0.9995350432323516,0.0,0.0,0.0,0.0,1.3175162102043745,0.3996103210368833,True,True
denoise,22,full_enc1e-03_head1e-02,denoise_seed22\diagnostic\full_enc1e-03_head1e-02\001pct,full,0.001,0.01,0.01,22,173,144,100,50,0.079054519534111,0.7363517140612015,0.7363517140612015,0.1019690107992755,0.7191797428842575,0.1019823092818863,44,508aa5a413456ad0ffb285157ef486f4a522b0b5545cf7df92f0a32b80de7289,106.91786482000045,17.140977431002284,85.69585507800093,2649.265625,6851.555,nvml_counter,64.46210456273764,504.6386668916003,1804672,72620,Tesla T4,50,0.9953192155682584,0.9830120721904584,0.9775315813048332,0.5944371098727064,0.5916939887698038,0.4664649074655965,0.0270824776005129,0.0237797094823398,0.0253797507523383,0.0225744060079358,0.0198818265201525,0.0228658017162376,True,True
denoise,22,full_enc1e-03_head1e-02,denoise_seed22\diagnostic\full_enc1e-03_head1e-02\005pct,full,0.001,0.01,0.05,22,869,761,350,40,0.0653131987367357,0.8325350075163306,0.8325350075163306,0.181208624802169,0.8032040845360242,0.1827088539337957,44,508aa5a413456ad0ffb285157ef486f4a522b0b5545cf7df92f0a32b80de7289,169.85587680800018,79.94854255200153,85.72362373299893,2682.77734375,10941.556,nvml_counter,63.91561944777911,543.4745726820285,1804672,72620,Tesla T4,50,0.973873673670697,0.9002519144189379,0.8882515059833538,0.0007744526526468,0.000683668976957,0.0004712757259573,0.0774096915760731,0.0711653180719071,0.0752437415892302,0.0489557907387652,0.0263149374381923,0.0542119752686911,True,True
denoise,22,full_enc1e-03_head1e-02,denoise_seed22\diagnostic\full_enc1e-03_head1e-02\010pct,full,0.001,0.01,0.1,22,1742,1516,700,39,0.0613649998392377,0.849107246858357,0.849107246858357,0.2133027057042283,0.8320765272498238,0.1947082716263957,44,508aa5a413456ad0ffb285157ef486f4a522b0b5545cf7df92f0a32b80de7289,249.8731091769996,160.25751645900343,85.7492283420006,2723.2060546875,16133.653,nvml_counter,64.47969174161896,543.5002483785628,1804672,72620,Tesla T4,50,0.9451042501231822,0.6644931655965728,0.6622641512700594,0.0158355248894839,0.0157610818205276,0.0149279519512297,0.0951232288825376,0.0828038825779509,0.0715170622307054,0.0552636404923097,0.0402925645213243,0.0602189179864469,True,True
denoise,22,full_enc1e-03_head1e-02,denoise_seed22\diagnostic\full_enc1e-03_head1e-02\025pct,full,0.001,0.01,0.25,22,4348,3768,1700,42,0.049121667357052,0.8778682229414166,0.8778682229414166,0.2538866834905345,0.8685526049334306,0.2581785024699174,44,508aa5a413456ad0ffb285157ef486f4a522b0b5545cf7df92f0a32b80de7289,485.611843488,396.3527746880018,85.58030017000237,2843.60791015625,31458.787,nvml_counter,64.73150842459984,548.5012692824755,1804672,72620,Tesla T4,50,0.9683193709755544,0.8744794063965431,0.8022634728458417,0.007692826197237,0.0077369256258618,0.006800510807075,0.0865298265686518,0.0772953850001799,0.0784286182093142,0.0955288511123852,0.0711957790547371,0.0897467697880999,True,True
denoise,22,full_enc1e-02_head1e-02,denoise_seed22\diagnostic\full_enc1e-02_head1e-02\100pct,full,0.01,0.01,1.0,22,17441,15031,6850,45,0.0402836834427214,0.938292778943924,0.938292778943924,0.3677323013272707,0.9332880604103546,0.3621462175130089,44,508aa5a413456ad0ffb285157ef486f4a522b0b5545cf7df92f0a32b80de7289,1679.9088381810016,1590.4489064690024,85.4960999370087,3443.72607421875,109023.209,nvml_counter,64.81071788934926,548.3043161292501,1804672,72620,Tesla T4,50,0.5303580264703405,0.4493031948165971,0.3452156723443061,0.0043108179109487,0.0026218791329441,0.0036356454531279,0.8320650804684582,0.6034876820117344,0.5660708900987889,0.6438017517332064,0.6000076900904996,0.62918440287398,True,True
denoise,54,frozen_head1e-02,denoise_seed54\diagnostic\frozen_head1e-02\001pct,frozen,0.0,0.01,0.01,54,173,158,100,49,0.1063379049301147,0.6940417865226908,0.6940417865226908,0.0904702290252653,0.7058042046870346,0.0944873489889682,44,d6a789214ebbb50bdaed8474a9b679039ec88aa2b0d1ce98a23e71afde841ecb,91.97707952600013,1.922568589000548,86.01342702499551,574.001953125,5863.467,nvml_counter,64.13072123893807,4499.189287440051,0,72620,Tesla T4,50,1.0,1.0,1.0000000000000002,1.0000000000000002,1.0,1.0000000000000002,0.0,0.0,0.0,0.0,0.0,0.0,True,True
denoise,54,frozen_head1e-02,denoise_seed54\diagnostic\frozen_head1e-02\005pct,frozen,0.0,0.01,0.05,54,870,742,350,46,0.0870393684932163,0.7956623896598813,0.7956623896598813,0.1478067762345211,0.7764743107305102,0.1474308463077752,44,d6a789214ebbb50bdaed8474a9b679039ec88aa2b0d1ce98a23e71afde841ecb,95.63190897899948,5.418076586003735,85.91264126900569,605.53759765625,6103.29,nvml_counter,63.80264468085106,8028.679423316296,0,72620,Tesla T4,50,1.0,1.0,1.0000000000000002,1.0000000000000002,1.0,1.0000000000000002,0.0,0.0,0.0,0.0,0.0,0.0,True,True
denoise,54,frozen_head1e-02,denoise_seed54\diagnostic\frozen_head1e-02\010pct,frozen,0.0,0.01,0.1,54,1741,1495,700,48,0.0807786839348929,0.820030039372951,0.820030039372951,0.1766696418897207,0.8082464403304765,0.1798406630052205,44,d6a789214ebbb50bdaed8474a9b679039ec88aa2b0d1ce98a23e71afde841ecb,99.49267456399956,9.76087352700415,85.73069718299757,645.4267578125,6383.429,nvml_counter,64.75852857142858,8918.259186451907,0,72620,Tesla T4,50,1.0,1.0,1.0000000000000002,1.0000000000000002,1.0,1.0000000000000002,0.0,0.0,0.0,0.0,0.0,0.0,True,True
denoise,54,frozen_head1e-02,denoise_seed54\diagnostic\frozen_head1e-02\025pct,frozen,0.0,0.01,0.25,54,4355,3736,1750,38,0.0807651587894984,0.8349138221202701,0.8349138221202701,0.2068976509685547,0.8381753371929551,0.1995203221197972,44,d6a789214ebbb50bdaed8474a9b679039ec88aa2b0d1ce98a23e71afde841ecb,114.17770816400024,24.258597920001197,85.81221801799529,764.82958984375,7356.261,nvml_counter,64.65666192170819,8976.198901440437,0,72620,Tesla T4,50,1.0,1.0,1.0000000000000002,1.0000000000000002,1.0,1.0000000000000002,0.0,0.0,0.0,0.0,0.0,0.0,True,True
denoise,54,frozen_head1e-02,denoise_seed54\diagnostic\frozen_head1e-02\100pct,frozen,0.0,0.01,1.0,54,17441,15031,6850,36,0.0718387965738338,0.8855026810561977,0.8855026810561977,0.2491437635035739,0.8784316951908102,0.2431865706166533,44,d6a789214ebbb50bdaed8474a9b679039ec88aa2b0d1ce98a23e71afde841ecb,182.646201951,93.30701021100322,85.45322346699504,1366.20361328125,11949.696,nvml_counter,65.3374872080089,9346.02874990805,0,72620,Tesla T4,50,1.0,1.0,1.0000000000000002,1.0000000000000002,1.0,1.0000000000000002,0.0,0.0,0.0,0.0,0.0,0.0,True,True
denoise,54,partial_enc1e-03_head1e-02,denoise_seed54\diagnostic\partial_enc1e-03_head1e-02\001pct,partial,0.001,0.01,0.01,54,173,158,100,49,0.1062443703413009,0.7170725277749593,0.7170725277749593,0.0864446502664449,0.7126774806285234,0.0884037495583138,44,d6a789214ebbb50bdaed8474a9b679039ec88aa2b0d1ce98a23e71afde841ecb,92.33291542299958,1.9073967390004327,86.01020015099857,574.42724609375,5879.128,nvml_counter,63.923522026431726,4534.976821095444,162048,72620,Tesla T4,50,1.0,1.0,1.0000000000000002,1.0000000000000002,0.999987428774955,0.9997209967249924,0.0,0.0,0.0,0.0,0.0248427451546108,0.0075373204690198,True,True
denoise,54,partial_enc1e-03_head1e-02,denoise_seed54\diagnostic\partial_enc1e-03_head1e-02\005pct,partial,0.001,0.01,0.05,54,870,742,350,48,0.0858852011816842,0.8006816034186683,0.8006816034186683,0.1526015877426848,0.7853858647912412,0.1524608014306847,44,d6a789214ebbb50bdaed8474a9b679039ec88aa2b0d1ce98a23e71afde841ecb,96.29207670000052,6.013194897003814,85.82712011199601,607.40087890625,6152.916,nvml_counter,64.07760548523207,7234.091152055405,162048,72620,Tesla T4,50,1.0,1.0,1.0000000000000002,1.0000000000000002,0.9999832864659062,0.9995643420743794,0.0,0.0,0.0,0.0,0.0497864532597825,0.0151052732256205,True,True
denoise,54,partial_enc1e-03_head1e-02,denoise_seed54\diagnostic\partial_enc1e-03_head1e-02\025pct,partial,0.001,0.01,0.25,54,4355,3736,1750,49,0.0788860934121268,0.8458999813470015,0.8458999813470015,0.2023139395416475,0.8550101299486911,0.2024140924189574,44,d6a789214ebbb50bdaed8474a9b679039ec88aa2b0d1ce98a23e71afde841ecb,118.37497100899964,28.757671744001527,85.5073059169963,766.69287109375,7644.635,nvml_counter,64.50896740994855,7571.892534917045,162048,72620,Tesla T4,50,1.0,1.0,1.0000000000000002,1.0000000000000002,0.9999822159267951,0.999591293529169,0.0,0.0,0.0,0.0,0.0494053946549142,0.0149896595603635,True,True
denoise,54,partial_enc1e-02_head1e-02,denoise_seed54\diagnostic\partial_enc1e-02_head1e-02\010pct,partial,0.01,0.01,0.1,54,1741,1495,700,47,0.0767099005835396,0.8293996194613396,0.8293996194613396,0.200314976275599,0.8160733949141125,0.1917503313342471,44,d6a789214ebbb50bdaed8474a9b679039ec88aa2b0d1ce98a23e71afde841ecb,100.8754712459995,11.677421891998163,85.40623513600349,647.2900390625,6486.376,nvml_counter,64.39323541247485,7454.556391394074,162048,72620,Tesla T4,50,1.0,1.0,1.0000000000000002,1.0000000000000002,0.999972501290894,0.9993835456567634,0.0,0.0,0.0,0.0,0.3856229672984298,0.1169984986221684,True,True
denoise,54,partial_enc1e-02_head1e-02,denoise_seed54\diagnostic\partial_enc1e-02_head1e-02\100pct,partial,0.01,0.01,1.0,54,17441,15031,6850,50,0.0631460899854228,0.9016193363122146,0.9016193363122146,0.2742845468534168,0.891336572443083,0.2679865640958136,44,d6a789214ebbb50bdaed8474a9b679039ec88aa2b0d1ce98a23e71afde841ecb,202.6449208489994,113.26844721400084,85.46427648400277,1368.06689453125,13272.189,nvml_counter,65.54094889779559,7698.966671207337,162048,72620,Tesla T4,50,1.0,1.0,1.0000000000000002,1.0000000000000002,0.9999040052625662,0.9995171926955654,0.0,0.0,0.0,0.0,1.3481184954107857,0.409020865724978,True,True
denoise,54,full_enc1e-03_head1e-02,denoise_seed54\diagnostic\full_enc1e-03_head1e-02\001pct,full,0.001,0.01,0.01,54,173,158,100,47,0.0956650823354721,0.7190621500623458,0.7190621500623458,0.0956375992875674,0.7235106206438605,0.1044819843391483,44,d6a789214ebbb50bdaed8474a9b679039ec88aa2b0d1ce98a23e71afde841ecb,108.01238914799978,17.453114721996826,86.3091056059975,2649.265625,6912.295,nvml_counter,64.0069020715631,495.6135416389646,1804672,72620,Tesla T4,50,0.9816378808607688,0.953782184871874,0.9182708953992584,0.0001610690641529,0.0001657973381419,0.0002946836026377,0.0415282225075439,0.0381321732696313,0.0418158526344519,0.0321647791210091,0.0206733698079481,0.0333570498826592,True,True
denoise,54,full_enc1e-03_head1e-02,denoise_seed54\diagnostic\full_enc1e-03_head1e-02\005pct,full,0.001,0.01,0.05,54,870,742,350,45,0.0717710086277553,0.8109171851159412,0.8109171851159412,0.1719595701710643,0.8051731804912273,0.1777456093083078,44,d6a789214ebbb50bdaed8474a9b679039ec88aa2b0d1ce98a23e71afde841ecb,172.3708392790004,82.03041365600075,86.3473501719991,2682.82373046875,11099.412,nvml_counter,64.36335621301775,530.2911208325701,1804672,72620,Tesla T4,50,0.9752052361437172,0.8988951199560268,0.7669392650634902,0.0001741531365441,0.0001927078916101,0.0001064277089159,0.0753997073615124,0.0687532097665799,0.0763111055759434,0.0519538484086456,0.0290113577317684,0.0559895199958452,True,True
denoise,54,full_enc1e-03_head1e-02,denoise_seed54\diagnostic\full_enc1e-03_head1e-02\010pct,full,0.001,0.01,0.1,54,1741,1495,700,37,0.0614783380712781,0.8360462916363999,0.8360462916363999,0.2011678191758139,0.8335590317817467,0.2079084190029218,44,d6a789214ebbb50bdaed8474a9b679039ec88aa2b0d1ce98a23e71afde841ecb,253.4687834610004,163.84100164700158,85.942969687002,2723.16015625,16395.996,nvml_counter,64.56411039484287,531.3077869698991,1804672,72620,Tesla T4,50,0.962318225525078,0.7150847519313686,0.5485884850940772,0.000164818823145,0.0001837572149903,8.551696640950326e-05,0.042049599825649,0.036706905256999,0.0360229862951697,0.0523985405332725,0.0409764756525138,0.0481790967012416,True,True
denoise,54,full_enc1e-03_head1e-02,denoise_seed54\diagnostic\full_enc1e-03_head1e-02\025pct,full,0.001,0.01,0.25,54,4355,3736,1750,47,0.0669959204537527,0.8723541663660289,0.8723541663660289,0.2369252254184467,0.868762054164565,0.2376999145040629,44,d6a789214ebbb50bdaed8474a9b679039ec88aa2b0d1ce98a23e71afde841ecb,496.565230092001,406.4158460989984,86.0526691569994,2843.60986328125,32194.512,nvml_counter,64.66721737340471,535.7812745002037,1804672,72620,Tesla T4,50,0.970349317742975,0.8988385668234803,0.8307829259192503,0.0001877849449585,0.0001828091165639,0.0001362372081512,0.0845398593714066,0.0752319713818282,0.0781676871723636,0.090392217949348,0.1050449439083784,0.0889831558283095,True,True
denoise,54,full_enc1e-02_head1e-02,denoise_seed54\diagnostic\full_enc1e-02_head1e-02\100pct,full,0.01,0.01,1.0,54,17441,15031,6850,45,0.043615403836661,0.9301447657817016,0.9301447657817016,0.3410527739343981,0.9270033673250136,0.3526683283020295,44,d6a789214ebbb50bdaed8474a9b679039ec88aa2b0d1ce98a23e71afde841ecb,1724.3139349519988,1634.2049903190054,85.94810836800025,3443.72607421875,112130.23,nvml_counter,64.68276934947768,533.6233857845283,1804672,72620,Tesla T4,50,0.6181304808178075,0.5225261391174048,0.4050822618745976,0.0076347763014438,0.0063033802027226,0.0066234350666578,0.96170006933783,0.7198494851785513,0.6774571944492576,0.7005772872888477,0.799726682353627,0.7126970852265196,True,True
denoise,71,frozen_head1e-02,denoise_seed71\diagnostic\frozen_head1e-02\001pct,frozen,0.0,0.01,0.01,71,173,151,100,46,0.1033165231347084,0.7058598807746802,0.7058598807746802,0.0825076458746793,0.6832369939007813,0.0840252964208595,44,d04e3f817bab0ae98ade52e583c3a97d92eb1c481d48e27e93323ab845f79dd9,91.91876130199944,1.866368697001235,85.85387587300374,574.001953125,5818.021,nvml_counter,63.29440707964602,4634.6683878154845,0,72620,Tesla T4,50,1.0,1.0000000000000002,1.0,1.0,1.0,1.0,0.0,0.0,0.0,0.0,0.0,0.0,True,True
denoise,71,frozen_head1e-02,denoise_seed71\diagnostic\frozen_head1e-02\005pct,frozen,0.0,0.01,0.05,71,868,749,350,48,0.083788343838283,0.7671014787965921,0.7671014787965921,0.1500207462066579,0.7919070863736942,0.1519393994797256,44,d04e3f817bab0ae98ade52e583c3a97d92eb1c481d48e27e93323ab845f79dd9,95.12413323800048,4.999056665998069,85.85713774600117,605.4677734375,6050.995,nvml_counter,64.0298782051282,8681.637936851657,0,72620,Tesla T4,50,1.0,1.0000000000000002,1.0,1.0,1.0,1.0,0.0,0.0,0.0,0.0,0.0,0.0,True,True
denoise,71,frozen_head1e-02,denoise_seed71\diagnostic\frozen_head1e-02\010pct,frozen,0.0,0.01,0.1,71,1739,1507,700,50,0.0822696941239493,0.8074174259353661,0.8074174259353661,0.1788391042997748,0.8313666931859302,0.1794511420023562,44,d04e3f817bab0ae98ade52e583c3a97d92eb1c481d48e27e93323ab845f79dd9,99.62515703400004,9.872847440001353,85.82075173600333,645.3115234375,6353.702,nvml_counter,63.5062306122449,8806.983043990813,0,72620,Tesla T4,50,1.0,1.0000000000000002,1.0,1.0,1.0,1.0,0.0,0.0,0.0,0.0,0.0,0.0,True,True
denoise,71,frozen_head1e-02,denoise_seed71\diagnostic\frozen_head1e-02\025pct,frozen,0.0,0.01,0.25,71,4360,3767,1750,39,0.0755980082920619,0.8633958819410413,0.8633958819410413,0.2090122746120846,0.8567539408294597,0.2122292430038101,44,d04e3f817bab0ae98ade52e583c3a97d92eb1c481d48e27e93323ab845f79dd9,113.8528950230002,24.35073166999973,85.57647032699697,764.8876953125,7295.28,nvml_counter,64.65718928571428,8952.503068668671,0,72620,Tesla T4,50,1.0,1.0000000000000002,1.0,1.0,1.0,1.0,0.0,0.0,0.0,0.0,0.0,0.0,True,True
denoise,71,frozen_head1e-02,denoise_seed71\diagnostic\frozen_head1e-02\100pct,frozen,0.0,0.01,1.0,71,17441,15031,6850,45,0.0719413409267898,0.8786908372183446,0.8786908372183446,0.2463197892175932,0.8814646306829202,0.2402673847898017,44,d04e3f817bab0ae98ade52e583c3a97d92eb1c481d48e27e93323ab845f79dd9,183.76300787999932,94.54213224799425,85.3330095540041,1366.20361328125,11948.174,nvml_counter,64.92676327433628,9223.929895218764,0,72620,Tesla T4,50,1.0,1.0000000000000002,1.0,1.0,1.0,1.0,0.0,0.0,0.0,0.0,0.0,0.0,True,True
denoise,71,partial_enc1e-03_head1e-02,denoise_seed71\diagnostic\partial_enc1e-03_head1e-02\001pct,partial,0.001,0.01,0.01,71,173,151,100,50,0.1010139063000679,0.6789654354434999,0.6789654354434999,0.0809748961615445,0.6798485903121022,0.0822515393206888,44,d04e3f817bab0ae98ade52e583c3a97d92eb1c481d48e27e93323ab845f79dd9,91.57224669100016,1.7843905970021297,85.6830462919952,574.42724609375,5814.748,nvml_counter,63.32622394678492,4847.593354578564,162048,72620,Tesla T4,50,1.0,1.0000000000000002,1.0,1.0,0.9999910493826408,0.9999569400833268,0.0,0.0,0.0,0.0,0.0231620244054184,0.0070111682868729,True,True
denoise,71,partial_enc1e-03_head1e-02,denoise_seed71\diagnostic\partial_enc1e-03_head1e-02\005pct,partial,0.001,0.01,0.05,71,868,749,350,48,0.0844750148909432,0.7892745305978263,0.7892745305978263,0.1438223511101934,0.7879275954331348,0.1400782447791232,44,d04e3f817bab0ae98ade52e583c3a97d92eb1c481d48e27e93323ab845f79dd9,97.94949465799982,6.703273746999912,86.81161449799947,607.3310546875,6217.317,nvml_counter,63.59010995850623,6474.448402084715,162048,72620,Tesla T4,50,1.0,1.0000000000000002,1.0,1.0,0.9999908562268628,0.9999531565883688,0.0,0.0,0.0,0.0,0.0351154921375445,0.0106294950969438,True,True
denoise,71,partial_enc1e-03_head1e-02,denoise_seed71\diagnostic\partial_enc1e-03_head1e-02\025pct,partial,0.001,0.01,0.25,71,4360,3767,1750,47,0.0723726681300572,0.8623927051787341,0.8623927051787341,0.2114578233564261,0.8636652905278104,0.2208471397308533,44,d04e3f817bab0ae98ade52e583c3a97d92eb1c481d48e27e93323ab845f79dd9,119.489660706,29.64453659600076,85.66587039199567,766.7509765625,7666.736,nvml_counter,64.07910884353743,7353.800228721052,162048,72620,Tesla T4,50,1.0,1.0000000000000002,1.0,1.0,0.9999908142558468,0.999947093127568,0.0,0.0,0.0,0.0,0.0844775100924951,0.0255714280128267,True,True
denoise,71,partial_enc1e-02_head1e-02,denoise_seed71\diagnostic\partial_enc1e-02_head1e-02\010pct,partial,0.01,0.01,0.1,71,1739,1507,700,47,0.0790556158338274,0.8241495130320936,0.8241495130320936,0.1784209095327722,0.8276867687312073,0.1907023510977882,44,d04e3f817bab0ae98ade52e583c3a97d92eb1c481d48e27e93323ab845f79dd9,101.73581583799933,11.962874015002852,85.76687336800114,647.1748046875,6490.659,nvml_counter,63.4815389221557,7268.320295854864,162048,72620,Tesla T4,50,1.0,1.0000000000000002,1.0,1.0,0.9999783232231924,0.9998851591494085,0.0,0.0,0.0,0.0,0.4045799903284397,0.1224667735446542,True,True
denoise,71,partial_enc1e-02_head1e-02,denoise_seed71\diagnostic\partial_enc1e-02_head1e-02\100pct,partial,0.01,0.01,1.0,71,17441,15031,6850,44,0.0626493231223447,0.8992881801249695,0.8992881801249695,0.2526676515352651,0.8976633931074459,0.2689327173063138,44,d04e3f817bab0ae98ade52e583c3a97d92eb1c481d48e27e93323ab845f79dd9,204.57544647000032,115.349455141999,85.38337427500664,1368.06689453125,13320.927,nvml_counter,64.92559384309831,7560.070387211432,162048,72620,Tesla T4,50,1.0,1.0000000000000002,1.0,1.0,0.999976192952043,0.9999181895698592,0.0,0.0,0.0,0.0,1.3383621714335756,0.4051235871468301,True,True
denoise,71,full_enc1e-03_head1e-02,denoise_seed71\diagnostic\full_enc1e-03_head1e-02\001pct,full,0.001,0.01,0.01,71,173,151,100,49,0.0888724848628044,0.7323566796861545,0.7323566796861545,0.0990337432722713,0.7331004587113609,0.0953759782149631,44,d04e3f817bab0ae98ade52e583c3a97d92eb1c481d48e27e93323ab845f79dd9,109.24836620499993,18.41669776600429,86.18581975600137,2649.265625,6939.028,nvml_counter,63.30603351955307,469.6824647884046,1804672,72620,Tesla T4,50,0.9847030220406604,0.9648436194017136,0.9372427249960564,0.766812272491296,0.7654210328967171,0.7433566112550588,0.0329603326202274,0.0264440572285639,0.0250520466528937,0.0204192214779504,0.0205252398292411,0.0218767440981221,True,True
denoise,71,full_enc1e-03_head1e-02,denoise_seed71\diagnostic\full_enc1e-03_head1e-02\005pct,full,0.001,0.01,0.05,71,868,749,350,48,0.0698269733360835,0.8048052475197259,0.8048052475197259,0.1820261053811957,0.8032626736103562,0.1815152358947596,44,d04e3f817bab0ae98ade52e583c3a97d92eb1c481d48e27e93323ab845f79dd9,178.49126542399972,87.51392304300043,86.71444975200029,2682.7314453125,11431.457,nvml_counter,64.45544114285714,495.9210887926391,1804672,72620,Tesla T4,50,0.9787377574857704,0.9637662496841668,0.945477697348077,1.919589923174376e-05,1.813628995509649e-05,2.355741672602708e-05,0.0412984688545253,0.0364569703672812,0.0376189857232617,0.0347675090999673,0.0287119774127048,0.0348600829144204,True,True
denoise,71,full_enc1e-03_head1e-02,denoise_seed71\diagnostic\full_enc1e-03_head1e-02\010pct,full,0.001,0.01,0.1,71,1739,1507,700,49,0.0590952592236655,0.8388687963062966,0.8388687963062966,0.2253572189017396,0.8464698007056989,0.2232015097610045,44,d04e3f817bab0ae98ade52e583c3a97d92eb1c481d48e27e93323ab845f79dd9,265.60824171400054,175.23124932099836,86.34327074000248,2723.068359375,17068.036,nvml_counter,64.39197615384616,496.20145000918274,1804672,72620,Tesla T4,50,0.9527603421778076,0.8756483608942791,0.7961049626576345,0.0001179111685505,9.027178712197168e-05,4.8719163455707295e-05,0.0807701124392242,0.0830763458238075,0.0914694815681935,0.0610859874537375,0.0401018491208572,0.0666456138819772,True,True
denoise,71,full_enc1e-03_head1e-02,denoise_seed71\diagnostic\full_enc1e-03_head1e-02\025pct,full,0.001,0.01,0.25,71,4360,3767,1750,37,0.0556055579866681,0.8855655609740474,0.8855655609740474,0.2686274574706054,0.8873442759829072,0.2591506113346839,44,d04e3f817bab0ae98ade52e583c3a97d92eb1c481d48e27e93323ab845f79dd9,524.6588191260016,434.9512183730003,85.83640900399587,2843.6103515625,33842.868,nvml_counter,64.54229851909585,501.2056313244998,1804672,72620,Tesla T4,50,0.9777011539674108,0.904971892823598,0.8210898272448903,0.0016663149975963,0.0020110768114433,0.0015853809796397,0.0560541619090785,0.053015315090796,0.0596124250947489,0.0857811460175034,0.0704275670385903,0.0785381513764632,True,True
denoise,71,full_enc1e-02_head1e-02,denoise_seed71\diagnostic\full_enc1e-02_head1e-02\100pct,full,0.01,0.01,1.0,71,17441,15031,6850,47,0.0439845210444318,0.9325358302844512,0.9325358302844512,0.3297676434684619,0.9283606688644284,0.3405220415466268,44,d04e3f817bab0ae98ade52e583c3a97d92eb1c481d48e27e93323ab845f79dd9,1830.610393769999,1740.263362325999,86.00298119100626,3443.72607421875,118395.995,nvml_counter,64.77484561207378,501.1023152463754,1804672,72620,Tesla T4,50,0.7135693305869291,0.5201611158187774,0.4540107055907849,0.0019397326087683,0.0028126010635539,0.0024348161530509,0.7174089246385614,0.5594603709835549,0.5188747400244906,0.7334366571615782,0.7411501941156594,0.6953062347237264,True,True
simclr,22,frozen_head1e-02,simclr_seed22\diagnostic\frozen_head1e-02\001pct,frozen,0.0,0.01,0.01,22,173,144,100,50,0.0699567347764968,0.6940605720330167,0.6940605720330167,0.1184453039671799,0.7064371095889777,0.1164205588692259,44,46894e9287f68430df1b408d2a1fd81129e8d219fcfbfee9620618ecef05c696,95.24966137299998,1.848405513997932,88.7595876539981,572.90869140625,6016.764,nvml_counter,63.98149253731343,4679.70904354794,0,72620,Tesla T4,50,1.0000000000000002,1.0,1.0000000000000002,1.0000000000000002,1.0000000000000002,1.0,0.0,0.0,0.0,0.0,0.0,0.0,True,True
simclr,22,frozen_head1e-02,simclr_seed22\diagnostic\frozen_head1e-02\005pct,frozen,0.0,0.01,0.05,22,869,761,350,37,0.0658524078982217,0.8061106864753078,0.8061106864753078,0.168801866887412,0.8023066848689466,0.1731425221867142,44,46894e9287f68430df1b408d2a1fd81129e8d219fcfbfee9620618ecef05c696,98.15578699199978,5.431646838998859,88.53716896999322,605.83251953125,6220.024,nvml_counter,63.06148240165631,7999.415515757012,0,72620,Tesla T4,50,1.0000000000000002,1.0,1.0000000000000002,1.0000000000000002,1.0000000000000002,1.0,0.0,0.0,0.0,0.0,0.0,0.0,True,True
simclr,22,frozen_head1e-02,simclr_seed22\diagnostic\frozen_head1e-02\010pct,frozen,0.0,0.01,0.1,22,1742,1516,700,33,0.0677200981548854,0.8348881980705097,0.8348881980705097,0.1997727340513,0.8299100161430623,0.1874280841204309,44,46894e9287f68430df1b408d2a1fd81129e8d219fcfbfee9620618ecef05c696,103.17539360199952,11.064507124001466,88.1353681099954,645.435546875,6567.01,nvml_counter,63.768547244094485,7872.018068573522,0,72620,Tesla T4,50,1.0000000000000002,1.0,1.0000000000000002,1.0000000000000002,1.0000000000000002,1.0,0.0,0.0,0.0,0.0,0.0,0.0,True,True
simclr,22,frozen_head1e-02,simclr_seed22\diagnostic\frozen_head1e-02\025pct,frozen,0.0,0.01,0.25,22,4348,3768,1700,50,0.0678651753593893,0.8603134262143393,0.8603134262143393,0.2283627586925193,0.8498510065943283,0.2396372645642484,44,46894e9287f68430df1b408d2a1fd81129e8d219fcfbfee9620618ecef05c696,118.76299105600084,26.121477692991903,88.40088632399056,766.68408203125,7592.888,nvml_counter,64.32758904109589,8322.653203433661,0,72620,Tesla T4,50,1.0000000000000002,1.0,1.0000000000000002,1.0000000000000002,1.0000000000000002,1.0,0.0,0.0,0.0,0.0,0.0,0.0,True,True
simclr,22,frozen_head1e-02,simclr_seed22\diagnostic\frozen_head1e-02\100pct,frozen,0.0,0.01,1.0,22,17441,15031,6850,41,0.0689769452505738,0.8850648506547544,0.8850648506547544,0.2437034721733056,0.8776425525728517,0.2647820544700252,44,46894e9287f68430df1b408d2a1fd81129e8d219fcfbfee9620618ecef05c696,195.2712601000003,103.13393462200293,88.16329388999293,1366.447265625,12690.938,nvml_counter,64.99293541666667,8455.509849363916,0,72620,Tesla T4,50,1.0000000000000002,1.0,1.0000000000000002,1.0000000000000002,1.0000000000000002,1.0,0.0,0.0,0.0,0.0,0.0,0.0,True,True
simclr,22,partial_enc1e-02_head1e-02,simclr_seed22\diagnostic\partial_enc1e-02_head1e-02\001pct,partial,0.01,0.01,0.01,22,173,144,100,42,0.0680310800671577,0.6968926279437793,0.6968926279437793,0.1217653285591031,0.7130168248199191,0.123642184661422,44,46894e9287f68430df1b408d2a1fd81129e8d219fcfbfee9620618ecef05c696,95.00144827300028,1.9648566569994728,88.61650321100205,574.77197265625,6008.327,nvml_counter,62.99892933618844,4402.356766935554,162048,72620,Tesla T4,50,1.0000000000000002,1.0,1.0000000000000002,1.0000000000000002,0.9340887646725168,0.9452975358872988,0.0,0.0,0.0,0.0,0.2149013128423553,0.0663978726531569,True,True
simclr,22,partial_enc1e-02_head1e-02,simclr_seed22\diagnostic\partial_enc1e-02_head1e-02\005pct,partial,0.01,0.01,0.05,22,869,761,350,30,0.0554566894258771,0.8172470253458806,0.8172470253458806,0.1775816280132862,0.8036212133188425,0.1701034306024577,44,46894e9287f68430df1b408d2a1fd81129e8d219fcfbfee9620618ecef05c696,99.07452199699948,6.506150589999379,88.42733584098823,607.69580078125,6287.63,nvml_counter,64.03595482546201,6678.296082907627,162048,72620,Tesla T4,50,1.0000000000000002,1.0,1.0000000000000002,1.0000000000000002,0.8732610020345654,0.907227125733387,0.0,0.0,0.0,0.0,0.2764511670909928,0.0854148778550717,True,True
simclr,22,partial_enc1e-02_head1e-02,simclr_seed22\diagnostic\partial_enc1e-02_head1e-02\010pct,partial,0.01,0.01,0.1,22,1742,1516,700,42,0.0571395882538386,0.8410043698277699,0.8410043698277699,0.1976376728711751,0.8207961095407946,0.1984187922213824,44,46894e9287f68430df1b408d2a1fd81129e8d219fcfbfee9620618ecef05c696,105.15678440299962,12.883118233998175,88.18377069899725,647.298828125,6705.706,nvml_counter,63.46197678916829,6760.785581408826,162048,72620,Tesla T4,50,1.0000000000000002,1.0,1.0000000000000002,1.0000000000000002,0.8411552376784003,0.8880550555086452,0.0,0.0,0.0,0.0,0.4326991032211014,0.1336906674641188,True,True
simclr,22,partial_enc1e-02_head1e-02,simclr_seed22\diagnostic\partial_enc1e-02_head1e-02\025pct,partial,0.01,0.01,0.25,22,4348,3768,1700,42,0.0572131416376899,0.8688981057001272,0.8688981057001272,0.226294715395332,0.8367130163587337,0.2364903398341063,44,46894e9287f68430df1b408d2a1fd81129e8d219fcfbfee9620618ecef05c696,124.03939581300074,31.245398657001715,88.55807499200273,768.54736328125,7949.367,nvml_counter,64.43325901639345,6957.824490784127,162048,72620,Tesla T4,50,1.0000000000000002,1.0,1.0000000000000002,1.0000000000000002,0.796296635427177,0.8531719088697132,0.0,0.0,0.0,0.0,0.6719756158781984,0.2076197245097216,True,True
simclr,22,partial_enc1e-02_head1e-02,simclr_seed22\diagnostic\partial_enc1e-02_head1e-02\100pct,partial,0.01,0.01,1.0,22,17441,15031,6850,38,0.0585058657792362,0.8938690568280503,0.8938690568280503,0.2593515074657959,0.8855453774054691,0.2578018502788367,44,46894e9287f68430df1b408d2a1fd81129e8d219fcfbfee9620618ecef05c696,215.8762205719995,123.71107617999952,88.23909946800632,1368.310546875,14043.549,nvml_counter,65.59835404896421,7049.08587757468,162048,72620,Tesla T4,50,1.0000000000000002,1.0,1.0000000000000002,1.0000000000000002,0.7082964469531368,0.7810423326940067,0.0,0.0,0.0,0.0,1.571704968484253,0.4856083239580067,True,True
simclr,22,full_enc1e-03_head1e-02,simclr_seed22\diagnostic\full_enc1e-03_head1e-02\001pct,full,0.001,0.01,0.01,22,173,144,100,43,0.0622484385967254,0.7256857545338883,0.7256857545338883,0.1186718552568261,0.7185838568562065,0.1141867563916591,44,46894e9287f68430df1b408d2a1fd81129e8d219fcfbfee9620618ecef05c696,111.54375552700004,18.45532433599692,88.90514957999949,2649.5048828125,7071.858,nvml_counter,63.60292153284672,468.69943017626974,1804672,72620,Tesla T4,50,0.9816471241010516,0.9375600489273858,0.923934123303637,0.8512396694490065,0.8203650691332941,0.8294386301973569,0.0280138798918325,0.0255698434078817,0.0263946411063611,0.0243941140572659,0.0227478418553006,0.0246407278043406,True,True
simclr,22,full_enc1e-03_head1e-02,simclr_seed22\diagnostic\full_enc1e-03_head1e-02\005pct,full,0.001,0.01,0.05,22,869,761,350,43,0.0516706449644906,0.8338749795364055,0.8338749795364055,0.1877736513095344,0.8170731099542354,0.1817219333931492,44,46894e9287f68430df1b408d2a1fd81129e8d219fcfbfee9620618ecef05c696,180.1885271430001,87.02695927300556,89.14295785299873,2682.77587890625,11503.217,nvml_counter,63.484116647791616,499.2705750375163,1804672,72620,Tesla T4,50,0.969836339137614,0.8441131407050445,0.7866329651462923,0.6433956946439331,0.5845016857727501,0.6371701372111488,0.0691815314041657,0.0586602402866681,0.0573217345008015,0.0366080994785347,0.0261925535347552,0.0418413740072654,True,True
simclr,22,full_enc1e-03_head1e-02,simclr_seed22\diagnostic\full_enc1e-03_head1e-02\010pct,full,0.001,0.01,0.1,22,1742,1516,700,47,0.0452699618680136,0.8633497971680586,0.8633497971680586,0.2139740169989378,0.8431420061677972,0.2021126671935245,44,46894e9287f68430df1b408d2a1fd81129e8d219fcfbfee9620618ecef05c696,267.5664327350005,174.183500060999,89.06067358700057,2723.61083984375,17132.248,nvml_counter,63.505251908396936,500.0473636681868,1804672,72620,Tesla T4,50,0.957443517763742,0.8818523332384929,0.8300071892325297,0.5833154277819427,0.5320634968970988,0.5840636468729056,0.092795043852008,0.0769697339638064,0.0758051862354617,0.0521259458997171,0.0359018616129385,0.0575814999768312,True,True
simclr,22,full_enc1e-03_head1e-02,simclr_seed22\diagnostic\full_enc1e-03_head1e-02\025pct,full,0.001,0.01,0.25,22,4348,3768,1700,36,0.0408100836417254,0.8817281437202048,0.8817281437202048,0.2585391429365982,0.8778823507669382,0.2606122514047143,44,46894e9287f68430df1b408d2a1fd81129e8d219fcfbfee9620618ecef05c696,526.5369571049996,433.0397785480036,89.54738093300148,2844.38427734375,33831.718,nvml_counter,64.0645281553398,502.0324015704729,1804672,72620,Tesla T4,50,0.9283088661603854,0.8406800140016376,0.7067144510897464,0.2560891088370299,0.2092054425606236,0.2078222879075495,0.1445128581593484,0.1156459392120912,0.1253292935138402,0.0888466466089081,0.0559916138226641,0.0949941394500725,True,True
simclr,22,full_enc1e-02_head1e-02,simclr_seed22\diagnostic\full_enc1e-02_head1e-02\100pct,full,0.01,0.01,1.0,22,17441,15031,6850,41,0.042559874318812,0.9335056161484754,0.9335056161484754,0.3358971724547709,0.9320611381641304,0.3653679010041998,44,46894e9287f68430df1b408d2a1fd81129e8d219fcfbfee9620618ecef05c696,1828.630858894001,1735.3950274720228,88.92232168199916,3445.25146484375,117796.408,nvml_counter,64.55272076105203,502.5080665756712,1804672,72620,Tesla T4,50,0.6364896137144183,0.5934014148971146,0.5500225622900532,0.2489711828889575,0.1078424774397275,0.1561549584706923,1.0125883602085677,0.6909243420462783,0.7300393587437435,0.8257403035968244,0.7892106671972199,0.8007930702522853,True,True
simclr,54,frozen_head1e-02,simclr_seed54\diagnostic\frozen_head1e-02\001pct,frozen,0.0,0.01,0.01,54,173,158,100,27,0.0752546787261962,0.7147464189774188,0.7147464189774188,0.1216526663976895,0.7024198487682634,0.1259992925163328,44,f2d853de3e91a4cf01d1e51163c3b21d456a1e88961dab5ce8ee78c92491c416,88.12670849799997,1.76132222200431,82.93239078799706,572.90869140625,5643.06,nvml_counter,64.27526958525345,4911.083214607187,0,72620,Tesla T4,50,1.0,1.0,1.0,1.0,1.0,1.0000000000000002,0.0,0.0,0.0,0.0,0.0,0.0,True,True
simclr,54,frozen_head1e-02,simclr_seed54\diagnostic\frozen_head1e-02\005pct,frozen,0.0,0.01,0.05,54,870,742,350,34,0.068789609840938,0.8098462160106391,0.8098462160106391,0.1784435005934558,0.8106679257766586,0.1794761046874489,44,f2d853de3e91a4cf01d1e51163c3b21d456a1e88961dab5ce8ee78c92491c416,91.6970140249996,5.249481397000636,82.92180418300359,605.87939453125,5901.111,nvml_counter,64.53564523281597,8286.532842054517,0,72620,Tesla T4,50,1.0,1.0,1.0,1.0,1.0,1.0000000000000002,0.0,0.0,0.0,0.0,0.0,0.0,True,True
simclr,54,frozen_head1e-02,simclr_seed54\diagnostic\frozen_head1e-02\010pct,frozen,0.0,0.01,0.1,54,1741,1495,700,41,0.0675876268318721,0.8302195763004299,0.8302195763004299,0.2013720278654425,0.8333259291707225,0.1949252943327799,44,f2d853de3e91a4cf01d1e51163c3b21d456a1e88961dab5ce8ee78c92491c416,96.89770340099858,10.283388350993846,82.88654300999951,645.3779296875,6240.178,nvml_counter,64.6270104821803,8465.108680991027,0,72620,Tesla T4,50,1.0,1.0,1.0,1.0,1.0,1.0000000000000002,0.0,0.0,0.0,0.0,0.0,0.0,True,True
simclr,54,frozen_head1e-02,simclr_seed54\diagnostic\frozen_head1e-02\025pct,frozen,0.0,0.01,0.25,54,4355,3736,1750,50,0.0715022563934326,0.8521689523148218,0.8521689523148218,0.2255198387502898,0.8670460849426894,0.2223139657511477,44,f2d853de3e91a4cf01d1e51163c3b21d456a1e88961dab5ce8ee78c92491c416,112.03322953899988,25.49946068699865,82.72333060600067,765.28076171875,7260.214,nvml_counter,65.20761887477315,8539.396290487968,0,72620,Tesla T4,50,1.0,1.0,1.0,1.0,1.0,1.0000000000000002,0.0,0.0,0.0,0.0,0.0,0.0,True,True
simclr,54,frozen_head1e-02,simclr_seed54\diagnostic\frozen_head1e-02\100pct,frozen,0.0,0.01,1.0,54,17441,15031,6850,37,0.0686914485736484,0.8900579247328849,0.8900579247328849,0.2506209279207226,0.8820414533630262,0.2501613585508447,44,f2d853de3e91a4cf01d1e51163c3b21d456a1e88961dab5ce8ee78c92491c416,206.32850905600023,118.26392954699986,84.07670086500184,1366.447265625,13578.307,nvml_counter,65.74278402366863,7373.761410941738,0,72620,Tesla T4,50,1.0,1.0,1.0,1.0,1.0,1.0000000000000002,0.0,0.0,0.0,0.0,0.0,0.0,True,True
simclr,54,partial_enc1e-02_head1e-02,simclr_seed54\diagnostic\partial_enc1e-02_head1e-02\001pct,partial,0.01,0.01,0.01,54,173,158,100,40,0.0733779966831207,0.6932337452683233,0.6932337452683233,0.1335966931927285,0.7052774376758321,0.1349808020680987,44,f2d853de3e91a4cf01d1e51163c3b21d456a1e88961dab5ce8ee78c92491c416,87.799700476,1.8026916240014543,82.53625554200062,574.77197265625,5637.424,nvml_counter,64.37964351851852,4798.380313544421,162048,72620,Tesla T4,50,1.0,1.0,1.0,1.0,0.950786265729774,0.960318346037439,0.0,0.0,0.0,0.0,0.221727016724646,0.0684290497734861,True,True
simclr,54,partial_enc1e-02_head1e-02,simclr_seed54\diagnostic\partial_enc1e-02_head1e-02\005pct,partial,0.01,0.01,0.05,54,870,742,350,37,0.0605626021112714,0.8118568973235537,0.8118568973235537,0.181083608853397,0.8083329206205189,0.1744649996242653,44,f2d853de3e91a4cf01d1e51163c3b21d456a1e88961dab5ce8ee78c92491c416,93.2780040560001,6.463984133003578,82.98519900299834,607.74267578125,5996.978,nvml_counter,64.51149673202615,6729.595726867469,162048,72620,Tesla T4,50,1.0,1.0,1.0,1.0,0.8922126945079695,0.923431091020526,0.0,0.0,0.0,0.0,0.28527280908166,0.088040454158608,True,True
simclr,54,partial_enc1e-02_head1e-02,simclr_seed54\diagnostic\partial_enc1e-02_head1e-02\010pct,partial,0.01,0.01,0.1,54,1741,1495,700,32,0.0562008150986262,0.8443251507663362,0.8443251507663362,0.2025716259993804,0.8346818563783933,0.1937777514458369,44,f2d853de3e91a4cf01d1e51163c3b21d456a1e88961dab5ce8ee78c92491c416,99.6355590589992,12.738018937008746,83.20617861900064,647.2412109375,6413.182,nvml_counter,64.31657142857144,6833.872710542684,162048,72620,Tesla T4,50,1.0,1.0,1.0,1.0,0.8537624987253746,0.89923062898991,0.0,0.0,0.0,0.0,0.3705065818913483,0.114345169606159,True,True
simclr,54,partial_enc1e-02_head1e-02,simclr_seed54\diagnostic\partial_enc1e-02_head1e-02\025pct,partial,0.01,0.01,0.25,54,4355,3736,1750,43,0.0699180875505719,0.8629720907890429,0.8629720907890429,0.2268169118894792,0.8631839062435567,0.2451115712264543,44,f2d853de3e91a4cf01d1e51163c3b21d456a1e88961dab5ce8ee78c92491c416,116.96400916700075,30.44812368400744,82.65877297100451,767.14404296875,7583.556,nvml_counter,64.68838715277778,7151.507996348915,162048,72620,Tesla T4,50,1.0,1.0,1.0,1.0,0.9236572186377788,0.9332206510207298,0.0,0.0,0.0,0.0,0.5776858137274398,0.1782845044547872,True,True
simclr,54,partial_enc1e-02_head1e-02,simclr_seed54\diagnostic\partial_enc1e-02_head1e-02\100pct,partial,0.01,0.01,1.0,54,17441,15031,6850,37,0.057303546989051,0.8965729798482236,0.8965729798482236,0.2674080473120597,0.8890974667175237,0.2638688749863906,44,f2d853de3e91a4cf01d1e51163c3b21d456a1e88961dab5ce8ee78c92491c416,233.97855268000055,145.56022329699226,84.12547511099365,1368.310546875,15430.124,nvml_counter,66.3374,5990.991084293145,162048,72620,Tesla T4,50,1.0,1.0,1.0,1.0,0.7566175465839763,0.8135711640551289,0.0,0.0,0.0,0.0,1.5965718354628708,0.4927315363265385,True,True
simclr,54,full_enc1e-03_head1e-02,simclr_seed54\diagnostic\full_enc1e-03_head1e-02\001pct,full,0.001,0.01,0.01,54,173,158,100,35,0.079566404223442,0.7195926133721421,0.7195926133721421,0.1377698586136698,0.7353167299816463,0.1332211603717243,44,f2d853de3e91a4cf01d1e51163c3b21d456a1e88961dab5ce8ee78c92491c416,103.64862542599984,17.180061776999537,82.85528828599672,2649.5048828125,6669.442,nvml_counter,64.3409,503.49062257625394,1804672,72620,Tesla T4,50,0.9875918072984212,0.9203535502205998,0.8619332792730724,0.7872363687372781,0.7691320966715224,0.7978709378850785,0.0283746595198633,0.0253937843066124,0.0266161110419377,0.0243454380518197,0.0222812338761058,0.0245776093964284,True,True
simclr,54,full_enc1e-03_head1e-02,simclr_seed54\diagnostic\full_enc1e-03_head1e-02\005pct,full,0.001,0.01,0.05,54,870,742,350,34,0.050269250358854,0.8356819378576006,0.8356819378576006,0.1784455853160465,0.8403804093163756,0.1897682403862598,44,f2d853de3e91a4cf01d1e51163c3b21d456a1e88961dab5ce8ee78c92491c416,167.86792391000017,80.43686851299935,83.69690311000159,2682.822265625,10826.232,nvml_counter,64.555262454435,540.7967864011264,1804672,72620,Tesla T4,50,0.9854161533073788,0.915042848559108,0.795303764544651,0.6466962338515492,0.6180745374413368,0.6799910294680654,0.0591418967476912,0.0498544477997281,0.0487927595584795,0.0321613241571065,0.024233206757026,0.0363026682180686,True,True
simclr,54,full_enc1e-03_head1e-02,simclr_seed54\diagnostic\full_enc1e-03_head1e-02\010pct,full,0.001,0.01,0.1,54,1741,1495,700,44,0.0445664610181536,0.8634091249493452,0.8634091249493452,0.2157681562935625,0.8577382790055966,0.2137269074954922,44,f2d853de3e91a4cf01d1e51163c3b21d456a1e88961dab5ce8ee78c92491c416,247.58860310399905,160.63595467099185,83.19284632399467,2723.56494140625,16019.314,nvml_counter,64.6696188118812,541.9085669723963,1804672,72620,Tesla T4,50,0.967218222183326,0.882882964675277,0.7588257068464666,0.6066269812485829,0.5760817574127257,0.624747377617308,0.0983437483278353,0.0798136376751964,0.0775426148848516,0.0498047087945805,0.0326588200188707,0.0567174603510414,True,True
simclr,54,full_enc1e-03_head1e-02,simclr_seed54\diagnostic\full_enc1e-03_head1e-02\025pct,full,0.001,0.01,0.25,54,4355,3736,1750,30,0.0659661156790597,0.8752132738272735,0.8752132738272735,0.2280430743971702,0.862348708346611,0.2245828787204778,44,f2d853de3e91a4cf01d1e51163c3b21d456a1e88961dab5ce8ee78c92491c416,485.6116545799996,398.79214244099967,83.1748844459944,2844.38623046875,31497.337,nvml_counter,64.9537245155855,546.023797427793,1804672,72620,Tesla T4,50,0.9686538251467,0.8678473670791577,0.7901582603453636,0.7131037602022333,0.6754540268584531,0.7026446438872233,0.0789868110315311,0.0667140022859712,0.0647209488226299,0.0508086949329618,0.0454995977494157,0.0542501917567945,True,True
simclr,54,full_enc1e-02_head1e-02,simclr_seed54\diagnostic\full_enc1e-02_head1e-02\100pct,full,0.01,0.01,1.0,54,17441,15031,6850,49,0.0423655196698042,0.9380459296667544,0.9380459296667544,0.3595687109940733,0.9330180397714224,0.3617132183518915,44,f2d853de3e91a4cf01d1e51163c3b21d456a1e88961dab5ce8ee78c92491c416,1642.9823457529983,1556.3094235179906,82.60093385800246,3445.25146484375,107456.952,nvml_counter,65.42751476635516,560.3320180563819,1804672,72620,Tesla T4,50,0.6947061527007403,0.6781446369266603,0.5393965601154518,0.0570430364434036,0.0497833516473701,0.0442130948529371,1.0170795704099342,0.7403218371232541,0.827344994969692,0.9015737851921294,0.7696698587748202,0.8671728426586777,True,True
simclr,71,frozen_head1e-02,simclr_seed71\diagnostic\frozen_head1e-02\001pct,frozen,0.0,0.01,0.01,71,173,151,100,33,0.0669307187199592,0.712212345497688,0.712212345497688,0.120067940453007,0.7174026703138693,0.1277773660473842,44,f2f0141993ed6664f7ecd5f54266e286658ded378b2b2f9a93358139edf4d9e4,91.30525366600068,1.8006549290021212,85.73561048900228,572.90869140625,5774.383,nvml_counter,63.24994432071269,4803.807692789655,0,72620,Tesla T4,50,1.0,1.0,1.0,1.0,1.0000000000000002,1.0,0.0,0.0,0.0,0.0,0.0,0.0,True,True
simclr,71,frozen_head1e-02,simclr_seed71\diagnostic\frozen_head1e-02\005pct,frozen,0.0,0.01,0.05,71,868,749,350,32,0.068084784916469,0.792140455745657,0.792140455745657,0.1856801622093498,0.8039568358542938,0.1827631579210764,44,f2f0141993ed6664f7ecd5f54266e286658ded378b2b2f9a93358139edf4d9e4,94.8410710529988,5.38396811700477,85.667445235993,605.78662109375,6027.255,nvml_counter,63.31419271948607,8060.968983624751,0,72620,Tesla T4,50,1.0,1.0,1.0,1.0,1.0000000000000002,1.0,0.0,0.0,0.0,0.0,0.0,0.0,True,True
simclr,71,frozen_head1e-02,simclr_seed71\diagnostic\frozen_head1e-02\010pct,frozen,0.0,0.01,0.1,71,1739,1507,700,29,0.0680034671510968,0.8316519361012159,0.8316519361012159,0.2138503460531157,0.8371304076952369,0.19790130841525,44,f2f0141993ed6664f7ecd5f54266e286658ded378b2b2f9a93358139edf4d9e4,99.94356875199992,10.514881837993016,85.7434750660068,645.2626953125,6360.497,nvml_counter,63.19256300813008,8269.232250031277,0,72620,Tesla T4,50,1.0,1.0,1.0,1.0,1.0000000000000002,1.0,0.0,0.0,0.0,0.0,0.0,0.0,True,True
simclr,71,frozen_head1e-02,simclr_seed71\diagnostic\frozen_head1e-02\025pct,frozen,0.0,0.01,0.25,71,4360,3767,1750,40,0.0687297344207763,0.8649395057933187,0.8649395057933187,0.2352100975767682,0.864078764612564,0.2376460985655679,44,f2f0141993ed6664f7ecd5f54266e286658ded378b2b2f9a93358139edf4d9e4,115.38155723700038,25.930782315001125,85.52113658200324,765.3388671875,7389.441,nvml_counter,64.23246126760563,8406.99664791392,0,72620,Tesla T4,50,1.0,1.0,1.0,1.0,1.0000000000000002,1.0,0.0,0.0,0.0,0.0,0.0,0.0,True,True
simclr,71,frozen_head1e-02,simclr_seed71\diagnostic\frozen_head1e-02\100pct,frozen,0.0,0.01,1.0,71,17441,15031,6850,39,0.0683020779686252,0.8847891044364844,0.8847891044364844,0.2605934060420315,0.8799570131948957,0.2582708672776785,44,f2f0141993ed6664f7ecd5f54266e286658ded378b2b2f9a93358139edf4d9e4,189.82117678000031,100.6775839050024,85.43918769899756,1366.447265625,12350.016,nvml_counter,64.85010171306209,8661.80897649323,0,72620,Tesla T4,50,1.0,1.0,1.0,1.0,1.0000000000000002,1.0,0.0,0.0,0.0,0.0,0.0,0.0,True,True
simclr,71,partial_enc1e-02_head1e-02,simclr_seed71\diagnostic\partial_enc1e-02_head1e-02\001pct,partial,0.01,0.01,0.01,71,173,151,100,29,0.0672660991549491,0.7087750846338537,0.7087750846338537,0.1223639831205498,0.7162637241682135,0.1216300135815324,44,f2f0141993ed6664f7ecd5f54266e286658ded378b2b2f9a93358139edf4d9e4,91.04378737700064,1.9417309719992768,85.496487342004,574.77197265625,5779.186,nvml_counter,63.60972098214285,4454.788085856015,162048,72620,Tesla T4,50,1.0,1.0,1.0,1.0,0.9036725837621408,0.9332654366408656,0.0,0.0,0.0,0.0,0.219329404277113,0.0676304165360723,True,True
simclr,71,partial_enc1e-02_head1e-02,simclr_seed71\diagnostic\partial_enc1e-02_head1e-02\005pct,partial,0.01,0.01,0.05,71,868,749,350,22,0.0582680106163024,0.7943873133119719,0.7943873133119719,0.1880717931919056,0.7887861497636807,0.1765505194462342,44,f2f0141993ed6664f7ecd5f54266e286658ded378b2b2f9a93358139edf4d9e4,95.64590373700048,6.550732441995933,85.48901796700738,607.64990234375,6086.78,nvml_counter,63.63877070063695,6625.213345879918,162048,72620,Tesla T4,50,1.0,1.0,1.0,1.0,0.9128744821033676,0.9391275295103444,0.0,0.0,0.0,0.0,0.2260649202001356,0.0697073188509294,True,True
simclr,71,partial_enc1e-02_head1e-02,simclr_seed71\diagnostic\partial_enc1e-02_head1e-02\010pct,partial,0.01,0.01,0.1,71,1739,1507,700,31,0.0558164247444697,0.8355337227156909,0.8355337227156909,0.2123099485004665,0.8451473300102802,0.2023585471865335,44,f2f0141993ed6664f7ecd5f54266e286658ded378b2b2f9a93358139edf4d9e4,102.44298613499996,12.81712389300992,85.80549216600957,647.1259765625,6533.528,nvml_counter,63.885662698412695,6783.893229542702,162048,72620,Tesla T4,50,1.0,1.0,1.0,1.0,0.8202775109644265,0.8793112939840142,0.0,0.0,0.0,0.0,0.3721053023029145,0.1147390003313535,True,True
simclr,71,partial_enc1e-02_head1e-02,simclr_seed71\diagnostic\partial_enc1e-02_head1e-02\025pct,partial,0.01,0.01,0.25,71,4360,3767,1750,38,0.0613815648215157,0.8651443708203845,0.8651443708203845,0.2324118089609043,0.8588770366749113,0.2345476605430722,44,f2f0141993ed6664f7ecd5f54266e286658ded378b2b2f9a93358139edf4d9e4,121.18214727899976,31.73868554699948,85.57872422500259,767.2021484375,7779.964,nvml_counter,64.27215771812081,6868.589427787735,162048,72620,Tesla T4,50,1.0,1.0,1.0,1.0,0.7915711667838301,0.8501779062025004,0.0,0.0,0.0,0.0,0.6084573155952501,0.1876183534704526,True,True
simclr,71,partial_enc1e-02_head1e-02,simclr_seed71\diagnostic\partial_enc1e-02_head1e-02\100pct,partial,0.01,0.01,1.0,71,17441,15031,6850,39,0.0573192965375245,0.8980816501953214,0.8980816501953214,0.2698223564571231,0.892011114468356,0.2626507186551569,44,f2f0141993ed6664f7ecd5f54266e286658ded378b2b2f9a93358139edf4d9e4,212.91738931300097,123.57299392600362,85.46775126399734,1368.310546875,13878.599,nvml_counter,65.0489111747851,7056.962628276124,162048,72620,Tesla T4,50,1.0,1.0,1.0,1.0,0.712567799437746,0.788388308479539,0.0,0.0,0.0,0.0,1.5720208238234854,0.4847340167132166,True,True
simclr,71,full_enc1e-03_head1e-02,simclr_seed71\diagnostic\full_enc1e-03_head1e-02\001pct,full,0.001,0.01,0.01,71,173,151,100,45,0.0664364621043205,0.7272136802343254,0.7272136802343254,0.131680685556095,0.6917302479767167,0.126232451496397,44,f2f0141993ed6664f7ecd5f54266e286658ded378b2b2f9a93358139edf4d9e4,107.93344616700053,17.98531171999457,85.85231022599328,2649.5048828125,6856.062,nvml_counter,63.52163276836157,480.9480166186751,1804672,72620,Tesla T4,50,0.9839355435211092,0.937033358123575,0.8575185220828362,0.6732084079916318,0.6602791004440471,0.6735451916323235,0.0293477349930658,0.0265108451624416,0.0276632586714178,0.025371735855235,0.0234086939897256,0.0256258869630376,True,True
simclr,71,full_enc1e-03_head1e-02,simclr_seed71\diagnostic\full_enc1e-03_head1e-02\005pct,full,0.001,0.01,0.05,71,868,749,350,33,0.048341018812997,0.8115826837506895,0.8115826837506895,0.1908371702403055,0.8011582605204548,0.1965097477399596,44,f2f0141993ed6664f7ecd5f54266e286658ded378b2b2f9a93358139edf4d9e4,173.61368728100024,83.8802310760093,86.04218855600266,2682.72998046875,11101.372,nvml_counter,64.01082726204466,517.4043924685002,1804672,72620,Tesla T4,50,0.973964465449766,0.881227106648708,0.8011739569664339,0.7925828501044043,0.785982561109787,0.7984864243977157,0.0561575976340688,0.0449537257721628,0.0439414331370049,0.0321515080904353,0.0249008369396362,0.0349226432031606,True,True
simclr,71,full_enc1e-03_head1e-02,simclr_seed71\diagnostic\full_enc1e-03_head1e-02\010pct,full,0.001,0.01,0.1,71,1739,1507,700,33,0.0464404140199933,0.8647734364539512,0.8647734364539512,0.2083523123522612,0.8642003298649228,0.2190087991243567,44,f2f0141993ed6664f7ecd5f54266e286658ded378b2b2f9a93358139edf4d9e4,257.4907804409995,167.37635407299604,86.2751823969993,2723.47314453125,16514.487,nvml_counter,64.36732751784298,519.4879556408514,1804672,72620,Tesla T4,50,0.9410895386768008,0.8380746722547338,0.6832026789587005,0.493051965115073,0.4753665535178765,0.5140299412633625,0.0927506848092344,0.075355687292308,0.074952084312716,0.0490733014718082,0.0316060828958609,0.0551311341352357,True,True
simclr,71,full_enc1e-03_head1e-02,simclr_seed71\diagnostic\full_enc1e-03_head1e-02\025pct,full,0.001,0.01,0.25,71,4360,3767,1750,37,0.0502618415015084,0.8841944747918146,0.8841944747918146,0.2597374042879932,0.8923389726974588,0.2542886791340945,44,f2f0141993ed6664f7ecd5f54266e286658ded378b2b2f9a93358139edf4d9e4,505.3642657069995,415.6135124919929,86.03655624400199,2844.38671875,32515.292,nvml_counter,64.68496843383245,524.5257756247757,1804672,72620,Tesla T4,50,0.9036156073425684,0.8385064725632649,0.8013140264014124,0.5615093073335338,0.5284439435802839,0.557924180809515,0.1469735144553515,0.1154645853009755,0.122386752427149,0.0813320723986261,0.0558877414995934,0.0898770587609899,True,True
simclr,71,full_enc1e-02_head1e-02,simclr_seed71\diagnostic\full_enc1e-02_head1e-02\100pct,full,0.01,0.01,1.0,71,17441,15031,6850,39,0.041216610121901,0.9353562905073396,0.9353562905073396,0.3268050510061982,0.9257068475039544,0.3388656547052686,44,f2f0141993ed6664f7ecd5f54266e286658ded378b2b2f9a93358139edf4d9e4,1751.176176975001,1660.908567129998,86.07447449298343,3445.25146484375,112922.114,nvml_counter,64.87502046065708,525.0439532062123,1804672,72620,Tesla T4,50,0.6526183432365852,0.6605835200501066,0.5264927397300303,0.3637370702402746,0.3414310702487388,0.3826525933211092,0.8571437317585846,0.5393126716657499,0.5037740849802257,0.6842509290619152,0.7391398745586081,0.6597447101890714,True,True
byol,22,frozen_head1e-02,byol_seed22\diagnostic\frozen_head1e-02\001pct,frozen,0.0,0.01,0.01,22,173,144,100,40,0.0792895853519439,0.7679178207180395,0.7679178207180395,0.121406961310895,0.777005846689249,0.124763797838911,44,73952f3b534fa42719de7e0f04325525b19cbf8a681e4ae2675c4b3093b2a9f6,87.41861703700033,1.7305658119958025,81.69835716400485,572.90869140625,5609.229,nvml_counter,64.36232093023257,4998.365239877385,0,72620,Tesla T4,50,1.0,1.0,1.0,1.0,1.0,1.0,0.0,0.0,0.0,0.0,0.0,0.0,True,True
byol,22,frozen_head1e-02,byol_seed22\diagnostic\frozen_head1e-02\005pct,frozen,0.0,0.01,0.05,22,869,761,350,31,0.0730752093451363,0.8165929145145374,0.8165929145145374,0.168329400317056,0.8049494636997473,0.1727090964553573,44,73952f3b534fa42719de7e0f04325525b19cbf8a681e4ae2675c4b3093b2a9f6,90.40226859299946,5.153421941002307,81.44922839999526,605.83251953125,5832.582,nvml_counter,64.77287415730336,8431.290994105804,0,72620,Tesla T4,50,1.0,1.0,1.0,1.0,1.0,1.0,0.0,0.0,0.0,0.0,0.0,0.0,True,True
byol,22,frozen_head1e-02,byol_seed22\diagnostic\frozen_head1e-02\010pct,frozen,0.0,0.01,0.1,22,1742,1516,700,26,0.071628485407148,0.8422028435485026,0.8422028435485026,0.1884577318683015,0.8174128529106482,0.1914651400331895,44,73952f3b534fa42719de7e0f04325525b19cbf8a681e4ae2675c4b3093b2a9f6,95.98500185400007,10.596598482004993,81.6449188149927,645.435546875,6203.562,nvml_counter,65.05802754237288,8219.618790681943,0,72620,Tesla T4,50,1.0,1.0,1.0,1.0,1.0,1.0,0.0,0.0,0.0,0.0,0.0,0.0,True,True
byol,22,frozen_head1e-02,byol_seed22\diagnostic\frozen_head1e-02\025pct,frozen,0.0,0.01,0.25,22,4348,3768,1700,43,0.0698236156912411,0.8586520954378529,0.8586520954378529,0.2178077279293553,0.8444649497794877,0.2382027175549664,44,73952f3b534fa42719de7e0f04325525b19cbf8a681e4ae2675c4b3093b2a9f6,110.35325292800007,24.933414618000825,81.61049838699364,766.68408203125,7185.746,nvml_counter,65.25046040515653,8719.222911532013,0,72620,Tesla T4,50,1.0,1.0,1.0,1.0,1.0,1.0,0.0,0.0,0.0,0.0,0.0,0.0,True,True
byol,22,frozen_head1e-02,byol_seed22\diagnostic\frozen_head1e-02\100pct,frozen,0.0,0.01,1.0,22,17441,15031,6850,41,0.0694699043775126,0.8890331393339597,0.8890331393339597,0.2453547038307058,0.8806984197588315,0.2493188003641865,44,73952f3b534fa42719de7e0f04325525b19cbf8a681e4ae2675c4b3093b2a9f6,182.8666388080001,97.89225185600117,81.23229689301115,1366.447265625,12101.579,nvml_counter,66.16233222222222,8908.263764151423,0,72620,Tesla T4,50,1.0,1.0,1.0,1.0,1.0,1.0,0.0,0.0,0.0,0.0,0.0,0.0,True,True
byol,22,partial_enc1e-04_head1e-02,byol_seed22\diagnostic\partial_enc1e-04_head1e-02\001pct,partial,0.0001,0.01,0.01,22,173,144,100,50,0.077568233013153,0.7713494954622739,0.7713494954622739,0.1211355116897256,0.7689749921902418,0.1244985963695743,44,73952f3b534fa42719de7e0f04325525b19cbf8a681e4ae2675c4b3093b2a9f6,87.78856607800026,1.9527220639993172,81.56886217799638,574.77197265625,5626.888,nvml_counter,64.4834236111111,4429.713864288586,162048,72620,Tesla T4,50,1.0,1.0,1.0,1.0,0.9997746116806924,0.999579150611452,0.0,0.0,0.0,0.0,0.0029583151798568,0.00089398026473,True,True
byol,22,partial_enc1e-02_head1e-02,byol_seed22\diagnostic\partial_enc1e-02_head1e-02\005pct,partial,0.01,0.01,0.05,22,869,761,350,32,0.067189838205065,0.8270074903908903,0.8270074903908903,0.1653478509106208,0.8097799985123864,0.1673353937621796,44,73952f3b534fa42719de7e0f04325525b19cbf8a681e4ae2675c4b3093b2a9f6,91.66762948900032,6.399016200997721,81.4925463149957,607.69580078125,5920.302,nvml_counter,65.16211086474502,6790.106265588977,162048,72620,Tesla T4,50,1.0,1.0,1.0,1.0,0.9989612725396284,0.9985714901145176,0.0,0.0,0.0,0.0,0.2570844912435729,0.0776889707712077,True,True
byol,22,partial_enc1e-02_head1e-02,byol_seed22\diagnostic\partial_enc1e-02_head1e-02\010pct,partial,0.01,0.01,0.1,22,1742,1516,700,38,0.0667117280619485,0.8407563462360546,0.8407563462360546,0.1878835513295634,0.823115976674745,0.1914952291652558,44,73952f3b534fa42719de7e0f04325525b19cbf8a681e4ae2675c4b3093b2a9f6,98.12361646400132,12.65385228499872,81.56154584400247,647.298828125,6338.259,nvml_counter,65.20766252587991,6883.279339625135,162048,72620,Tesla T4,50,1.0,1.0,1.0,1.0,0.998040434541284,0.9982066972560952,0.0,0.0,0.0,0.0,0.4801641356004648,0.1451019363929807,True,True
byol,22,partial_enc1e-02_head1e-02,byol_seed22\diagnostic\partial_enc1e-02_head1e-02\025pct,partial,0.01,0.01,0.25,22,4348,3768,1700,21,0.0633225090363446,0.8587341799219388,0.8587341799219388,0.2040634811117134,0.8549068572958284,0.2156931008113927,44,73952f3b534fa42719de7e0f04325525b19cbf8a681e4ae2675c4b3093b2a9f6,115.2882869290006,30.292655169989303,81.48422331700021,768.54736328125,7524.82,nvml_counter,65.61225220458553,7176.657139496193,162048,72620,Tesla T4,50,1.0,1.0,1.0,1.0,0.997738700037052,0.998081850355546,0.0,0.0,0.0,0.0,0.54668831892616,0.1652050367743717,True,True
byol,22,partial_enc1e-02_head1e-02,byol_seed22\diagnostic\partial_enc1e-02_head1e-02\100pct,partial,0.01,0.01,1.0,22,17441,15031,6850,37,0.0619339281625121,0.89803698137864,0.89803698137864,0.2675346440517899,0.8923159670604732,0.2622061075808631,44,73952f3b534fa42719de7e0f04325525b19cbf8a681e4ae2675c4b3093b2a9f6,211.7633947930008,126.3811898369986,81.5570411430017,1368.310546875,14042.886,nvml_counter,66.67501343570058,6900.15659074531,162048,72620,Tesla T4,50,1.0,1.0,1.0,1.0,0.9959054027873728,0.9956619363013685,0.0,0.0,0.0,0.0,1.6459762324761948,0.4974014527145947,True,True
byol,22,full_enc1e-04_head1e-02,byol_seed22\diagnostic\full_enc1e-04_head1e-02\001pct,full,0.0001,0.01,0.01,22,173,144,100,47,0.0720082372426986,0.7518178325772766,0.7518178325772766,0.1280612534606562,0.7528383762084708,0.1345054683552465,44,73952f3b534fa42719de7e0f04325525b19cbf8a681e4ae2675c4b3093b2a9f6,102.64051069400011,16.855893565998485,81.74464874099704,2649.5048828125,6616.614,nvml_counter,64.81442063492064,513.1736247699547,1804672,72620,Tesla T4,50,0.9950803601070436,0.988801176760487,0.9774310207323416,0.6861101087802578,0.6826343116435348,0.6910759844145594,0.0041274232495542,0.0034176981913453,0.0030966293923502,0.002467788351314,0.0022193960172937,0.0026622016253724,True,True
byol,22,full_enc1e-03_head1e-02,byol_seed22\diagnostic\full_enc1e-03_head1e-02\005pct,full,0.001,0.01,0.05,22,869,761,350,43,0.0597876097474779,0.8342819278420645,0.8342819278420645,0.1815306098193354,0.8073943368910634,0.1827059321429701,44,73952f3b534fa42719de7e0f04325525b19cbf8a681e4ae2675c4b3093b2a9f6,164.37993134599856,77.91641800899743,82.37879816500572,2682.77587890625,10666.012,nvml_counter,64.87990570719603,557.648838464091,1804672,72620,Tesla T4,50,0.988507467053942,0.9454164737661298,0.8789176056514438,0.0818481136526925,0.0789260804065277,0.082206383353942,0.0377511669260305,0.033643095176462,0.0348673527560325,0.0305400541675557,0.0232197470214178,0.0309094043724714,True,True
byol,22,full_enc1e-03_head1e-02,byol_seed22\diagnostic\full_enc1e-03_head1e-02\010pct,full,0.001,0.01,0.1,22,1742,1516,700,43,0.0526448403085981,0.8564808609541233,0.8564808609541233,0.2058812519068294,0.8483006105069312,0.2056923089656168,44,73952f3b534fa42719de7e0f04325525b19cbf8a681e4ae2675c4b3093b2a9f6,241.86230057099965,155.80732145299226,82.24768177300393,2723.61083984375,15767.01,nvml_counter,65.30928691983122,559.0237941820882,1804672,72620,Tesla T4,50,0.9813232324765472,0.9423626530933902,0.8796969374610103,0.2960953604303674,0.2538093431310863,0.2640604214616191,0.0475742861777041,0.0440281985423881,0.047741231782812,0.0483465176181849,0.0362422555591259,0.0468427981481426,True,True
byol,22,full_enc1e-03_head1e-02,byol_seed22\diagnostic\full_enc1e-03_head1e-02\025pct,full,0.001,0.01,0.25,22,4348,3768,1700,37,0.0408814409199883,0.8865054838523424,0.8865054838523424,0.259312976683053,0.8856815209235213,0.2580039101377057,44,73952f3b534fa42719de7e0f04325525b19cbf8a681e4ae2675c4b3093b2a9f6,471.89483625399953,385.5717478280021,82.47944245799954,2844.38427734375,30893.425,nvml_counter,65.46326603119584,563.837991825529,1804672,72620,Tesla T4,50,0.9722689249427272,0.9301547027069484,0.7658270761764622,0.1072727416350585,0.0788635946009211,0.0914560857000438,0.0830061032530836,0.0827891385599989,0.0966086669606173,0.0944895051635817,0.0802503815226496,0.0922409374081904,True,True
byol,22,full_enc1e-02_head1e-02,byol_seed22\diagnostic\full_enc1e-02_head1e-02\100pct,full,0.01,0.01,1.0,22,17441,15031,6850,47,0.0413580567297274,0.935897277387795,0.935897277387795,0.3413184590412517,0.9331615128369118,0.3647622131681156,44,73952f3b534fa42719de7e0f04325525b19cbf8a681e4ae2675c4b3093b2a9f6,1633.198191794001,1547.1943265189948,82.18204724901625,3445.25146484375,107151.351,nvml_counter,65.71016013030949,563.6331422970054,1804672,72620,Tesla T4,50,0.6976837361397703,0.704568077348873,0.5543124835615298,0.044964173750729,0.049937615565842,0.0561303377530716,1.0075121611767996,0.8162101629307292,0.9150868618581128,0.901223584399705,0.8720387789846916,0.8927209347322741,True,True
byol,54,frozen_head1e-02,byol_seed54\diagnostic\frozen_head1e-02\001pct,frozen,0.0,0.01,0.01,54,173,158,100,41,0.0994530022144317,0.7602970933598882,0.7602970933598882,0.1246185335552531,0.771845213729181,0.127944979320045,44,770333e84f0523307bc28f55db1722f5d60dfd2f822aed1b4c398f8e3318c187,90.49926150200008,1.6621863359969211,84.72171583999716,572.90869140625,5765.906,nvml_counter,63.93829213483146,5203.98935586968,0,72620,Tesla T4,50,1.0,1.0,0.9999999999999998,1.0,1.0,1.0,0.0,0.0,0.0,0.0,0.0,0.0,True,True
byol,54,frozen_head1e-02,byol_seed54\diagnostic\frozen_head1e-02\005pct,frozen,0.0,0.01,0.05,54,870,742,350,37,0.0736515607152666,0.8143542943184868,0.8143542943184868,0.1758961437728567,0.821199731190704,0.1680041245398978,44,770333e84f0523307bc28f55db1722f5d60dfd2f822aed1b4c398f8e3318c187,93.85005002899923,5.145464023999011,84.81998250399556,605.87939453125,5999.18,nvml_counter,64.55554112554111,8454.048030869753,0,72620,Tesla T4,50,1.0,1.0,0.9999999999999998,1.0,1.0,1.0,0.0,0.0,0.0,0.0,0.0,0.0,True,True
byol,54,frozen_head1e-02,byol_seed54\diagnostic\frozen_head1e-02\010pct,frozen,0.0,0.01,0.1,54,1741,1495,700,31,0.0709235881056104,0.8451438646272614,0.8451438646272614,0.1820376399379053,0.833437020148854,0.1815588937322754,44,770333e84f0523307bc28f55db1722f5d60dfd2f822aed1b4c398f8e3318c187,98.88101065699992,10.215198725991286,84.85044316600397,645.3779296875,6329.831,nvml_counter,63.87881930184805,8521.615911251169,0,72620,Tesla T4,50,1.0,1.0,0.9999999999999998,1.0,1.0,1.0,0.0,0.0,0.0,0.0,0.0,0.0,True,True
byol,54,frozen_head1e-02,byol_seed54\diagnostic\frozen_head1e-02\025pct,frozen,0.0,0.01,0.25,54,4355,3736,1750,50,0.0725826467786516,0.8599164415425965,0.8599164415425965,0.2031785804727146,0.8612856645064835,0.2042516914027266,44,770333e84f0523307bc28f55db1722f5d60dfd2f822aed1b4c398f8e3318c187,113.93289261099926,25.17727189299876,84.79546039900015,765.28076171875,7334.265,nvml_counter,64.65729590017826,8648.673332258506,0,72620,Tesla T4,50,1.0,1.0,0.9999999999999998,1.0,1.0,1.0,0.0,0.0,0.0,0.0,0.0,0.0,True,True
byol,54,frozen_head1e-02,byol_seed54\diagnostic\frozen_head1e-02\100pct,frozen,0.0,0.01,1.0,54,17441,15031,6850,37,0.0695492821018191,0.8904233251997755,0.8904233251997755,0.2545177235762889,0.8751185091615742,0.2384759665633938,44,770333e84f0523307bc28f55db1722f5d60dfd2f822aed1b4c398f8e3318c187,186.39912447700044,98.06894507100152,84.6435858579971,1366.447265625,12166.711,nvml_counter,65.33596074154853,8892.21352762222,0,72620,Tesla T4,50,1.0,1.0,0.9999999999999998,1.0,1.0,1.0,0.0,0.0,0.0,0.0,0.0,0.0,True,True
byol,54,partial_enc1e-04_head1e-02,byol_seed54\diagnostic\partial_enc1e-04_head1e-02\001pct,partial,0.0001,0.01,0.01,54,173,158,100,30,0.0972241461277008,0.7492743035119769,0.7492743035119769,0.12655293189744,0.7699184767979059,0.13208736154849,44,770333e84f0523307bc28f55db1722f5d60dfd2f822aed1b4c398f8e3318c187,90.66207983700042,1.872730512999624,85.00731092200203,574.77197265625,5779.177,nvml_counter,64.02086322869955,4618.92404697618,162048,72620,Tesla T4,50,1.0,1.0,0.9999999999999998,1.0,0.9989849240195928,0.9986438454179482,0.0,0.0,0.0,0.0,0.0024941894166629,0.0007490558466326,True,True
byol,54,partial_enc1e-02_head1e-02,byol_seed54\diagnostic\partial_enc1e-02_head1e-02\005pct,partial,0.01,0.01,0.05,54,870,742,350,27,0.070357893194471,0.818458986254154,0.818458986254154,0.1734543652129597,0.8225628733566756,0.1802648434608255,44,770333e84f0523307bc28f55db1722f5d60dfd2f822aed1b4c398f8e3318c187,95.1476786480016,6.29537254801653,84.81651708999743,607.74267578125,6087.497,nvml_counter,63.85609188034188,6909.837292108384,162048,72620,Tesla T4,50,1.0,1.0,0.9999999999999998,1.0,0.993007458658737,0.99368432854681,0.0,0.0,0.0,0.0,0.2850413187683652,0.0856037095374221,True,True
byol,54,partial_enc1e-02_head1e-02,byol_seed54\diagnostic\partial_enc1e-02_head1e-02\010pct,partial,0.01,0.01,0.1,54,1741,1495,700,35,0.0645104902131216,0.8445310002034876,0.8445310002034876,0.1889469950617842,0.8298975028952846,0.1858249658833377,44,770333e84f0523307bc28f55db1722f5d60dfd2f822aed1b4c398f8e3318c187,100.9868193630009,12.273532921995866,84.88564188500095,647.2412109375,6475.885,nvml_counter,64.24308249496981,7092.497372455357,162048,72620,Tesla T4,50,1.0,1.0,0.9999999999999998,1.0,0.9873236425646088,0.9907413516368948,0.0,0.0,0.0,0.0,0.4614049175435476,0.1385692878183513,True,True
byol,54,partial_enc1e-02_head1e-02,byol_seed54\diagnostic\partial_enc1e-02_head1e-02\025pct,partial,0.01,0.01,0.25,54,4355,3736,1750,39,0.071959114074707,0.8674305646695345,0.8674305646695345,0.2055847163492123,0.8611117098482108,0.2134707275539378,44,770333e84f0523307bc28f55db1722f5d60dfd2f822aed1b4c398f8e3318c187,120.0768408469994,30.786258826008638,85.12835626600645,767.14404296875,7735.288,nvml_counter,64.32492216582064,7072.96073974542,162048,72620,Tesla T4,50,1.0,1.0,0.9999999999999998,1.0,0.9984670733034372,0.9975889984917492,0.0,0.0,0.0,0.0,0.5602741854713162,0.1682617412859277,True,True
byol,54,partial_enc1e-02_head1e-02,byol_seed54\diagnostic\partial_enc1e-02_head1e-02\100pct,partial,0.01,0.01,1.0,54,17441,15031,6850,36,0.06152911777914,0.8948733492420935,0.8948733492420935,0.2445809678140083,0.8895404573768517,0.2481212201195097,44,770333e84f0523307bc28f55db1722f5d60dfd2f822aed1b4c398f8e3318c187,208.74099196799943,120.12421454700598,84.82064954100315,1368.310546875,13646.919,nvml_counter,65.47699707887048,7259.5687995841745,162048,72620,Tesla T4,50,1.0,1.0,0.9999999999999998,1.0,0.9814826257082512,0.981104385880996,0.0,0.0,0.0,0.0,1.6612091985846875,0.4988949333064893,True,True
byol,54,full_enc1e-04_head1e-02,byol_seed54\diagnostic\full_enc1e-04_head1e-02\001pct,full,0.0001,0.01,0.01,54,173,158,100,30,0.0979505181312561,0.7422910405903133,0.7422910405903133,0.1284565177091085,0.7612860539619232,0.135612235990382,44,770333e84f0523307bc28f55db1722f5d60dfd2f822aed1b4c398f8e3318c187,106.73359119999986,17.806686002000788,85.05222454600334,2649.5048828125,6831.992,nvml_counter,64.01851809523808,485.77259120692486,1804672,72620,Tesla T4,50,0.9972988903713994,0.99103845590963,0.9900673150026608,0.8325543340531677,0.8021376462294904,0.8114429224765637,0.0024230684750787,0.002273310379008,0.0025632694337555,0.0025574014445506,0.0021592379791956,0.0024944975458721,True,True
byol,54,full_enc1e-03_head1e-02,byol_seed54\diagnostic\full_enc1e-03_head1e-02\005pct,full,0.001,0.01,0.05,54,870,742,350,34,0.0591124934809548,0.8322185772614872,0.8322185772614872,0.1826409727700711,0.8224477541931148,0.1771391994668591,44,770333e84f0523307bc28f55db1722f5d60dfd2f822aed1b4c398f8e3318c187,173.4821704920014,83.66214586300157,85.7414293590009,2682.822265625,11138.081,nvml_counter,64.47187661574617,519.9484133628621,1804672,72620,Tesla T4,50,0.9912775254143632,0.939092073854424,0.8687735707822404,0.0609056535492386,0.0480211961779835,0.047134360546484,0.0416082689027002,0.0375517741751718,0.0386554363834545,0.0302845306344547,0.0228243550925427,0.0317496444172965,True,True
byol,54,full_enc1e-03_head1e-02,byol_seed54\diagnostic\full_enc1e-03_head1e-02\010pct,full,0.001,0.01,0.1,54,1741,1495,700,36,0.0516941887991769,0.84598931424282,0.84598931424282,0.2136985673002285,0.8345472991342757,0.1952495582347712,44,770333e84f0523307bc28f55db1722f5d60dfd2f822aed1b4c398f8e3318c187,256.3585077330008,167.26436746000218,85.38439832400582,2723.56494140625,16503.454,nvml_counter,64.51599123505976,520.4336184801357,1804672,72620,Tesla T4,50,0.9793021196374352,0.8977454049903246,0.8796162173831805,0.3652818894876011,0.3389907626025912,0.3533996780739921,0.0583144083146483,0.0537106157777418,0.062070907971303,0.0578387297132443,0.0381442212165854,0.0564361508185783,True,True
byol,54,full_enc1e-03_head1e-02,byol_seed54\diagnostic\full_enc1e-03_head1e-02\025pct,full,0.001,0.01,0.25,54,4355,3736,1750,47,0.0682497160775321,0.8636503460958298,0.8636503460958298,0.2142017917712784,0.859359121087326,0.2285882078411529,44,770333e84f0523307bc28f55db1722f5d60dfd2f822aed1b4c398f8e3318c187,506.962110931001,417.2353516460007,85.39131402899875,2844.38623046875,32685.973,nvml_counter,64.57153731343284,521.8877047234192,1804672,72620,Tesla T4,50,0.9548023176407576,0.918916167654286,0.8739463955594872,0.277523049076247,0.264924397039571,0.2821979540058786,0.0961106291669478,0.0842827462137354,0.088612531073165,0.0857708803572734,0.0867429393242309,0.0861421456551242,True,True
byol,54,full_enc1e-02_head1e-02,byol_seed54\diagnostic\full_enc1e-02_head1e-02\100pct,full,0.01,0.01,1.0,54,17441,15031,6850,44,0.0398618739886875,0.9289495467350152,0.9289495467350152,0.3486543332717693,0.9258556226871398,0.3415222639773306,44,770333e84f0523307bc28f55db1722f5d60dfd2f822aed1b4c398f8e3318c187,1750.9933415859996,1661.5095426500156,85.4764850760148,3445.25146484375,113171.909,nvml_counter,64.93335769410663,524.854042432479,1804672,72620,Tesla T4,50,0.7547372674705124,0.654249012503,0.5383671425008527,0.1700556931508135,0.1275437505181285,0.1490037319751855,0.6958988815142324,0.4976703469896968,0.4709243809894675,0.5715929396363795,0.9004820194527382,0.5928558440180336,True,True
byol,71,frozen_head1e-02,byol_seed71\diagnostic\frozen_head1e-02\001pct,frozen,0.0,0.01,0.01,71,173,151,100,35,0.0737302526831626,0.7505175716296552,0.7505175716296552,0.1227861272189431,0.7699605663876102,0.1233338239979055,44,bca2031bce89973659e92fb2b787deaff7bfbe8474bc82facb82d3d8fce3a9b3,90.76228228699983,1.7390074389986694,85.07731312399665,572.90869140625,5759.144,nvml_counter,63.23401565995526,4974.101781290091,0,72620,Tesla T4,50,1.0,1.0,1.0000000000000002,1.0,1.0000000000000002,1.0,0.0,0.0,0.0,0.0,0.0,0.0,True,True
byol,71,frozen_head1e-02,byol_seed71\diagnostic\frozen_head1e-02\005pct,frozen,0.0,0.01,0.05,71,868,749,350,39,0.0768290587833949,0.7988802813685585,0.7988802813685585,0.1675110956525637,0.8086305561175876,0.1729206032198192,44,bca2031bce89973659e92fb2b787deaff7bfbe8474bc82facb82d3d8fce3a9b3,93.86489431500011,5.06812020700454,84.83531513800153,605.78662109375,5988.279,nvml_counter,64.76648701298701,8563.33279941107,0,72620,Tesla T4,50,1.0,1.0,1.0000000000000002,1.0,1.0000000000000002,1.0,0.0,0.0,0.0,0.0,0.0,0.0,True,True
byol,71,frozen_head1e-02,byol_seed71\diagnostic\frozen_head1e-02\010pct,frozen,0.0,0.01,0.1,71,1739,1507,700,19,0.0733443413461957,0.8269595640065817,0.8269595640065817,0.1759966375772516,0.8304105196860294,0.1803920716589064,44,bca2031bce89973659e92fb2b787deaff7bfbe8474bc82facb82d3d8fce3a9b3,99.11284519499895,10.177256099002989,85.16381290500067,645.2626953125,6325.114,nvml_counter,63.57939835728952,8543.560185000948,0,72620,Tesla T4,50,1.0,1.0,1.0000000000000002,1.0,1.0000000000000002,1.0,0.0,0.0,0.0,0.0,0.0,0.0,True,True
byol,71,frozen_head1e-02,byol_seed71\diagnostic\frozen_head1e-02\025pct,frozen,0.0,0.01,0.25,71,4360,3767,1750,28,0.071722902570452,0.8559611471996249,0.8559611471996249,0.2095259102879058,0.8624775564456955,0.209653113498772,44,bca2031bce89973659e92fb2b787deaff7bfbe8474bc82facb82d3d8fce3a9b3,113.43760048900003,25.021957446004308,84.81766637899455,765.3388671875,7278.63,nvml_counter,63.93891577060932,8712.34796360074,0,72620,Tesla T4,50,1.0,1.0,1.0000000000000002,1.0,1.0000000000000002,1.0,0.0,0.0,0.0,0.0,0.0,0.0,True,True
byol,71,frozen_head1e-02,byol_seed71\diagnostic\frozen_head1e-02\100pct,frozen,0.0,0.01,1.0,71,17441,15031,6850,45,0.0692629222452205,0.8882255450069352,0.8882255450069352,0.2422946188334277,0.8869365383445086,0.2435147699100859,44,bca2031bce89973659e92fb2b787deaff7bfbe8474bc82facb82d3d8fce3a9b3,191.76976225699943,102.81532632800008,84.83371895099845,1366.447265625,12482.985,nvml_counter,65.01358006362673,8481.712125466564,0,72620,Tesla T4,50,1.0,1.0,1.0000000000000002,1.0,1.0000000000000002,1.0,0.0,0.0,0.0,0.0,0.0,0.0,True,True
byol,71,partial_enc1e-04_head1e-02,byol_seed71\diagnostic\partial_enc1e-04_head1e-02\001pct,partial,0.0001,0.01,0.01,71,173,151,100,34,0.0767945647239685,0.7546121636738721,0.7546121636738721,0.1227570838061172,0.7725113386903061,0.126192058084471,44,bca2031bce89973659e92fb2b787deaff7bfbe8474bc82facb82d3d8fce3a9b3,90.91273389200067,1.84011712899337,85.03524029499567,574.77197265625,5768.121,nvml_counter,63.44710514541387,4700.787718188328,162048,72620,Tesla T4,50,1.0,1.0,1.0000000000000002,1.0,0.9992408061829892,0.999012140746969,0.0,0.0,0.0,0.0,0.0026227118586004,0.0007902358528263,True,True
byol,71,partial_enc1e-02_head1e-02,byol_seed71\diagnostic\partial_enc1e-02_head1e-02\005pct,partial,0.01,0.01,0.05,71,868,749,350,38,0.0718251722199576,0.8100127046487615,0.8100127046487615,0.1814644485475516,0.8136246224929071,0.1798326911835374,44,bca2031bce89973659e92fb2b787deaff7bfbe8474bc82facb82d3d8fce3a9b3,95.01390366600026,6.173258266999255,84.86020034499052,607.64990234375,6056.185,nvml_counter,63.70620556745183,7030.323068128528,162048,72620,Tesla T4,50,1.0,1.0,1.0000000000000002,1.0,0.9995750689062042,0.999584398594875,0.0,0.0,0.0,0.0,0.3565117890797882,0.1074187378847121,True,True
byol,71,partial_enc1e-02_head1e-02,byol_seed71\diagnostic\partial_enc1e-02_head1e-02\010pct,partial,0.01,0.01,0.1,71,1739,1507,700,40,0.0696335051740918,0.8248729977730499,0.8248729977730499,0.1880627112495594,0.8414027961848537,0.196028450044723,44,bca2031bce89973659e92fb2b787deaff7bfbe8474bc82facb82d3d8fce3a9b3,101.82866822899996,13.068299649998153,85.07134314299765,647.1259765625,6517.979,nvml_counter,64.43434530938124,6653.505224760613,162048,72620,Tesla T4,50,1.0,1.0,1.0000000000000002,1.0,0.9993796539509128,0.9994803775739004,0.0,0.0,0.0,0.0,0.3831526813408664,0.1154457684359154,True,True
byol,71,partial_enc1e-02_head1e-02,byol_seed71\diagnostic\partial_enc1e-02_head1e-02\025pct,partial,0.01,0.01,0.25,71,4360,3767,1750,50,0.0698810849870954,0.8698504869216542,0.8698504869216542,0.2176854783777322,0.8575997124302848,0.2136080057887105,44,bca2031bce89973659e92fb2b787deaff7bfbe8474bc82facb82d3d8fce3a9b3,118.83508469299886,30.02628774199729,84.74505340099495,767.2021484375,7625.5,nvml_counter,64.27815384615384,7260.304766049612,162048,72620,Tesla T4,50,1.0,1.0,1.0000000000000002,1.0,0.9993663034577476,0.99900420924846,0.0,0.0,0.0,0.0,0.4536275381820567,0.1366801859401068,True,True
byol,71,partial_enc1e-02_head1e-02,byol_seed71\diagnostic\partial_enc1e-02_head1e-02\100pct,partial,0.01,0.01,1.0,71,17441,15031,6850,47,0.0623344365697707,0.8976966641421217,0.8976966641421217,0.260677747594076,0.8984774686717089,0.2762677240010533,44,bca2031bce89973659e92fb2b787deaff7bfbe8474bc82facb82d3d8fce3a9b3,213.9815031449998,124.7816073809954,85.04135054499966,1368.310546875,13951.914,nvml_counter,65.37359069325737,6988.610086880606,162048,72620,Tesla T4,50,1.0,1.0,1.0000000000000002,1.0,0.9967770386547165,0.9964469171018008,0.0,0.0,0.0,0.0,1.5666290625286483,0.472032964364818,True,True
byol,71,full_enc1e-04_head1e-02,byol_seed71\diagnostic\full_enc1e-04_head1e-02\001pct,full,0.0001,0.01,0.01,71,173,151,100,42,0.0729968696832656,0.7472767376460273,0.7472767376460273,0.1233063966296381,0.7561860563861663,0.1241979709266861,44,bca2031bce89973659e92fb2b787deaff7bfbe8474bc82facb82d3d8fce3a9b3,108.12745874400024,18.091239115998174,85.6114643359906,2649.5048828125,6875.292,nvml_counter,63.68125423728814,478.1319811505205,1804672,72620,Tesla T4,50,0.9970165104025034,0.985342397654633,0.9919103731599638,0.9049426610564536,0.8992951505785285,0.9035895818725548,0.0037077599988009,0.0032959669612242,0.0033958701224454,0.0028716854618297,0.0021908893708478,0.0029405751544934,True,True
byol,71,full_enc1e-03_head1e-02,byol_seed71\diagnostic\full_enc1e-03_head1e-02\005pct,full,0.001,0.01,0.05,71,868,749,350,50,0.0613655618258884,0.82894644929609,0.82894644929609,0.1852840660654272,0.8015720932343552,0.1857939703301398,44,bca2031bce89973659e92fb2b787deaff7bfbe8474bc82facb82d3d8fce3a9b3,174.04525459399883,84.339878529001,85.48461153500102,2682.72998046875,11161.892,nvml_counter,63.990152403282536,514.5845684977662,1804672,72620,Tesla T4,50,0.9786125386336376,0.9550195425535942,0.7841563447159339,0.0361215450242322,0.0367742986421222,0.0319094177551629,0.0502597511175346,0.0441072693608046,0.0463896169808405,0.0359247817700137,0.0242785515223506,0.0375309930982966,True,True
byol,71,full_enc1e-03_head1e-02,byol_seed71\diagnostic\full_enc1e-03_head1e-02\010pct,full,0.001,0.01,0.1,71,1739,1507,700,43,0.0517723986080714,0.8586284575309098,0.8586284575309098,0.2404433709783061,0.8611912631612214,0.2195722151342488,44,bca2031bce89973659e92fb2b787deaff7bfbe8474bc82facb82d3d8fce3a9b3,259.8963595920013,170.14490647799357,85.78721192699595,2723.47314453125,16717.623,nvml_counter,64.247731918239,511.034986588012,1804672,72620,Tesla T4,50,0.9701407061979952,0.8748396476293332,0.8843138190156832,0.186317962167589,0.141181217863792,0.1485451970744059,0.0759719857449383,0.0669611493921903,0.0702037015131635,0.0514147637124314,0.0387167108377364,0.0550538530387535,True,True
byol,71,full_enc1e-03_head1e-02,byol_seed71\diagnostic\full_enc1e-03_head1e-02\025pct,full,0.001,0.01,0.25,71,4360,3767,1750,40,0.0552743162427629,0.8864049086023289,0.8864049086023289,0.2467013535662955,0.8877631606781765,0.2505168226486008,44,bca2031bce89973659e92fb2b787deaff7bfbe8474bc82facb82d3d8fce3a9b3,512.8024333190006,423.3487661780018,85.48792777400922,2844.38671875,33096.885,nvml_counter,64.4384040686079,514.941857438506,1804672,72620,Tesla T4,50,0.96460775678955,0.9076429012093824,0.8395117721656077,0.5658973240078026,0.5002596535638727,0.5032764562807664,0.1035000591294418,0.0918900633047303,0.0927885900737131,0.0717103595492249,0.0605137615776685,0.0762624499753373,True,True
byol,71,full_enc1e-02_head1e-02,byol_seed71\diagnostic\full_enc1e-02_head1e-02\100pct,full,0.01,0.01,1.0,71,17441,15031,6850,39,0.040256033848672,0.9368834638277164,0.9368834638277164,0.3434236116606705,0.9325338761236012,0.366362900833661,44,bca2031bce89973659e92fb2b787deaff7bfbe8474bc82facb82d3d8fce3a9b3,1777.1848878329984,1687.3351222619858,85.627815353997,3445.25146484375,114934.538,nvml_counter,64.63229674000691,516.8208665217367,1804672,72620,Tesla T4,50,0.6596224249505006,0.6732975301457592,0.6059881270042949,0.0069609622548683,0.005799451140762,0.0060520765937869,0.9198424939833192,0.7233132256634047,0.7880904235331666,0.8628668784406218,0.8859149142182581,0.8434122837034357,True,True
