method,protocol,fraction,label,auroc_mean,auroc_sd,auprc_mean,auprc_sd,test_pos
baseline,full,0.01,1AVB,0.6291293766682368,0.004050436354058472,0.059235868900632684,0.0033882388272113055,80
baseline,full,0.01,2AVB,0.8604299122010293,0.0587383851559085,0.0038371275631712415,0.0021236944749079122,1
baseline,full,0.01,3AVB,0.6815841284264729,0.2214806010713167,0.0046598498815923475,0.0025820804581355144,2
baseline,full,0.01,ALMI,0.7195513328892131,0.0218514178104897,0.036788373188757835,0.0024657519470153884,29
baseline,full,0.01,AMI,0.5760850465647513,0.01364168516876272,0.022767027561307603,0.0028170305598289526,35
baseline,full,0.01,ANEUR,0.573810609515124,0.22898991482732728,0.012018507277202781,0.011069426933235128,10
baseline,full,0.01,ASMI,0.7497601670501121,0.06254126762958977,0.28527790213375454,0.07199356479872064,236
baseline,full,0.01,CLBBB,0.8969575283364642,0.07728108229977791,0.27272241692765703,0.09108261677692357,54
baseline,full,0.01,CRBBB,0.7088022565764152,0.05774869131246189,0.06981904179247941,0.028237743444692237,54
baseline,full,0.01,DIG,0.6732604458004916,0.04906220769363327,0.033099265359382214,0.008490196065609114,18
baseline,full,0.01,EL,0.6342719200513184,0.04799851265953903,0.006650774054393289,0.0004112803858631453,9
baseline,full,0.01,ILBBB,0.575531511009871,0.13605481223172647,0.009578493023717176,0.004157713778170135,8
baseline,full,0.01,ILMI,0.7334042278937871,0.011019551610581508,0.05893211809031029,0.007433752997831394,48
baseline,full,0.01,IMI,0.6238291745407331,0.01062592120033086,0.17049938323601296,0.00046498877926461974,268
baseline,full,0.01,INJAL,0.6395614435815441,0.10827587829977667,0.010598162531855054,0.003716033765934355,14
baseline,full,0.01,INJAS,0.6571492087310519,0.05938905517133857,0.01511055608971501,0.0025261293782060943,22
baseline,full,0.01,INJIL,0.8022868393154626,0.14057538435407704,0.008571130350494284,0.008766070236951501,2
baseline,full,0.01,INJIN,0.6229744055732244,0.08298383872587528,0.0018647187219498883,0.00040443525738270225,2
baseline,full,0.01,INJLA,0.5645161290322581,0.14611871494048445,0.0027388445191861965,0.0013874814678697805,2
baseline,full,0.01,IPLMI,0.5503184713375796,0.16774677792554904,0.00527022162356685,0.0028887444332848645,5
baseline,full,0.01,IPMI,0.5453535353535354,0.1977398889121079,0.0028279869130368126,0.0013326379779278047,3
baseline,full,0.01,IRBBB,0.5814765947029218,0.04313125430253086,0.06415443896413954,0.010807018637802129,112
baseline,full,0.01,ISCAL,0.6256339719138034,0.06580220615996435,0.057438756761889774,0.028611753143261177,66
baseline,full,0.01,ISCAN,0.5981506745490375,0.06562314881551455,0.0028527407777303618,0.00036772137767818386,4
baseline,full,0.01,ISCAS,0.6439911737796674,0.09055359629241826,0.017945866134361537,0.010204157844985271,17
baseline,full,0.01,ISCIL,0.6080769556742097,0.059719427042700994,0.01749839780323055,0.010643770773004059,18
baseline,full,0.01,ISCIN,0.6318619482305864,0.02697542754311195,0.015246599842386549,0.001221869565581961,22
baseline,full,0.01,ISCLA,0.6888772868672367,0.05350915477997037,0.01999104898416421,0.00671843555261869,14
baseline,full,0.01,ISC_,0.8332894076305221,0.02326715547689499,0.22566665534708694,0.04067905839017341,128
baseline,full,0.01,IVCD,0.5446911726143652,0.06329319561188407,0.04690737635962542,0.012018340339002776,79
baseline,full,0.01,LAFB,0.7205787120574202,0.0975016010138735,0.18092197088906245,0.06902413607065339,163
baseline,full,0.01,LAO/LAE,0.5647627861880523,0.11080481818095908,0.028313095708372493,0.007820973543890893,42
baseline,full,0.01,LMI,0.5190410749732783,0.15850144294092813,0.03180630933061424,0.04098289606710223,20
baseline,full,0.01,LNGQT,0.6514736783897367,0.08495585588547194,0.009590464099634063,0.00344129754052139,11
baseline,full,0.01,LPFB,0.5760996694635138,0.022947462087458965,0.022138736834903732,0.016723511742409464,18
baseline,full,0.01,LVH,0.8525116332977795,0.018317527227251086,0.34829331457392065,0.04110423147124083,214
baseline,full,0.01,NDT,0.6249003588883478,0.025063222331933338,0.11475730085505255,0.010484288569964082,183
baseline,full,0.01,NORM,0.8155987070731426,0.03042096558683608,0.7532824928295536,0.0538235512867415,964
baseline,full,0.01,NST_,0.5992127972372563,0.07039865782640498,0.05824443062956683,0.02198107495376473,77
baseline,full,0.01,PMI,0.8309101923368166,0.16117675118736946,0.0067155967940693345,0.004270581477700122,2
baseline,full,0.01,RAO/RAE,0.5846177230582156,0.07144846375581292,0.0065111268132744685,0.001377295290627149,10
baseline,full,0.01,RVH,0.6278208834119378,0.08884232967416107,0.014917604578387401,0.008689831802125788,12
baseline,full,0.01,SEHYP,0.5327272727272727,0.2665753545454943,0.0028246420398928304,0.002361449206389168,3
baseline,full,0.01,WPW,0.40916856492027337,0.16066142551443702,0.0035406048832187426,0.0010279717818038913,8
baseline,full,0.05,1AVB,0.743800047103156,0.016189190700277384,0.10949917210937206,0.01975096225545822,80
baseline,full,0.05,2AVB,0.6268543748107781,0.16658332631433076,0.0014564037848259048,0.0008217955935138785,1
baseline,full,0.05,3AVB,0.9296531879448735,0.021921951789632656,0.010228263019174353,0.0021894834423236086,2
baseline,full,0.05,ALMI,0.8028767355052925,0.0051406792600548566,0.07974038528244136,0.023350857151086545,29
baseline,full,0.05,AMI,0.6420290810050958,0.03803074996945955,0.0272733758517867,0.007037290645205141,35
baseline,full,0.05,ANEUR,0.8788265693874449,0.05781886897614214,0.06771095776748233,0.059100521440132996,10
baseline,full,0.05,ASMI,0.8774450035759526,0.0116663383413279,0.49698143337232215,0.025704102979571437,236
baseline,full,0.05,CLBBB,0.9663538596763352,0.023794748930238193,0.5051923155202129,0.18006895067033912,54
baseline,full,0.05,CRBBB,0.9576604679753431,0.031814195404307334,0.5071922753110739,0.2459803644228146,54
baseline,full,0.05,DIG,0.8490973811339945,0.031634213611101296,0.0357970279787514,0.006557968651760189,18
baseline,full,0.05,EL,0.6436409061750903,0.03165584229788059,0.006800066970095629,0.0011973254369772497,9
baseline,full,0.05,ILBBB,0.8238800303720577,0.04879982509368197,0.030913302896989334,0.018695717927617372,8
baseline,full,0.05,ILMI,0.8315609693219902,0.03654513605125282,0.12062183956857353,0.04396490239529082,48
baseline,full,0.05,IMI,0.7092997544576857,0.00044255501861629754,0.25715884876860984,0.02217752040259726,268
baseline,full,0.05,INJAL,0.8378472448824207,0.047368431960937096,0.03125370890092894,0.022614204275004095,14
baseline,full,0.05,INJAS,0.7948814138635321,0.01772258796334808,0.027359406670211372,0.0005252526156494483,22
baseline,full,0.05,INJIL,0.7316371346357716,0.05763183901956655,0.0028041294314633154,0.00073589963906287,2
baseline,full,0.05,INJIN,0.7365591397849464,0.09971169880284922,0.0027324365394190164,0.0008354219332250436,2
baseline,full,0.05,INJLA,0.8114493412085415,0.12904185641745206,0.00726606764452882,0.00679651606889962,2
baseline,full,0.05,IPLMI,0.6470427661510464,0.16300346727698753,0.006174080078411419,0.0047866557370284,5
baseline,full,0.05,IPMI,0.8506060606060606,0.038774559739756354,0.015502509744176654,0.010653101909177152,3
baseline,full,0.05,IRBBB,0.6987770718043316,0.11153810373255792,0.14718132435840092,0.0638073900579807,112
baseline,full,0.05,ISCAL,0.864168120134428,0.006598265626977283,0.15985939461632184,0.06374720373368102,66
baseline,full,0.05,ISCAN,0.7492420797332121,0.03582478329899131,0.0057185065391107,0.0009153456541457032,4
baseline,full,0.05,ISCAS,0.8170622320291336,0.06897149435668842,0.05464281803446667,0.04832660813315124,17
baseline,full,0.05,ISCIL,0.8377320111873887,0.020577364069784308,0.03454543326652688,0.015420447227954572,18
baseline,full,0.05,ISCIN,0.7138579745182222,0.01706120560626166,0.045355186524543685,0.010657794345014017,22
baseline,full,0.05,ISCLA,0.780787052143836,0.03563146889237337,0.026260141672156383,0.014434924668077064,14
baseline,full,0.05,ISC_,0.9312449799196787,0.00939661309447588,0.5104360496890176,0.060455027344208136,128
baseline,full,0.05,IVCD,0.5891677989940166,0.00599221993739165,0.055534997689662365,0.005271160063465629,79
baseline,full,0.05,LAFB,0.8869757207586512,0.01086395368699838,0.41925845130486494,0.021092398999487543,163
baseline,full,0.05,LAO/LAE,0.7112888653841916,0.012477449327492698,0.05881107209965003,0.027329778324320247,42
baseline,full,0.05,LMI,0.6631852191174225,0.003984573336360688,0.016583765843300704,0.0033306560446471115,20
baseline,full,0.05,LNGQT,0.750221190002212,0.04877550469748294,0.011838792903803479,0.0028071605838626747,11
baseline,full,0.05,LPFB,0.73302822273074,0.056816627267105124,0.08619746651989507,0.08371947068399622,18
baseline,full,0.05,LVH,0.8917237955170885,0.01041123430047419,0.5471475953539415,0.034762449010035126,214
baseline,full,0.05,NDT,0.8201072156395967,0.006183525875186829,0.27396201430537803,0.021206719442881182,183
baseline,full,0.05,NORM,0.8871125377736252,0.0177489871631325,0.8304159177757717,0.03956310662759014,964
baseline,full,0.05,NST_,0.7525585107899313,0.024626126855444408,0.09035997115514277,0.00709164843887196,77
baseline,full,0.05,PMI,0.8548387096774194,0.07647315242510433,0.0077731922453029775,0.004119366661789164,2
baseline,full,0.05,RAO/RAE,0.584921720626235,0.05127395282460603,0.01078324929908584,0.0042366285943731445,10
baseline,full,0.05,RVH,0.8497388305695015,0.06292220936537536,0.07838037001293297,0.04921304307632253,12
baseline,full,0.05,SEHYP,0.6818181818181818,0.20801717056697192,0.008932149025861017,0.006361716442011345,3
baseline,full,0.05,WPW,0.577600607441154,0.11305806136568955,0.015383024431614947,0.010266701212734331,8
baseline,full,0.1,1AVB,0.7430679855550322,0.020931955422256315,0.1002335525233401,0.010057327745868472,80
baseline,full,0.1,2AVB,0.6757493188010898,0.2337071585381125,0.0024486423456760048,0.0023598916012715822,1
baseline,full,0.1,3AVB,0.8433287899439649,0.14458713556627478,0.008962178996764351,0.0028854933829928985,2
baseline,full,0.1,ALMI,0.8125733591346002,0.01723395041441883,0.15720705948325067,0.05504622002447779,29
baseline,full,0.1,AMI,0.6639079247935337,0.040634873219683953,0.028235214400709807,0.003625397528794096,35
baseline,full,0.1,ANEUR,0.8964584283325734,0.022009528895894134,0.036375521255208376,0.011310313835905986,10
baseline,full,0.1,ASMI,0.9129747471701148,0.004468139574809528,0.598258766247617,0.014979635527923663,236
baseline,full,0.1,CLBBB,0.954451970195727,0.0607799539977549,0.6892753234716018,0.06674747870371966,54
baseline,full,0.1,CRBBB,0.9932813999046356,0.0023703817758316927,0.7672666184368045,0.04476603174323503,54
baseline,full,0.1,DIG,0.8338842274769048,0.03590244898308023,0.03629286929730995,0.008087884054797647,18
baseline,full,0.1,EL,0.7502278942570647,0.06610196502863983,0.018768997261562347,0.0095198952432622,9
baseline,full,0.1,ILBBB,0.8682991647684131,0.0771997524436021,0.04012846466634234,0.027440890180486455,8
baseline,full,0.1,ILMI,0.8420888115493684,0.032221701481588844,0.17358529942539902,0.10055338017626038,48
baseline,full,0.1,IMI,0.7987845012662783,0.021920985181412635,0.3882316684099482,0.048926277404317105,268
baseline,full,0.1,INJAL,0.9153016163066413,0.040955675009904914,0.07522517935238994,0.047498064505102446,14
baseline,full,0.1,INJAS,0.900365414808331,0.028856302156625924,0.08199812893939087,0.040010860823096114,22
baseline,full,0.1,INJIL,0.9036801453884599,0.0374939749493412,0.007624531440997159,0.002435186765388973,2
baseline,full,0.1,INJIN,0.910419506285022,0.017030641170726026,0.008112101771642588,0.0018050784808211586,2
baseline,full,0.1,INJLA,0.9061790095411176,0.08684917845772713,0.01576855982553915,0.013756575322495508,2
baseline,full,0.1,IPLMI,0.5715953897482561,0.02270981030345157,0.004275267893883793,0.0012884761325116499,5
baseline,full,0.1,IPMI,0.7830303030303031,0.1147193845436883,0.005470163034190138,0.003052842215468313,3
baseline,full,0.1,IRBBB,0.8566959304046823,0.027708378365042655,0.3068568211304989,0.08603960082432074,112
baseline,full,0.1,ISCAL,0.8884114897217378,0.009477855694753685,0.1717742897503427,0.017575052332239386,66
baseline,full,0.1,ISCAN,0.678831286948613,0.059602466192668985,0.005128621270007624,0.0018087760006899004,4
baseline,full,0.1,ISCAS,0.9069120786466462,0.04272045381491095,0.11232989015021581,0.07769743324709005,17
baseline,full,0.1,ISCIL,0.8576998050682261,0.01964899931825443,0.05363348050868549,0.006850734159715748,18
baseline,full,0.1,ISCIN,0.7869687243827546,0.03091624319118644,0.040574119731938675,0.0010482546360236118,22
baseline,full,0.1,ISCLA,0.8472992668972568,0.03043500883642051,0.042835024213395134,0.016631032430826934,14
baseline,full,0.1,ISC_,0.9488378514056225,0.002365244086588082,0.5919215528358891,0.026778002275407206,128
baseline,full,0.1,IVCD,0.623600483126336,0.024412680417782353,0.06426152306080675,0.004931205186292911,79
baseline,full,0.1,LAFB,0.9496516500260636,0.008358212458104503,0.6639279282453469,0.07012065636216955,163
baseline,full,0.1,LAO/LAE,0.7183659828268806,0.032857724339670484,0.07095627896169615,0.027115967234459627,42
baseline,full,0.1,LMI,0.7473812795846695,0.036735693969303,0.02851601311818495,0.002509793254750905,20
baseline,full,0.1,LNGQT,0.7866622428666226,0.008721592188516878,0.047364063574723225,0.048139241717255615,11
baseline,full,0.1,LPFB,0.8025002118823629,0.009964946240642151,0.20337516320146834,0.0777254291566316,18
baseline,full,0.1,LVH,0.9140388961719363,0.010820213341630455,0.6295993127084426,0.009077409824448794,214
baseline,full,0.1,NDT,0.8694007105628595,0.009867712587818083,0.3957800021755293,0.02300433405964121,183
baseline,full,0.1,NORM,0.9152235383686259,0.0040796842888288845,0.8702279618575042,0.002905631853959611,964
baseline,full,0.1,NST_,0.8005033536548117,0.007984811913544962,0.1280155919268416,0.023633215683238822,77
baseline,full,0.1,PMI,0.8771013175829169,0.05733093116844489,0.011010933247127002,0.006199946777041612,2
baseline,full,0.1,RAO/RAE,0.7011855905152758,0.0615001656185737,0.009819145719235546,0.002633847002543819,10
baseline,full,0.1,RVH,0.9212054363811553,0.023892051894755545,0.11567078478814462,0.01003227731980662,12
baseline,full,0.1,SEHYP,0.7170707070707071,0.03556488054945621,0.013600711900133974,0.009349059991841959,3
baseline,full,0.1,WPW,0.5971336370539104,0.0825047689508228,0.006143870801486827,0.0028899224384664104,8
baseline,full,0.25,1AVB,0.7876413094677344,0.02095521749081073,0.11656786546727803,0.018245430346236994,80
baseline,full,0.25,2AVB,0.7405389040266425,0.08161804491910161,0.0018847227034525474,0.0006645540760817877,1
baseline,full,0.25,3AVB,0.939118582462517,0.020141363151583696,0.018589912676321766,0.005765521751897545,2
baseline,full,0.25,ALMI,0.8795773456418066,0.0391364892771821,0.23774482503416136,0.13131883201842207,29
baseline,full,0.25,AMI,0.7427077842206993,0.025607147294310136,0.03641573047440442,0.002339802072309614,35
baseline,full,0.25,ANEUR,0.8989816081471348,0.02167706772157355,0.043781228018709074,0.015541360889777476,10
baseline,full,0.25,ASMI,0.9429459672161283,0.012890349608839693,0.6884410265917668,0.047494671469387524,236
baseline,full,0.25,CLBBB,0.9940928597280388,0.0013052892392557557,0.8368524030814702,0.02429822340267873,54
baseline,full,0.25,CRBBB,0.9953093313571055,0.0012116489785838742,0.8224394485488054,0.04228396226271508,54
baseline,full,0.25,DIG,0.8588778710060175,0.017320165870835395,0.044338735661703876,0.008913847786030219,18
baseline,full,0.25,EL,0.8255680475370539,0.019418821127539686,0.0201379163669576,0.0041659854993875926,9
baseline,full,0.25,ILBBB,0.9188686408504175,0.030434452093121116,0.1844249071376032,0.15279945688222346,8
baseline,full,0.25,ILMI,0.8953660737303428,0.018802145331891163,0.22054861988333255,0.05979603287002909,48
baseline,full,0.25,IMI,0.8483127000655637,0.040055528242006956,0.4792584530223012,0.0647641232997205,268
baseline,full,0.25,INJAL,0.9379364354238726,0.02014930982748876,0.15233861414115626,0.0712793276488799,14
baseline,full,0.25,INJAS,0.9397690800716935,0.017045562644834557,0.15319622554492732,0.053314658881143784,22
baseline,full,0.25,INJIL,0.9527487505679236,0.03362338364110145,0.027252595666458188,0.019357075175450652,2
baseline,full,0.25,INJIN,0.933515068908072,0.06824782336588099,0.02552773826410352,0.018167782365907065,2
baseline,full,0.25,INJLA,0.8958806603059215,0.10478210713106138,0.02643366391730716,0.025374416099128858,2
baseline,full,0.25,IPLMI,0.7525629360024265,0.06785972162119419,0.010597652319605052,0.0028199435004198823,5
baseline,full,0.25,IPMI,0.8038383838383839,0.0926784052920022,0.011165895976847503,0.009098252354668063,3
baseline,full,0.25,IRBBB,0.9208854273416683,0.014714154702381858,0.43851755961415456,0.054569801588722155,112
baseline,full,0.25,ISCAL,0.9079872189371487,0.009530641340902993,0.2186985804418342,0.015052457487321392,66
baseline,full,0.25,ISCAN,0.723434894649083,0.042338124181475124,0.006359710287101855,0.0031806066731206372,4
baseline,full,0.25,ISCAS,0.90675959313277,0.021359759368841266,0.13418644280017825,0.03274797295045703,17
baseline,full,0.25,ISCIL,0.8982032375625053,0.012571841769423749,0.08513323027339487,0.018077298200241617,18
baseline,full,0.25,ISCIN,0.7940477679129674,0.04535308364844909,0.04574640206489885,0.010012793692037083,22
baseline,full,0.25,ISCLA,0.8664426026235071,0.02936848744604899,0.05093092067998733,0.017367347294964936,14
baseline,full,0.25,ISC_,0.9585429216867469,0.004084215802226207,0.6467963303845973,0.012707748553932719,128
baseline,full,0.25,IVCD,0.640282446144922,0.03358218231350541,0.07746412068793473,0.007152957654712013,79
baseline,full,0.25,LAFB,0.9751548779020811,0.005592155143563714,0.7710551439862714,0.02867842544663031,163
baseline,full,0.25,LAO/LAE,0.7386644924821696,0.031074226014314133,0.05392491947769277,0.008200115657610982,42
baseline,full,0.25,LMI,0.7456558253168423,0.043273927058282834,0.0290707076916563,0.011201727284914666,20
baseline,full,0.25,LNGQT,0.8431348153063482,0.028773184448279584,0.09263788047841354,0.03482254049906122,11
baseline,full,0.25,LPFB,0.7884396982795151,0.02150648526610601,0.16031242944987273,0.02834810960879795,18
baseline,full,0.25,LVH,0.9337461959781916,0.004879422511193003,0.6809449438875567,0.010675743336825746,214
baseline,full,0.25,NDT,0.8956707965878555,0.014388243166829124,0.44842142044976274,0.05657977055884535,183
baseline,full,0.25,NORM,0.9274179864411245,0.008199915958391209,0.8937058133687664,0.014531525300171214,964
baseline,full,0.25,NST_,0.8219467894914744,0.010157349928385875,0.15390380711843102,0.017609630331703947,77
baseline,full,0.25,PMI,0.865970013630168,0.0589105228341465,0.02540230219093319,0.027926630862317864,2
baseline,full,0.25,RAO/RAE,0.7400060799513604,0.10931455074901573,0.03229787964293206,0.01340302157270523,10
baseline,full,0.25,RVH,0.8911582737461332,0.007259520715894331,0.1156943775290261,0.0007865628292977238,12
baseline,full,0.25,SEHYP,0.6681313131313131,0.10041343979741854,0.005021422660204823,0.0024914817831753603,3
baseline,full,0.25,WPW,0.6938496583143507,0.019113283584823747,0.011645890775135203,0.002519039618250148,8
baseline,full,1.0,1AVB,0.9672142408541372,0.002669602354576167,0.5586493781177041,0.008975341915105624,80
baseline,full,1.0,2AVB,0.9362700575234636,0.011598917804717244,0.0072218709145250096,0.0012184973034504486,1
baseline,full,1.0,3AVB,0.9750113584734211,0.017777371691516407,0.07031486118906782,0.034396527053709595,2
baseline,full,1.0,ALMI,0.9690094005435185,0.007097142699330032,0.5125538208283963,0.046907042375781124,29
baseline,full,1.0,AMI,0.933741873133017,0.007211548883708462,0.20173450333758236,0.04438135072605624,35
baseline,full,1.0,ANEUR,0.9323453412372702,0.0013983062024145471,0.19590465797025394,0.0592149760662263,10
baseline,full,1.0,ASMI,0.9748236437949327,0.001322191377969688,0.8419713507136745,0.014425675573300042,236
baseline,full,1.0,CLBBB,0.9968575679759176,0.0004975930796717054,0.8873583203811254,0.009098313219551795,54
baseline,full,1.0,CRBBB,0.9976905709804732,0.0003994735531253876,0.875211762358269,0.04389180875423746,54
baseline,full,1.0,DIG,0.9258581235697939,0.002364607170099221,0.11187920218326934,0.01621585542686161,18
baseline,full,1.0,EL,0.9074749316317229,0.017312854264772488,0.04648994257241954,0.012530173283389838,9
baseline,full,1.0,ILBBB,0.896848899012908,0.021387169414830286,0.17376484402975123,0.06355924860601236,8
baseline,full,1.0,ILMI,0.9585524619747358,0.0018027205323572618,0.5831343882786889,0.007773008873516711,48
baseline,full,1.0,IMI,0.9329065267975368,0.0017015659268071464,0.6807199784976535,0.003546272540523517,268
baseline,full,1.0,INJAL,0.9826948595792816,0.003116244739906674,0.5958147617703154,0.029346892946881593,14
baseline,full,1.0,INJAS,0.9903297069734484,0.0006794981612645629,0.6106529388070648,0.03993005851465797,22
baseline,full,1.0,INJIL,0.9848553687717704,0.005009760686664634,0.22233220139272059,0.2512814859280092,2
baseline,full,1.0,INJIN,0.9935635317280024,0.002429049664144425,0.10717582354579258,0.024794931905341336,2
baseline,full,1.0,INJLA,0.8973194002726034,0.022947489866741236,0.006705487530634893,0.001632133047219128,2
baseline,full,1.0,IPLMI,0.8619654231119199,0.05800633373598111,0.09104071838214223,0.006958505721304928,5
baseline,full,1.0,IPMI,0.903989898989899,0.024730101095916755,0.02348057830990923,0.007814474218295944,3
baseline,full,1.0,IRBBB,0.974226275876204,0.004879553439599998,0.7252566261309346,0.012418219966719173,112
baseline,full,1.0,ISCAL,0.9479989412137283,0.004996133745103168,0.3506823080559325,0.029300625477467337,66
baseline,full,1.0,ISCAN,0.8220024253448538,0.02797519023452542,0.009504406113187161,0.004605885431834958,4
baseline,full,1.0,ISCAS,0.9362879644080871,0.010001300008292677,0.24016054149590663,0.02696056598036681,17
baseline,full,1.0,ISCIL,0.9417153996101364,0.003325481367140684,0.2336362201194272,0.030629825426903276,18
baseline,full,1.0,ISCIN,0.8994831395106498,0.01135475438156047,0.19197180230008257,0.022684330631978174,22
baseline,full,1.0,ISCLA,0.9063608083708585,0.007202763507515265,0.11572950434639322,0.059206522925003585,14
baseline,full,1.0,ISC_,0.9586295180722891,0.0007583022006194028,0.6816370807251791,0.013517571786985472,128
baseline,full,1.0,IVCD,0.737522547220037,0.009914701770947042,0.12915121192041032,0.01678034430697181,79
baseline,full,1.0,LAFB,0.9844886523116404,0.0013337885473388167,0.8490260086375118,0.009421811344168791,163
baseline,full,1.0,LAO/LAE,0.7851780848078859,0.010081403878631047,0.09117315657967884,0.009307686833601607,42
baseline,full,1.0,LMI,0.9012597343105817,0.008806233819040065,0.13230981758483626,0.03799111062793485,20
baseline,full,1.0,LNGQT,0.8623921698739218,0.005743241773159126,0.07323469295523546,0.03765557948925136,11
baseline,full,1.0,LPFB,0.935638613441817,0.019099904993654215,0.49685268665500204,0.01699835733515062,18
baseline,full,1.0,LVH,0.9395507064555993,0.004618477474681097,0.69364367485033,0.009545815547015005,214
baseline,full,1.0,NDT,0.930517232051074,0.0036672330631621237,0.5436836998009549,0.018358307036796247,183
baseline,full,1.0,NORM,0.9481888753813643,0.00011603901616657579,0.923829040008397,0.0023499461014243653,964
baseline,full,1.0,NST_,0.8513111222424486,0.00799402320499176,0.17703208348515465,0.0011090286846554447,77
baseline,full,1.0,PMI,0.9692563986066939,0.0338050254213153,0.08296049956738621,0.07001662175156169,2
baseline,full,1.0,RAO/RAE,0.9378628970968231,0.03584735596875836,0.30157606407937815,0.08553148410501944,10
baseline,full,1.0,RVH,0.9525330899132816,0.021691239091084613,0.2638385611661905,0.002078067843598485,12
baseline,full,1.0,SEHYP,0.9935858585858587,0.0004628864338338596,0.1494434415487047,0.03308216183754207,3
baseline,full,1.0,WPW,0.8348519362186787,0.016887918590035966,0.5723012322140866,0.04062236431643261,8
byol,frozen,0.01,1AVB,0.6903379651436646,0.031777382754098145,0.07773191483042687,0.004701340669649405,80
byol,frozen,0.01,2AVB,0.6156524371783227,0.19448349286367803,0.001504426340826587,0.0009837184459427228,1
byol,frozen,0.01,3AVB,0.921247917613206,0.03284569911186641,0.010081173430546085,0.004186770856126111,2
byol,frozen,0.01,ALMI,0.7703079233152513,0.010852563802887391,0.04677283783832076,0.014007875284073237,29
byol,frozen,0.01,AMI,0.6409023018801617,0.04024099781096297,0.026959155430823643,0.0033200997158617015,35
byol,frozen,0.01,ANEUR,0.8294421644626843,0.06420882565756414,0.024595341904560333,0.012666998372710254,10
byol,frozen,0.01,ASMI,0.8807129070338552,0.010946673960551812,0.4782164680982525,0.08781409097108843,236
byol,frozen,0.01,CLBBB,0.975929085592495,0.014141000121406122,0.619015315615372,0.13883748897219567,54
byol,frozen,0.01,CRBBB,0.9718272639010967,0.012705838285568488,0.6430897972293677,0.13797803135792674,54
byol,frozen,0.01,DIG,0.7894736842105262,0.07557438749436064,0.024026755423345827,0.008302520037152148,18
byol,frozen,0.01,EL,0.707113677031635,0.04807635564010626,0.008219814117546357,0.001612818534412988,9
byol,frozen,0.01,ILBBB,0.8208807896735003,0.10332522202239246,0.03974807563036809,0.043713779446854346,8
byol,frozen,0.01,ILMI,0.7351508120649651,0.027501851861094793,0.06287692114226147,0.030270358432331737,48
byol,frozen,0.01,IMI,0.6707952485633847,0.008324035544414746,0.19902632840408985,0.00966595762767968,268
byol,frozen,0.01,INJAL,0.8664643564141051,0.03320576474366577,0.035483636201962515,0.006475454158476902,14
byol,frozen,0.01,INJAS,0.8781695913745432,0.01261461784277638,0.04669385942777025,0.010071019412750293,22
byol,frozen,0.01,INJIL,0.8375738300772376,0.060369404689881,0.004709982347756375,0.001501825534502685,2
byol,frozen,0.01,INJIN,0.882856277449644,0.0910043650255697,0.012058169122574777,0.013417327314267818,2
byol,frozen,0.01,INJLA,0.8646827199757685,0.03476905215783726,0.02750733329851071,0.04000413403620285,2
byol,frozen,0.01,IPLMI,0.6792538671519562,0.13019967929884088,0.005612260249099849,0.002391101779484943,5
byol,frozen,0.01,IPMI,0.8252525252525252,0.23091527139850318,0.036725313714150006,0.031275494709296574,3
byol,frozen,0.01,IRBBB,0.6135919815080503,0.0367397028329196,0.07621089934106613,0.011756918669166259,112
byol,frozen,0.01,ISCAL,0.8157191947552267,0.023437617737890007,0.10598116540691287,0.019731322257338327,66
byol,frozen,0.01,ISCAN,0.6088373503107474,0.07862531476231226,0.003440812067674562,0.0007172064805735436,4
byol,frozen,0.01,ISCAS,0.8427605259853254,0.056052270659997495,0.05670137533560165,0.020817303049123832,17
byol,frozen,0.01,ISCIL,0.7265361471311128,0.03712228920852201,0.01630089340672033,0.0033294582120416455,18
byol,frozen,0.01,ISCIN,0.6670973837411251,0.05209999714187266,0.018833376668917032,0.003525736869237611,22
byol,frozen,0.01,ISCLA,0.763721203419696,0.05228451162689021,0.027108228611725575,0.009841703534262653,14
byol,frozen,0.01,ISC_,0.9097753514056225,0.019882659771561798,0.41981399268667247,0.05790285573104258,128
byol,frozen,0.01,IVCD,0.6020961961747201,0.004434153098900996,0.06207878297641332,0.014294766962821772,79
byol,frozen,0.01,LAFB,0.8842751313204218,0.03903793146679303,0.4412427212532279,0.11392590344591981,163
byol,frozen,0.01,LAO/LAE,0.6709415834820739,0.01622172871964058,0.05659347543654292,0.015144476609567473,42
byol,frozen,0.01,LMI,0.680768056191785,0.02198923894411455,0.023527971291512212,0.012988356092641023,20
byol,frozen,0.01,LNGQT,0.7252820172528202,0.028543726036170503,0.011284201565554744,0.0005331084726137268,11
byol,frozen,0.01,LPFB,0.6845410628019324,0.03150258763248891,0.09510138035558235,0.044259055998653096,18
byol,frozen,0.01,LVH,0.8511564382922273,0.03061191504352625,0.4495611728624434,0.07287384780119682,214
byol,frozen,0.01,NDT,0.8040875399015311,0.026709991060220612,0.2340108881046643,0.04572048201211354,183
byol,frozen,0.01,NORM,0.8878186129223474,0.0056111477956229975,0.8235546443507641,0.01132927329231236,964
byol,frozen,0.01,NST_,0.7559223467031558,0.016332362476624247,0.09407569371938979,0.012509723198872637,77
byol,frozen,0.01,PMI,0.815765561108587,0.1330404565811653,0.007080263605924675,0.004252890186804376,2
byol,frozen,0.01,RAO/RAE,0.5704362365101079,0.023117456033426825,0.008373627446265032,0.0030074062101611452,10
byol,frozen,0.01,RVH,0.857104822759775,0.025459666025130046,0.035073981691418114,0.01679444407063014,12
byol,frozen,0.01,SEHYP,0.709040404040404,0.024365847429696445,0.0035075499972904265,0.0003263310260903267,3
byol,frozen,0.01,WPW,0.7079347000759301,0.046346583899827556,0.015179505653753872,0.00813956841245653,8
byol,frozen,0.05,1AVB,0.7264788428324698,0.03801259250628552,0.10720367402369295,0.002561511155031099,80
byol,frozen,0.05,2AVB,0.6966394187102635,0.046676349346156616,0.0015200110653310298,0.0002470908141165679,1
byol,frozen,0.05,3AVB,0.8375738300772376,0.11508684184064663,0.011382331108451044,0.009110609137376845,2
byol,frozen,0.05,ALMI,0.8362174708413962,0.014384234070042651,0.14211508319835647,0.03917839030797495,29
byol,frozen,0.05,AMI,0.6701260762607625,0.01991178020153687,0.047010573560008394,0.012809161378564606,35
byol,frozen,0.05,ANEUR,0.8995896032831737,0.03741696676215185,0.044099295631610635,0.024101629778124814,10
byol,frozen,0.05,ASMI,0.924777544168038,0.0035620166401899404,0.6216215921667635,0.048979880694144634,236
byol,frozen,0.05,CLBBB,0.9904089757509954,0.002119708902504039,0.7449361799005848,0.1169803060262373,54
byol,frozen,0.05,CRBBB,0.9912477236038582,0.002785396973922789,0.7996347213408915,0.018908869583540083,54
byol,frozen,0.05,DIG,0.8436562420544115,0.01576558558151577,0.06265137287657484,0.016990149385974318,18
byol,frozen,0.05,EL,0.8039940578682603,0.03504281584753141,0.01959653620833855,0.0034673710994802443,9
byol,frozen,0.05,ILBBB,0.8425968109339408,0.06943221382891313,0.06491651358041713,0.052948512231939575,8
byol,frozen,0.05,ILMI,0.8213005929363238,0.00958704162113159,0.14704344376723733,0.019152771557664355,48
byol,frozen,0.05,IMI,0.697033566020029,0.02556079235798899,0.22373402906107645,0.02850069004927064,268
byol,frozen,0.05,INJAL,0.89244925928343,0.040210446156381585,0.0907816051772304,0.10371235830284414,14
byol,frozen,0.05,INJAS,0.9152946243730288,0.037675640118990376,0.1543992294971189,0.13822016747490623,22
byol,frozen,0.05,INJIL,0.933439345751931,0.027588700820146035,0.012930041904120629,0.005498762445549345,2
byol,frozen,0.05,INJIN,0.9071634105709526,0.0916893610219464,0.04027887887675757,0.059112038916409516,2
byol,frozen,0.05,INJLA,0.8299257913069816,0.03587719666411548,0.004184534546614254,0.0009002717468062303,2
byol,frozen,0.05,IPLMI,0.6087655444343343,0.053339624009733945,0.003939696406606021,0.00044495675520159406,5
byol,frozen,0.05,IPMI,0.8764141414141414,0.12076293031485616,0.04171344918036767,0.034347264993778964,3
byol,frozen,0.05,IRBBB,0.6756692514404135,0.055922394729097616,0.1447366624389084,0.018652150023890007,112
byol,frozen,0.05,ISCAL,0.8720877469122673,0.017288527512092308,0.1701901184326354,0.023164464232209095,66
byol,frozen,0.05,ISCAN,0.6839472487494316,0.10170480210218923,0.004188483257761171,0.0016885029053492861,4
byol,frozen,0.05,ISCAS,0.9123118597850851,0.042541171906690246,0.09985577553533191,0.029413216040549067,17
byol,frozen,0.05,ISCIL,0.8489363505381812,0.04065803368761607,0.0622516763305793,0.04722612765207297,18
byol,frozen,0.05,ISCIN,0.7339210537284814,0.06517810963896319,0.031286906078611225,0.011845554768239001,22
byol,frozen,0.05,ISCLA,0.8042702690943897,0.0047011219915362775,0.03772619273546728,0.02510580216634552,14
byol,frozen,0.05,ISC_,0.9415461847389558,0.0073758100290748484,0.5848525432841547,0.01010304097730104,128
byol,frozen,0.05,IVCD,0.6245192575111048,0.029951036043873527,0.07939958330823275,0.019456014586730856,79
byol,frozen,0.05,LAFB,0.9439567544809334,0.00714145117957291,0.6101128635237442,0.02009147597035297,163
byol,frozen,0.05,LAO/LAE,0.6656456813791382,0.03376642424245497,0.05678186655540663,0.031494168348568254,42
byol,frozen,0.05,LMI,0.6698045503130249,0.07335343247800115,0.0235863177136489,0.007596374773275981,20
byol,frozen,0.05,LNGQT,0.822591793850918,0.05161067321476193,0.02371073682849951,0.010800365527035694,11
byol,frozen,0.05,LPFB,0.7629883888465123,0.05720125580090428,0.09521051881950333,0.03686231668232917,18
byol,frozen,0.05,LVH,0.893164742532527,0.007497481342508311,0.556330562371218,0.009930210231124526,214
byol,frozen,0.05,NDT,0.869132896896247,0.009586260499903538,0.3589439249348046,0.04289475811506807,183
byol,frozen,0.05,NORM,0.898933854433538,0.0016581667748183267,0.8384841369286921,0.00807775502724387,964
byol,frozen,0.05,NST_,0.798131157021091,0.018988420598570803,0.12185729932832723,0.010899359538900517,77
byol,frozen,0.05,PMI,0.905346054823565,0.056565349691763536,0.07483426212042567,0.08679360905336544,2
byol,frozen,0.05,RAO/RAE,0.7215838273293813,0.08488186022099052,0.01154905253660938,0.003944431053009587,10
byol,frozen,0.05,RVH,0.9217632739996957,0.029021281090803094,0.1349250138181264,0.027471042794164447,12
byol,frozen,0.05,SEHYP,0.42904040404040406,0.19109937206349187,0.001936111536558046,0.0011305342141777908,3
byol,frozen,0.05,WPW,0.7657175398633257,0.10909578912781791,0.02485268699236168,0.01746684466104361,8
byol,frozen,0.1,1AVB,0.7422181661171298,0.02305564333986432,0.11307038799580589,0.009344418015294849,80
byol,frozen,0.1,2AVB,0.46609143203148645,0.04963429092851357,0.0008550264305730053,8.348149472293041e-05,1
byol,frozen,0.1,3AVB,0.8647584431319096,0.18356773713976854,0.03350899615941815,0.02617959927302188,2
byol,frozen,0.1,ALMI,0.8472147321003711,0.007484866243954064,0.18963136069104494,0.0910407755900361,29
byol,frozen,0.1,AMI,0.7174881391671061,0.03321956375695205,0.03686365051206348,0.004708707755508722,35
byol,frozen,0.1,ANEUR,0.9172518619851041,0.02436276889784657,0.05707088488517334,0.03758033537015405,10
byol,frozen,0.1,ASMI,0.9371102714564322,0.0042006704349110986,0.6714443159821526,0.03230246065439327,236
byol,frozen,0.1,CLBBB,0.9926035078043766,0.002344030110439877,0.7966952568871865,0.09202909603705718,54
byol,frozen,0.1,CRBBB,0.992597762956069,0.0012517014656308644,0.8082411521719105,0.028529809706141582,54
byol,frozen,0.1,DIG,0.8685312314602932,0.018334025005050995,0.06163474213712764,0.011296913334807639,18
byol,frozen,0.1,EL,0.8337215976231472,0.01832109501077666,0.020356282102252723,0.008672174984331165,9
byol,frozen,0.1,ILBBB,0.899259681093394,0.030849050777508828,0.07757358918768024,0.0291018834751187,8
byol,frozen,0.1,ILMI,0.8228892755864913,0.006371138836152513,0.16215456751277854,0.044225551495489124,48
byol,frozen,0.1,IMI,0.707863139084937,0.018214991627661024,0.22842073616176076,0.029760966198265036,268
byol,frozen,0.1,INJAL,0.9179555787595989,0.015790229076557458,0.17644870546998545,0.14366698922104845,14
byol,frozen,0.1,INJAS,0.950446695288511,0.013201191186994083,0.19552509395045295,0.05096427786434972,22
byol,frozen,0.1,INJIL,0.921702256550053,0.0545837385762232,0.014854205893609787,0.012583042683761564,2
byol,frozen,0.1,INJIN,0.9663031955171891,0.04322333204667474,0.06485272731968039,0.051306345758855273,2
byol,frozen,0.1,INJLA,0.8767984249583524,0.04494990586196227,0.006023881199003015,0.0016383031509729707,2
byol,frozen,0.1,IPLMI,0.6439490445859873,0.057946925729370505,0.004808479160761054,0.0008681319335066073,5
byol,frozen,0.1,IPMI,0.9392929292929293,0.01669579639867423,0.029756469351978714,0.013704894005943607,3
byol,frozen,0.1,IRBBB,0.7284720798888662,0.026071938253818466,0.159631070033185,0.023147813062911044,112
byol,frozen,0.1,ISCAL,0.88438432050973,0.015466816134848174,0.19409188866308522,0.018315981111746746,66
byol,frozen,0.1,ISCAN,0.6731089889343641,0.0430609616479083,0.004322302595859899,0.0001565796963741003,4
byol,frozen,0.1,ISCAS,0.9219991747842778,0.030931328314073848,0.11554488439430133,0.022756243425264173,17
byol,frozen,0.1,ISCIL,0.8641156030172049,0.027923181013066324,0.048361707569121205,0.010852970491923712,18
byol,frozen,0.1,ISCIN,0.7527406110624817,0.06601427209101657,0.0424131391991634,0.01648553995505556,22
byol,frozen,0.1,ISCLA,0.832474058604712,0.035743978624151566,0.037526385888414525,0.01676053504401274,14
byol,frozen,0.1,ISC_,0.9456024096385542,0.004709647923515114,0.5996607504847253,0.0176452994589258,128
byol,frozen,0.1,IVCD,0.6419024688709305,0.014202565742000158,0.0871104358319823,0.012437916214243044,79
byol,frozen,0.1,LAFB,0.9453972693371827,0.012709636201152688,0.6190219136138634,0.05201959255523451,163
byol,frozen,0.1,LAO/LAE,0.6752862798674922,0.018266933350342216,0.06541445368900549,0.03867968223938226,42
byol,frozen,0.1,LMI,0.6646129180027486,0.042420229578607554,0.02462444841217935,0.010886017766151375,20
byol,frozen,0.1,LNGQT,0.8267667551426676,0.02018395224542243,0.01694233005684865,0.0038855085436130285,11
byol,frozen,0.1,LPFB,0.7909653360454275,0.05415636997427093,0.17212011306636033,0.037898989001300995,18
byol,frozen,0.1,LVH,0.9016232581378265,0.0031794906553054988,0.582109592863062,0.003052526979679267,214
byol,frozen,0.1,NDT,0.881596602283179,0.000797310442513569,0.41099887671074004,0.021497626877163056,183
byol,frozen,0.1,NORM,0.9026375395318359,0.0018705575903670423,0.8439617622926585,0.0051257788574024365,964
byol,frozen,0.1,NST_,0.8148688877757552,0.013743539832263245,0.1339166595290029,0.011169502651170145,77
byol,frozen,0.1,PMI,0.8900499772830531,0.08235668703401632,0.03289388338478041,0.03905274051101356,2
byol,frozen,0.1,RAO/RAE,0.7259461924304605,0.06350384044904593,0.013145573179658053,0.006307282665088904,10
byol,frozen,0.1,RVH,0.9250088746893859,0.002588946936541126,0.13172916582013103,0.045460899397483844,12
byol,frozen,0.1,SEHYP,0.6095454545454545,0.11741124072692449,0.006993332054919887,0.005003984639401675,3
byol,frozen,0.1,WPW,0.7666666666666667,0.01417072699434668,0.024444365728666418,0.012355866521325415,8
byol,frozen,0.25,1AVB,0.7764778615167217,0.012784839924272888,0.11014669647476139,0.0024567829538902227,80
byol,frozen,0.25,2AVB,0.735392067817136,0.18695284987449745,0.002351171978679142,0.0014480582512491568,1
byol,frozen,0.25,3AVB,0.9160987429956081,0.07076331980039557,0.054463548668600675,0.04377757232813718,2
byol,frozen,0.25,ALMI,0.8734072476181413,0.025857394664912,0.24222613521953526,0.07180384030064692,29
byol,frozen,0.25,AMI,0.7477947636619223,0.019617606784136363,0.04521992483635748,0.007162223030195926,35
byol,frozen,0.25,ANEUR,0.9410092719258246,0.00287325951308745,0.10733201632724605,0.03802058122782509,10
byol,frozen,0.25,ASMI,0.94594962359152,0.002649735808786186,0.7080282809962112,0.02263981347257483,236
byol,frozen,0.25,CLBBB,0.9952719898431082,0.002035689652456368,0.8371359160585689,0.07385400566173816,54
byol,frozen,0.25,CRBBB,0.9929999023375787,0.00293581421980845,0.8144858746870955,0.039743199757955545,54
byol,frozen,0.25,DIG,0.8594711416221713,0.029262607291443296,0.07793533388699322,0.020990711822140344,18
byol,frozen,0.25,EL,0.8785239204564638,0.019787247815137455,0.04279278639233806,0.027303972950769192,9
byol,frozen,0.25,ILBBB,0.9350607441154138,0.013144950500448645,0.24782756867154995,0.06256715371428824,8
byol,frozen,0.25,ILMI,0.8455465326114977,0.002867016768359453,0.17357130045944233,0.0038868768242847074,48
byol,frozen,0.25,IMI,0.7330228701453971,0.008286782247936789,0.2620340138273005,0.015809592086107604,268
byol,frozen,0.25,INJAL,0.9368596227892709,0.015928087001140304,0.347697886062134,0.05226093542756441,14
byol,frozen,0.25,INJAS,0.9716004612840926,0.0046085493362303,0.33129088050917604,0.08309220111160695,22
byol,frozen,0.25,INJIL,0.9434348023625625,0.05262345309632919,0.03163924375269956,0.03232491827332336,2
byol,frozen,0.25,INJIN,0.9684991670452824,0.03180399601797563,0.21943995117350615,0.35128474847950225,2
byol,frozen,0.25,INJLA,0.8787672270180221,0.08319252790824418,0.007548612206506943,0.0044915305327335765,2
byol,frozen,0.25,IPLMI,0.6924780103124052,0.1457135576567646,0.006828325658346947,0.0033582885704593612,5
byol,frozen,0.25,IPMI,0.8417676767676768,0.1273436250342096,0.015007774085380668,0.009301737972725658,3
byol,frozen,0.25,IRBBB,0.7631971487782104,0.0209765861329178,0.18804787847367097,0.012095367780148658,112
byol,frozen,0.25,ISCAL,0.89665962384727,0.005286677513790748,0.2096207120919439,0.007580855602017257,66
byol,frozen,0.25,ISCAN,0.7590571471881158,0.10565848228680057,0.008217330904454331,0.004497734875194953,4
byol,frozen,0.25,ISCAS,0.9461187951850456,0.01286590382270808,0.13817240137674783,0.023611568480101965,17
byol,frozen,0.25,ISCIL,0.9077887956606493,0.010544305300320963,0.0885635233837162,0.02892963161648166,18
byol,frozen,0.25,ISCIN,0.7721332999874954,0.07391026040807548,0.07388135311689933,0.043545610457114144,22
byol,frozen,0.25,ISCLA,0.8557071069633885,0.006263136945156767,0.0329682557196474,0.002138938171396154,14
byol,frozen,0.25,ISC_,0.9519528112449799,0.0015686812220907227,0.6242372098161767,0.015232685100144312,128
byol,frozen,0.25,IVCD,0.6569286514577225,0.01294940162830515,0.0906521539031185,0.011753346025258375,79
byol,frozen,0.25,LAFB,0.9564251774329363,0.005963708026461955,0.6768665282633624,0.018808428450202693,163
byol,frozen,0.25,LAO/LAE,0.7077521429673211,0.020744707178979558,0.04485827834520822,0.008804286657055177,42
byol,frozen,0.25,LMI,0.6954954954954955,0.004700026371342449,0.01901764423439293,0.0009582497357042251,20
byol,frozen,0.25,LNGQT,0.871032404335324,0.014600680410814186,0.047401589738407655,0.02029886050049447,11
byol,frozen,0.25,LPFB,0.8418594796169167,0.027709061321623273,0.19972791587173686,0.07136883181533375,18
byol,frozen,0.25,LVH,0.9127992118646325,0.00715741783831124,0.6002510942727116,0.020436549501873916,214
byol,frozen,0.25,NDT,0.8917843423686631,0.005369312727872303,0.4379075462235775,0.00514167850721637,183
byol,frozen,0.25,NORM,0.9064143438747841,0.0014736095805925138,0.8502865232834419,0.00485181382323215,964
byol,frozen,0.25,NST_,0.8253574584712874,0.005756110233753561,0.14649633179475266,0.005382163026980608,77
byol,frozen,0.25,PMI,0.9266999848553686,0.05225704327714837,0.03251840792775864,0.02502459365477178,2
byol,frozen,0.25,RAO/RAE,0.8202766377868977,0.06308261400898246,0.04554405417029441,0.018446207917383762,10
byol,frozen,0.25,RVH,0.9420482783102591,0.016898455683328813,0.16404026862487,0.01609290776313008,12
byol,frozen,0.25,SEHYP,0.6553030303030303,0.19486221027109268,0.006974136381851969,0.00506147668582189,3
byol,frozen,0.25,WPW,0.7951214882308276,0.0185196505416409,0.15298928284365054,0.10091848877524529,8
byol,frozen,1.0,1AVB,0.796013895430994,0.005124366192142432,0.1203960130811757,0.010055461266001445,80
byol,frozen,1.0,2AVB,0.6297305479866787,0.16139947807373184,0.0014736719967217945,0.0008568463241809425,1
byol,frozen,1.0,3AVB,0.9854611540208996,0.00614618321602392,0.1627032361955223,0.030360438611047504,2
byol,frozen,1.0,ALMI,0.8795720584969704,0.008682060121956894,0.2663954981300461,0.025386782040839453,29
byol,frozen,1.0,AMI,0.7817123528378142,0.016475468150783906,0.056099099955105036,0.005303235948125365,35
byol,frozen,1.0,ANEUR,0.9414044687642499,0.008196653341070635,0.16252576875335376,0.020524441072932643,10
byol,frozen,1.0,ASMI,0.9506651415014405,0.002430540390486146,0.723043811955776,0.015638484507161036,236
byol,frozen,1.0,CLBBB,0.9955621046826258,0.0009316622614219155,0.841617332026347,0.03483871757651948,54
byol,frozen,1.0,CRBBB,0.9956023186207767,0.0007510551553530175,0.8305892891756518,0.028258093953443468,54
byol,frozen,1.0,DIG,0.8925925925925927,0.004091698048584602,0.07992294523347172,0.009986723650035272,18
byol,frozen,1.0,EL,0.9030520949390594,0.020215084037694023,0.1175292561677563,0.026758869624575327,9
byol,frozen,1.0,ILBBB,0.9376044039483675,0.005259361611473048,0.23182496072985792,0.018908918098923484,8
byol,frozen,1.0,ILMI,0.8574407063676205,0.007786967445117782,0.2105916359324176,0.007984189484222921,48
byol,frozen,1.0,IMI,0.7445228637175877,0.0037566950080365345,0.28105478896249925,0.008318429311885952,268
byol,frozen,1.0,INJAL,0.94234157801997,0.004522500057210408,0.423244202156798,0.024581577747608257,14
byol,frozen,1.0,INJAS,0.9818195712280994,0.002840009610580503,0.39317142022059803,0.010982407361223849,22
byol,frozen,1.0,INJIL,0.9720581553839164,0.0030562526231426453,0.028583552242816224,0.0020713313234344438,2
byol,frozen,1.0,INJIN,0.9881871876419809,0.007115156639421101,0.06487545662217048,0.029148539529009688,2
byol,frozen,1.0,INJLA,0.8218234135998789,0.04181234936056314,0.0038915857560547864,0.0009617907090069122,2
byol,frozen,1.0,IPLMI,0.7436760691537762,0.08631910201641278,0.01195881717051688,0.006377478922948006,5
byol,frozen,1.0,IPMI,0.9767171717171718,0.004933751502392336,0.04667769253839971,0.008574314745721295,3
byol,frozen,1.0,IRBBB,0.7850609756097561,0.011545695740633627,0.22471685994032523,0.018971433705876034,112
byol,frozen,1.0,ISCAL,0.9099535362988803,0.004783609175058231,0.23928183605110595,0.0010015724345439924,66
byol,frozen,1.0,ISCAN,0.7357132029710475,0.017192598913151825,0.005311565705706348,0.00016978684713343702,4
byol,frozen,1.0,ISCAS,0.959842491433902,0.007085166107907105,0.14972338098978136,0.011720951225548082,17
byol,frozen,1.0,ISCIL,0.9280023730824647,0.0010649570949299702,0.11821537020948898,0.01354002548222375,18
byol,frozen,1.0,ISCIN,0.8296791852500243,0.04794570179274501,0.17913919157930183,0.02748216162042436,22
byol,frozen,1.0,ISCLA,0.888272531488612,0.01075214522720458,0.053143372527321986,0.014781761171413057,14
byol,frozen,1.0,ISC_,0.9552535140562249,0.0011900945875502709,0.6316491810492171,0.021771737569012312,128
byol,frozen,1.0,IVCD,0.6659773375606887,0.005356978042733879,0.09625021906203457,0.002813839177533994,79
byol,frozen,1.0,LAFB,0.963420245398773,0.0021723910799710472,0.6964278577122783,0.010626020006445393,163
byol,frozen,1.0,LAO/LAE,0.7366665932144878,0.01881743330888643,0.0612520030347534,0.012627428420766966,42
byol,frozen,1.0,LMI,0.7377996640708505,0.014815114541040798,0.028076883571701666,0.0016088305477712994,20
byol,frozen,1.0,LNGQT,0.8791749612917497,0.004246964144032014,0.09828831972710506,0.01856456087849375,11
byol,frozen,1.0,LPFB,0.8911941689973727,0.021035079993482572,0.3574957743833121,0.04107881831332459,18
byol,frozen,1.0,LVH,0.923130958590002,0.004145488066807154,0.629701750228403,0.011103533752732486,214
byol,frozen,1.0,NDT,0.9033030352215549,0.0014061673135947659,0.4771234203520171,0.0025766354466088145,183
byol,frozen,1.0,NORM,0.9105379064676483,0.0019001565636005734,0.8575592279020209,0.005432768129135104,964
byol,frozen,1.0,NST_,0.8436121733393606,0.0021483127633304656,0.1657508609713003,0.013434433461949669,77
byol,frozen,1.0,PMI,0.9645615629259426,0.018498626157688335,0.03783086653055693,0.006231177227250921,2
byol,frozen,1.0,RAO/RAE,0.9047879616963065,0.04270904287391335,0.07562590527434411,0.02586939228803727,10
byol,frozen,1.0,RVH,0.9623713170039049,0.006646483504493853,0.16618275450893638,0.032982459874792515,12
byol,frozen,1.0,SEHYP,0.9112626262626263,0.04027520494616715,0.024049252109207133,0.009601977096747026,3
byol,frozen,1.0,WPW,0.8532460136674259,0.030872169782968036,0.2949073185291646,0.09770232090293769,8
byol,full,0.01,1AVB,0.6840987596168944,0.03263909810989054,0.07764296288185106,0.009367374137706625,80
byol,full,0.01,2AVB,0.6825613079019074,0.017570882944734863,0.0014314266060272511,7.750612220118922e-05,1
byol,full,0.01,3AVB,0.8524912918370439,0.1459086582853409,0.015017973575020556,0.01272853863206387,2
byol,full,0.01,ALMI,0.7654913343696137,0.027120740170925375,0.06254711229624109,0.03823056222340034,29
byol,full,0.01,AMI,0.6500746793182218,0.018428282303320477,0.028494356026137205,0.0022638664766023993,35
byol,full,0.01,ANEUR,0.8400516795865633,0.057414310971911436,0.02609264582251371,0.019547925667706547,10
byol,full,0.01,ASMI,0.8872695377686632,0.005304167881703276,0.49103384596643185,0.08637894866016264,236
byol,full,0.01,CLBBB,0.9891838868494678,0.0031340888836875304,0.790787881070277,0.059096988861162644,54
byol,full,0.01,CRBBB,0.9805680506006239,0.007230276742638793,0.6830311244549909,0.09223731474824762,54
byol,full,0.01,DIG,0.7941096703110434,0.0502217284108726,0.025140092581294224,0.008247445424667595,18
byol,full,0.01,EL,0.7423950842364698,0.16580094788114388,0.01411842789155378,0.008753302539446126,9
byol,full,0.01,ILBBB,0.6827448747152619,0.33928671440545644,0.029279305880108544,0.03380435394507457,8
byol,full,0.01,ILMI,0.7586781386955401,0.032374350550171904,0.05902460379644392,0.00574892389958319,48
byol,full,0.01,IMI,0.6470946302081325,0.010612796393054196,0.1818326736205976,0.013988511648678474,268
byol,full,0.01,INJAL,0.8547173094911789,0.027987283051503824,0.03687760224467478,0.012013542689906502,14
byol,full,0.01,INJAS,0.8932933183277062,0.035574033929014294,0.07854112554032973,0.056274188642281474,22
byol,full,0.01,INJIL,0.8697561714372255,0.030180499106426655,0.005459188794995393,0.0013165338379476056,2
byol,full,0.01,INJIN,0.7326215356656065,0.13478043245516225,0.0031202765548591395,0.0019464588361902725,2
byol,full,0.01,INJLA,0.7787369377555656,0.11849038396596284,0.0057130406077287865,0.0033190556077885578,2
byol,full,0.01,IPLMI,0.5687898089171975,0.14619708343594626,0.003611129767326583,0.0014385160121456533,5
byol,full,0.01,IPMI,0.8139898989898989,0.1966165443280907,0.045662576057714094,0.06289122787734328,3
byol,full,0.01,IRBBB,0.6076182505522535,0.027813298475780908,0.07877954477166287,0.00480899702372961,112
byol,full,0.01,ISCAL,0.8410946148428601,0.021225214201469618,0.1215543231453724,0.024616320337997422,66
byol,full,0.01,ISCAN,0.5480142489010156,0.024487130030352217,0.0028237341854276572,0.00043235910361564585,4
byol,full,0.01,ISCAS,0.7614678076170999,0.048508177805026385,0.04043646305013065,0.02101768627699008,17
byol,full,0.01,ISCIL,0.7254513094330027,0.07905030684699307,0.020903248821670578,0.013383425659876803,18
byol,full,0.01,ISCIN,0.670751531824434,0.03188888501657137,0.02148289116437643,0.006082579887788951,22
byol,full,0.01,ISCLA,0.7887054319215124,0.07328356860965887,0.03720609736145627,0.02955681662554497,14
byol,full,0.01,ISC_,0.9104618473895583,0.0017656700839367493,0.4336371645545333,0.0277480223471033,128
byol,full,0.01,IVCD,0.5773836483984521,0.008099877519534917,0.06191564206397223,0.015617320876929021,79
byol,full,0.01,LAFB,0.8759718713661334,0.02303199952296417,0.4011648725303854,0.05860294232445557,163
byol,full,0.01,LAO/LAE,0.6414174801495487,0.024085040883020787,0.03506047515657404,0.0013651345406155532,42
byol,full,0.01,LMI,0.6358298976943045,0.059595975415842536,0.016921634027600895,0.008344904993273068,20
byol,full,0.01,LNGQT,0.7091489714664897,0.11058778368260012,0.013239121257060303,0.007929675510324474,11
byol,full,0.01,LPFB,0.7019916942113739,0.030052946208366956,0.11818798313482724,0.09049409793007723,18
byol,full,0.01,LVH,0.8410236049048584,0.022310829111178748,0.44311093207071045,0.06267787257976833,214
byol,full,0.01,NDT,0.7952686252231781,0.04479999838694075,0.2422861608712392,0.07176954949615595,183
byol,full,0.01,NORM,0.889083687487232,0.007872623476954655,0.8236086050092716,0.012700859601399885,964
byol,full,0.01,NST_,0.742399807780805,0.024583244678949834,0.08728126417620408,0.017829181760221427,77
byol,full,0.01,PMI,0.8393911858246251,0.10155694867128569,0.005429670251845961,0.0027267649785238266,2
byol,full,0.01,RAO/RAE,0.5276029791761666,0.12311285331335456,0.01118212347484718,0.00908189517562993,10
byol,full,0.01,RVH,0.843716719914803,0.04165865888704134,0.07753406050883686,0.04865066650676946,12
byol,full,0.01,SEHYP,0.6935858585858585,0.09047653828029566,0.005745830723447541,0.0030449131136151765,3
byol,full,0.01,WPW,0.6617881548974943,0.16899579581399993,0.01934535631204606,0.016592155011612528,8
byol,full,0.05,1AVB,0.7942602841890407,0.018583151656467015,0.12132036768145012,0.01049043846866324,80
byol,full,0.05,2AVB,0.5744777475022707,0.2772705505324664,0.001718413093073884,0.001568125977074061,1
byol,full,0.05,3AVB,0.7757080115099199,0.2602944143549047,0.04442036132745145,0.06377228404630797,2
byol,full,0.05,ALMI,0.8266213029639734,0.04231997284409061,0.17767164084201434,0.04123410446139488,29
byol,full,0.05,AMI,0.7169038833245476,0.02454592231940034,0.03849919312104815,0.007525764744171095,35
byol,full,0.05,ANEUR,0.8943304453564371,0.04445555965506414,0.038464871915408906,0.015361322907690553,10
byol,full,0.05,ASMI,0.9297310998710361,0.002188047201619456,0.6650151370699259,0.0305412803448966,236
byol,full,0.05,CLBBB,0.9728814435654826,0.013815051999591979,0.7246099043487108,0.056962477242910314,54
byol,full,0.05,CRBBB,0.9776956264469835,0.02798275215798693,0.7890099600440733,0.040270804562568055,54
byol,full,0.05,DIG,0.8735231799305025,0.008465304732091276,0.0720744893598706,0.029107916081597154,18
byol,full,0.05,EL,0.7461595597420575,0.0032946614909250514,0.014006839741722404,0.0038005301847640473,9
byol,full,0.05,ILBBB,0.8272399392558846,0.10113903767089219,0.07091566542129134,0.08208352986165261,8
byol,full,0.05,ILMI,0.8519399329724155,0.008786689064141054,0.19941858546036184,0.050598638519675956,48
byol,full,0.05,IMI,0.7394770334374638,0.014277142239144183,0.27810178543201375,0.012713267796173051,268
byol,full,0.05,INJAL,0.9067414997063238,0.018215903219300403,0.12742024768957436,0.1280117476533283,14
byol,full,0.05,INJAS,0.918469426034763,0.021268583773745395,0.12203428173583157,0.0960382494295691,22
byol,full,0.05,INJIL,0.901257004391943,0.05404835419988241,0.011911794405626272,0.011087303580825693,2
byol,full,0.05,INJIN,0.915038618809632,0.022825727736629723,0.02506083351437409,0.029309110188778062,2
byol,full,0.05,INJLA,0.7258064516129034,0.10505648496135976,0.00293081747723708,0.0013382088253599497,2
byol,full,0.05,IPLMI,0.7274188656354262,0.0722451102012165,0.01749750613551548,0.01878484183271435,5
byol,full,0.05,IPMI,0.7728787878787878,0.14065968478488527,0.007027026764383317,0.005316965107612994,3
byol,full,0.05,IRBBB,0.7424677187948351,0.07158816437353006,0.1872968401067587,0.041421862194165104,112
byol,full,0.05,ISCAL,0.8737149217963444,0.003852914150370232,0.17412469583123832,0.018578989743028563,66
byol,full,0.05,ISCAN,0.5596862210095498,0.09448426898221084,0.002709412255582093,0.0005429758525855469,4
byol,full,0.05,ISCAS,0.910114274438046,0.040154466113502645,0.07612615238190351,0.014012468865603103,17
byol,full,0.05,ISCIL,0.873251970505975,0.036770821015413784,0.04827436388090617,0.013598980680922973,18
byol,full,0.05,ISCIN,0.8008003001125422,0.0618974644908021,0.05681490192244847,0.034289730981604816,22
byol,full,0.05,ISCLA,0.8425786943374883,0.04711019420159874,0.03987726745667408,0.021214491269654443,14
byol,full,0.05,ISC_,0.9425338855421687,0.008321036120288549,0.600183205468242,0.02340735697258447,128
byol,full,0.05,IVCD,0.6228396386087868,0.022116732003866397,0.07297464779942668,0.003629704170503154,79
byol,full,0.05,LAFB,0.9561886001844501,0.0023604371515995744,0.6543011107784943,0.03005140220999058,163
byol,full,0.05,LAO/LAE,0.6948282320795046,0.03312737712573356,0.04677654938359876,0.010895669935356553,42
byol,full,0.05,LMI,0.6774316689570927,0.007976483287542418,0.021616404719043598,0.006401338427318185,20
byol,full,0.05,LNGQT,0.8340798495907985,0.03414989755610949,0.035806204555654274,0.02346580842200771,11
byol,full,0.05,LPFB,0.7866259852529875,0.015431060684720013,0.19564197484073229,0.02270701040947681,18
byol,full,0.05,LVH,0.8986121487495868,0.006701757887475146,0.5930116404920432,0.01409896282227959,214
byol,full,0.05,NDT,0.8757407707983913,0.01078254437445681,0.37291674187402374,0.031754985082130434,183
byol,full,0.05,NORM,0.910021606457713,0.0018759482139953571,0.8562418242186051,0.005442585383338307,964
byol,full,0.05,NST_,0.7959320391117193,0.0034282016636735992,0.12041417176578605,0.010246512512455003,77
byol,full,0.05,PMI,0.9274572164167804,0.04444478389573363,0.18204125883500077,0.2777000183227724,2
byol,full,0.05,RAO/RAE,0.6388356893144854,0.038570723972111524,0.008507748865671209,0.0019663627234664492,10
byol,full,0.05,RVH,0.8976748313809016,0.040282781151227375,0.0759032402029091,0.023099673443465123,12
byol,full,0.05,SEHYP,0.5329292929292929,0.14580586780587337,0.0020682597514388988,0.0008244072626943315,3
byol,full,0.05,WPW,0.6978359908883828,0.15598802309667567,0.029948784066978245,0.022340996625459464,8
byol,full,0.1,1AVB,0.8467969853980216,0.022883225236218916,0.18743815921459558,0.06013299051623137,80
byol,full,0.1,2AVB,0.8745080230093855,0.04589286559302798,0.003890417624897826,0.0011719087581253853,1
byol,full,0.1,3AVB,0.8481750719369984,0.13598105810494407,0.010831556342578985,0.010828122869960616,2
byol,full,0.1,ALMI,0.859702968203111,0.03953280572666933,0.2179782433922771,0.07899420612734363,29
byol,full,0.1,AMI,0.7320901423299947,0.038619238066302936,0.05376593474579342,0.01252088421783662,35
byol,full,0.1,ANEUR,0.9170390636874904,0.03650618434253004,0.057247850463258816,0.026398244516588225,10
byol,full,0.1,ASMI,0.9450218865518342,0.0034908724022729475,0.7048074846530797,0.03690907562905228,236
byol,full,0.1,CLBBB,0.9920534385789543,0.00272506964232767,0.8090044047374483,0.04231165530726125,54
byol,full,0.1,CRBBB,0.9960504167887447,0.0007087324617517523,0.8378995841363536,0.048694213887554856,54
byol,full,0.1,DIG,0.8827951521315366,0.0300155148852263,0.05506576800439169,0.00674058202445509,18
byol,full,0.1,EL,0.8113035551504102,0.027326248308445076,0.03623598796786328,0.029907622120020832,9
byol,full,0.1,ILBBB,0.9235383447228549,0.009490679556547858,0.08168252902442079,0.04007217924943139,8
byol,full,0.1,ILMI,0.865764372260892,0.02084730120464048,0.1782529154643202,0.016217634862889293,48
byol,full,0.1,IMI,0.7883450962243049,0.0190432663286552,0.3536111413699839,0.03762509632270917,268
byol,full,0.1,INJAL,0.9387739563618961,0.024043354300857037,0.23574847400999213,0.23220305082794512,14
byol,full,0.1,INJAS,0.9533644561154877,0.021402554209705868,0.2592763497866412,0.15320284764347533,22
byol,full,0.1,INJIL,0.9314705436922611,0.024900025986692942,0.015008968033161582,0.012110593743031278,2
byol,full,0.1,INJIN,0.9161744661517491,0.09419701919913119,0.02715123640115344,0.03138081493179738,2
byol,full,0.1,INJLA,0.9258670301378161,0.034750494079506464,0.011923995212119488,0.005680865731719918,2
byol,full,0.1,IPLMI,0.6462845010615711,0.04033815199265051,0.010810069008991577,0.010573537756637332,5
byol,full,0.1,IPMI,0.7676767676767676,0.03943364355025557,0.0051783617286363295,0.0019942667992778906,3
byol,full,0.1,IRBBB,0.8381456241033,0.05697073460456944,0.32502373380661403,0.07467692123128127,112
byol,full,0.1,ISCAL,0.8914744071505888,0.00868104699439413,0.1821122568013277,0.021940361410887503,66
byol,full,0.1,ISCAN,0.5766257389722601,0.056109050300623235,0.0036039266813178254,0.0011421441855744977,4
byol,full,0.1,ISCAS,0.9083831153687458,0.03496236646374171,0.14867679367213382,0.038860960658644285,17
byol,full,0.1,ISCIL,0.9060513602847698,0.013671538014331469,0.10443636760909131,0.03881288085635355,18
byol,full,0.1,ISCIN,0.8369180109207619,0.04065098522087137,0.06923030319965716,0.012900074676011102,22
byol,full,0.1,ISCLA,0.8593617437838543,0.0257727270958848,0.03688556186270229,0.008944319504520295,14
byol,full,0.1,ISC_,0.9457668172690763,0.0020948435633782636,0.5978730103456754,0.02094708628933587,128
byol,full,0.1,IVCD,0.625964464786606,0.01955801717390071,0.09117919627117195,0.01285570004443274,79
byol,full,0.1,LAFB,0.9669448454228317,0.004284259742862644,0.7064912455495441,0.04278660661475633,163
byol,full,0.1,LAO/LAE,0.732347605091705,0.03789669966945852,0.06338715404800631,0.028309714255602126,42
byol,full,0.1,LMI,0.7104138036341426,0.023492004698292993,0.0401494278799836,0.013276844107399318,20
byol,full,0.1,LNGQT,0.8376603627516036,0.025729698828335496,0.03817221893062703,0.011699256478274573,11
byol,full,0.1,LPFB,0.8314941944232562,0.03660094868925,0.2495591515317911,0.026546428860791393,18
byol,full,0.1,LVH,0.9039076290313234,0.005260278203715309,0.6024737120512458,0.005360971036591805,214
byol,full,0.1,NDT,0.8941757290483147,0.00522931839627189,0.4683363986510356,0.024133068615179956,183
byol,full,0.1,NORM,0.9180765843154196,0.004011296414780647,0.8690954182067779,0.005618009814420353,964
byol,full,0.1,NST_,0.8149788436712236,0.0019549273668968553,0.11987757349991585,0.012240008622758824,77
byol,full,0.1,PMI,0.8821747690443736,0.05450757705318308,0.014569851348155284,0.014902706484288472,2
byol,full,0.1,RAO/RAE,0.7569083447332421,0.09941836347632906,0.018485074425324478,0.01564823604778924,10
byol,full,0.1,RVH,0.9351513768446676,0.02635102102217447,0.08868520331224282,0.023574901415026404,12
byol,full,0.1,SEHYP,0.6726767676767677,0.05486194655941158,0.04039595333071012,0.06491375851490364,3
byol,full,0.1,WPW,0.7041761579347,0.06833286654633629,0.0693642432376609,0.04685904882384011,8
byol,full,0.25,1AVB,0.8438216360496154,0.055874936868941794,0.21612269285123656,0.12405642021573303,80
byol,full,0.25,2AVB,0.8994853163790494,0.021398916043500096,0.004656405972195445,0.0011230656927013762,1
byol,full,0.25,3AVB,0.9220051491746176,0.022195669997429363,0.2026902614974031,0.26178884036733724,2
byol,full,0.25,ALMI,0.8523432625913355,0.022849244703775928,0.24716929458767337,0.05311114246916716,29
byol,full,0.25,AMI,0.7812159550166929,0.03540454224332938,0.05782815537175054,0.014619170216678542,35
byol,full,0.25,ANEUR,0.9341693266453869,0.013400501068752822,0.09143218470609384,0.04963644478479276,10
byol,full,0.25,ASMI,0.9570860583813717,0.006110153145279275,0.7707852796806695,0.018795189965114464,236
byol,full,0.25,CLBBB,0.995481676806324,0.0023138994579779875,0.8214675679028889,0.118956203162487,54
byol,full,0.25,CRBBB,0.9965588358639389,0.0007127548814003321,0.8607248582355155,0.047536119780379124,54
byol,full,0.25,DIG,0.8622001864564793,0.039351106406188816,0.06308826434077154,0.004529659394998932,18
byol,full,0.25,EL,0.8480536142341064,0.013907736487371739,0.02245512626925066,0.005198049283648239,9
byol,full,0.25,ILBBB,0.9270311313591496,0.009791069919447674,0.32237735659999694,0.09170510607585615,8
byol,full,0.25,ILMI,0.8991299303944316,0.028709974425685996,0.2903449559258647,0.0738077076311986,48
byol,full,0.25,IMI,0.8301097869824007,0.0515237177084731,0.4220712648812847,0.09201563329597161,268
byol,full,0.25,INJAL,0.9586895516543757,0.01152759514019693,0.3449384129357202,0.07012050855622415,14
byol,full,0.25,INJAS,0.9686410181595876,0.01512753506522149,0.3107712242201716,0.12167232886043508,22
byol,full,0.25,INJIL,0.930334696350144,0.041848743244277134,0.01639895692785612,0.008581380202436218,2
byol,full,0.25,INJIN,0.98614266242617,0.008187560786433559,0.06397641008573828,0.044704983710578454,2
byol,full,0.25,INJLA,0.932985006815084,0.038263728263794476,0.014019636508543742,0.0017924964359493315,2
byol,full,0.25,IPLMI,0.7471337579617835,0.1378611816650356,0.02565878344602257,0.01897220497659889,5
byol,full,0.25,IPMI,0.8357575757575758,0.07765384327625977,0.11821007677609219,0.19282904541975185,3
byol,full,0.25,IRBBB,0.9053682448589192,0.01869534892121649,0.4233114465903645,0.0698353800690549,112
byol,full,0.25,ISCAL,0.9033479389118134,0.0006541349438987081,0.2134246379727934,0.020555276183919953,66
byol,full,0.25,ISCAN,0.7182052448082462,0.039940654229772346,0.004655673696477967,0.0007568191962346712,4
byol,full,0.25,ISCAS,0.930215453061371,0.013477520265243563,0.13692940186468064,0.015569398017792448,17
byol,full,0.25,ISCIL,0.9280956013221459,0.0269260466928464,0.1427040080353794,0.08771034679728915,18
byol,full,0.25,ISCIN,0.8352785072179846,0.019168491026592533,0.09450942152656898,0.01322608819028527,22
byol,full,0.25,ISCLA,0.8785159564054036,0.02717466203048863,0.06970989823764923,0.005577875493379029,14
byol,full,0.25,ISC_,0.9550012550200803,0.0054952396715098025,0.6308519699957008,0.021629505349072507,128
byol,full,0.25,IVCD,0.6519881284416792,0.02441233318862769,0.08839517964430789,0.014088991195843234,79
byol,full,0.25,LAFB,0.9737674926821445,0.002841145513362481,0.7570432399719791,0.0265753674420841,163
byol,full,0.25,LAO/LAE,0.7436004789082068,0.027034128848915387,0.07406460752237434,0.03574346151735063,42
byol,full,0.25,LMI,0.7499389219728202,0.030020350341699274,0.04056570682547618,0.029716215490959028,20
byol,full,0.25,LNGQT,0.8730645874806459,0.01913333473557202,0.06725157426876723,0.05323585428572038,11
byol,full,0.25,LPFB,0.8361725569963556,0.03692703522231225,0.34478914926107246,0.04584501723804536,18
byol,full,0.25,LVH,0.9275587381689636,0.007379314869288134,0.6468688653010944,0.03881169731142445,214
byol,full,0.25,NDT,0.9055934281952785,0.01407569948506283,0.4807907465816092,0.056334833747705045,183
byol,full,0.25,NORM,0.9276764155271785,0.004612988734973221,0.8936432261344119,0.00971367635128496,964
byol,full,0.25,NST_,0.8189433645689524,0.011050568057396543,0.14399918787627333,0.020213402909307402,77
byol,full,0.25,PMI,0.922232318643041,0.017608686891160782,0.012374679474561391,0.004844547101813728,2
byol,full,0.25,RAO/RAE,0.8217206262349901,0.12415041740419269,0.0566114710010999,0.04033158584567324,10
byol,full,0.25,RVH,0.964374461179573,0.002987414567745095,0.12593007270706238,0.008644591362382253,12
byol,full,0.25,SEHYP,0.7784343434343435,0.06821503119227618,0.009638489000548115,0.007382645825305226,3
byol,full,0.25,WPW,0.7569855732725892,0.11559945532167806,0.06568130598974513,0.04279646283677431,8
byol,full,1.0,1AVB,0.9682446223897001,0.0025430274574151563,0.5478819827245446,0.017026246378733862,80
byol,full,1.0,2AVB,0.9146230699364214,0.04296056054961774,0.006413521485238205,0.0035102596263248504,1
byol,full,1.0,3AVB,0.9444192033923974,0.036758191468453966,0.11259283427763722,0.03364431947259917,2
byol,full,1.0,ALMI,0.9674338313823768,0.009191894032174089,0.5045948389360237,0.056176429461027425,29
byol,full,1.0,AMI,0.9271525215252153,0.0037869992213643267,0.2372198256848027,0.041880298738271565,35
byol,full,1.0,ANEUR,0.9270253837969297,0.016381019739256195,0.17751633268017888,0.04680028458562202,10
byol,full,1.0,ASMI,0.9745443173952131,0.0011821456400618363,0.8406978802395028,0.011731666997308073,236
byol,full,1.0,CLBBB,0.9962658486002676,0.0008216890493626352,0.858210011013668,0.04085268881203757,54
byol,full,1.0,CRBBB,0.9972080037226617,0.00017596968320027171,0.8431088770127705,0.015525608994829729,54
byol,full,1.0,DIG,0.9390456818374439,0.013193714491681831,0.12053563785892846,0.01482096152889995,18
byol,full,1.0,EL,0.9150038826428982,0.02392386340676484,0.060934645774195995,0.02882990631749586,9
byol,full,1.0,ILBBB,0.9160782080485953,0.01522976806599537,0.21168463684152095,0.08921432433834908,8
byol,full,1.0,ILMI,0.9517240268110337,0.0052266470285367945,0.5796890805208929,0.04554511611509418,48
byol,full,1.0,IMI,0.9356640569761013,0.000998911962524357,0.6864069810933789,0.0050235754052693924,268
byol,full,1.0,INJAL,0.9838586873762752,0.0026316467792841035,0.5641989140441631,0.07643023551145958,14
byol,full,1.0,INJAS,0.9918511108332292,0.0012649736072271977,0.6326258108801864,0.027605203656389698,22
byol,full,1.0,INJIL,0.9878842950174164,0.0060331922723132515,0.22672820335863816,0.2583886545023258,2
byol,full,1.0,INJIN,0.991746175980615,0.006647699607356799,0.11494708994708995,0.06488105350865055,2
byol,full,1.0,INJLA,0.888989853097077,0.01275052937128762,0.006537600575096211,0.0006694271648508004,2
byol,full,1.0,IPLMI,0.8821049438883835,0.03871018067821172,0.09566786364630835,0.03391634711652933,5
byol,full,1.0,IPMI,0.9058585858585858,0.026756620548744045,0.02528268287205208,0.02421091971404351,3
byol,full,1.0,IRBBB,0.9699747785292979,0.0028575664274436163,0.699053445666317,0.015915431639858018,112
byol,full,1.0,ISCAL,0.946422578617244,0.0024765555246220186,0.32323070725655606,0.02322782540336127,66
byol,full,1.0,ISCAN,0.8101030771562833,0.0744248083076404,0.009855024183002936,0.00380268807262554,4
byol,full,1.0,ISCAS,0.9617351057531888,0.0019426882996372728,0.2681867813995895,0.0032766698867103326,17
byol,full,1.0,ISCIL,0.9401220442410373,0.01017708904848358,0.25846485850050815,0.042277822655278546,18
byol,full,1.0,ISCIN,0.9083475747849888,0.03767049217512854,0.21065627995633673,0.03504346113703261,22
byol,full,1.0,ISCLA,0.9231112271313276,0.013722680968308407,0.18801524585972118,0.0820831149301745,14
byol,full,1.0,ISC_,0.9591516064257029,0.003279126110982125,0.6645926095575927,0.03790453139545948,128
byol,full,1.0,IVCD,0.7276434877271608,0.01330405761709928,0.13346212901496923,0.012438350303122573,79
byol,full,1.0,LAFB,0.9858890693291632,0.0012844619139747214,0.8539405708251525,0.006620916332986447,163
byol,full,1.0,LAO/LAE,0.781791939357881,0.0018047725020994144,0.09187151561162472,0.01491613803173551,42
byol,full,1.0,LMI,0.8959154069323562,0.01441574073004479,0.09682357632159726,0.05606440827197985,20
byol,full,1.0,LNGQT,0.871765096217651,0.02256240940653885,0.09859390799527164,0.06172621601545974,11
byol,full,1.0,LPFB,0.934901262818883,0.026994881406560388,0.5160350327658442,0.026018302597433762,18
byol,full,1.0,LVH,0.9422900720316884,0.003244369574377157,0.6943722375142354,0.029380576382104003,214
byol,full,1.0,NDT,0.9319446698768238,0.001135349082591467,0.5553838115366506,0.015751799450716326,183
byol,full,1.0,NORM,0.9477674629408227,0.0012056774843834449,0.9247097054706725,0.0022372642470842702,964
byol,full,1.0,NST_,0.861443354387851,0.003113985366234863,0.18200717056214924,0.005152568131257375,77
byol,full,1.0,PMI,0.9834166288050886,0.011464745916352105,0.0650889656938044,0.013107510354381704,2
byol,full,1.0,RAO/RAE,0.9507675938592491,0.013390566644922976,0.23468895202424686,0.027878942751891417,10
byol,full,1.0,RVH,0.9664283178660176,0.008343527753810842,0.2726882370312875,0.02860191825811511,12
byol,full,1.0,SEHYP,0.992929292929293,0.001517674666799621,0.3880845928699361,0.12391213621926155,3
byol,full,1.0,WPW,0.842160212604404,0.03416748922629702,0.5488809346096888,0.11682853840844089,8
byol,partial,0.01,1AVB,0.6977233474642802,0.01912104077217339,0.08863431571337482,0.003285858999728601,80
byol,partial,0.01,2AVB,0.68225855283076,0.09041041529385196,0.0015095133073581948,0.0004404134984603356,1
byol,partial,0.01,3AVB,0.9050431621990004,0.06765951927640236,0.010760439938616735,0.008284236362014334,2
byol,partial,0.01,ALMI,0.7536851399507238,0.01027264349739265,0.0420951852598582,0.005810131068866726,29
byol,partial,0.01,AMI,0.6444298014408716,0.03501252167989894,0.028701423092958502,0.0024467234719030913,35
byol,partial,0.01,ANEUR,0.8359477124183007,0.04172885710306852,0.02010009581834218,0.011139119201767932,10
byol,partial,0.01,ASMI,0.8929436694154109,0.010755544072182915,0.5154580659969379,0.03529211673922853,236
byol,partial,0.01,CLBBB,0.9858346402863233,0.0008077093791062852,0.702434958384194,0.10378307292184134,54
byol,partial,0.01,CRBBB,0.9758831268060367,0.008790295156605735,0.6701754172267984,0.06447751621847657,54
byol,partial,0.01,DIG,0.7995762352741758,0.04571121556997328,0.028986094724459146,0.01604341728564279,18
byol,partial,0.01,EL,0.7474003173638543,0.11832233653569561,0.015352736131042322,0.01163751990803361,9
byol,partial,0.01,ILBBB,0.8060554290053151,0.16241973347580377,0.037201807849359635,0.028243341210256446,8
byol,partial,0.01,ILMI,0.7297306006702758,0.025481388438098336,0.07465701383710535,0.04599878641454428,48
byol,partial,0.01,IMI,0.650965778343425,0.012470547833982952,0.18828229019538534,0.005215221398077776,268
byol,partial,0.01,INJAL,0.8519110705040354,0.05013853633519137,0.03628726746270071,0.014006306803961465,14
byol,partial,0.01,INJAS,0.8871868617398192,0.042747269002222,0.08663373378782464,0.0399519306949747,22
byol,partial,0.01,INJIL,0.8693775556565196,0.058946865869911616,0.005942458638595174,0.0026194998576515465,2
byol,partial,0.01,INJIN,0.827048311373618,0.1372341143847413,0.00657713419484043,0.00585152501940363,2
byol,partial,0.01,INJLA,0.836210813266697,0.07283004974327627,0.007969592882438092,0.001063699828473918,2
byol,partial,0.01,IPLMI,0.5904458598726114,0.14139082173700343,0.003826771915987326,0.0012754522988697374,5
byol,partial,0.01,IPMI,0.887020202020202,0.10286130673693696,0.02352656277448416,0.01944658377016592,3
byol,partial,0.01,IRBBB,0.5932746065906037,0.04958719989520849,0.07646505276008064,0.016652836843019728,112
byol,partial,0.01,ISCAL,0.826221976432552,0.037642844479487965,0.10636917341859176,0.017173199074195185,66
byol,partial,0.01,ISCAN,0.5643474306502956,0.11308154505794361,0.0029566284030870488,0.0006829445647506297,4
byol,partial,0.01,ISCAS,0.8366700751663886,0.060490980604141625,0.04263258721157923,0.0229395242043398,17
byol,partial,0.01,ISCIL,0.7154928383761335,0.08379962485825755,0.0180026730829617,0.008874662705229987,18
byol,partial,0.01,ISCIN,0.6806927597849194,0.04163283818995276,0.018983149611663756,0.003453138977188748,22
byol,partial,0.01,ISCLA,0.7682786225499793,0.04044994815635085,0.022644129365260317,0.01050348968925224,14
byol,partial,0.01,ISC_,0.9093888052208836,0.017986534248012016,0.4172529205333005,0.07524109284048093,128
byol,partial,0.01,IVCD,0.5783034160528261,0.01940047042781265,0.05897020811881315,0.011689726690637607,79
byol,partial,0.01,LAFB,0.8827153253939612,0.032872975680534704,0.4283384872820836,0.11107997559340312,163
byol,partial,0.01,LAO/LAE,0.6462671602653093,0.034758141188732015,0.04007615645649646,0.0029317872750697278,42
byol,partial,0.01,LMI,0.6501526950679494,0.06329693867537489,0.01806479461166384,0.004602715610969685,20
byol,partial,0.01,LNGQT,0.6927670869276709,0.06369439036632576,0.010803979000462345,0.0023330323390804747,11
byol,partial,0.01,LPFB,0.7055258920247479,0.0232418908763218,0.08128076441680097,0.03828642026646067,18
byol,partial,0.01,LVH,0.8412875174832295,0.03294160554014811,0.43202765639141966,0.08141713946085745,214
byol,partial,0.01,NDT,0.7973380944651843,0.034945281120414694,0.21941381802003668,0.03811077860358153,183
byol,partial,0.01,NORM,0.8879444784923369,0.0038658815473515,0.8256425250791114,0.004826407843501792,964
byol,partial,0.01,NST_,0.7372888948618018,0.030410044129596803,0.08893673817569825,0.024523432002240116,77
byol,partial,0.01,PMI,0.9064061790095411,0.026371234640493305,0.008733779133175933,0.0037044688600463152,2
byol,partial,0.01,RAO/RAE,0.5237270101839185,0.018798022139767785,0.006596027598867658,0.001122989712615003,10
byol,partial,0.01,RVH,0.8640144023530606,0.008189000826173964,0.07422941470427759,0.046804848406740984,12
byol,partial,0.01,SEHYP,0.7081818181818181,0.04582074708226858,0.003338592345802574,0.00040423722875360303,3
byol,partial,0.01,WPW,0.7276385725132878,0.049404284750957976,0.017205433183290455,0.009653816377262765,8
byol,partial,0.05,1AVB,0.7239421416234889,0.0550140557611064,0.10546526945476987,0.009522061792080861,80
byol,partial,0.05,2AVB,0.6218589161368452,0.1222151199833607,0.001275389634278504,0.0003537367168759048,1
byol,partial,0.05,3AVB,0.8831591700742086,0.1376771303956833,0.05652402107905432,0.08390777801857018,2
byol,partial,0.05,ALMI,0.816729054975732,0.029552163927762345,0.1506436820451744,0.05631521925071667,29
byol,partial,0.05,AMI,0.6761245826743982,0.022269139867193213,0.035642534905601375,0.006429348793252915,35
byol,partial,0.05,ANEUR,0.8852713178294573,0.04758091963247976,0.03992837752372822,0.02828583550794966,10
byol,partial,0.05,ASMI,0.9224230164953369,0.003793024611535169,0.6205020366544548,0.03221534091487819,236
byol,partial,0.05,CLBBB,0.990898724069191,0.002615098474036266,0.7405150478248945,0.1228634960320913,54
byol,partial,0.05,CRBBB,0.9921381750914867,0.003327386929196022,0.8122425747051736,0.03094223441617379,54
byol,partial,0.05,DIG,0.8420967878633783,0.01625309375096954,0.060788071485237606,0.016794961324654807,18
byol,partial,0.05,EL,0.8004321550356189,0.018799282489195022,0.016843995023872665,0.004772684831001731,9
byol,partial,0.05,ILBBB,0.8687927107061503,0.07025587903053647,0.05749129436798695,0.06111272284573539,8
byol,partial,0.05,ILMI,0.8187097189997422,0.010905015229282134,0.15384894864925178,0.031169167251883314,48
byol,partial,0.05,IMI,0.7099618188129121,0.01572913084592157,0.23322373168646685,0.023735605659488564,268
byol,partial,0.05,INJAL,0.9025103874350106,0.03226322387557954,0.12865824262381753,0.15905645069166294,14
byol,partial,0.05,INJAS,0.9210259402831618,0.014930546221940306,0.1386546259643162,0.11007177125647989,22
byol,partial,0.05,INJIL,0.9192791155535364,0.060014172306536155,0.020046489458254164,0.013460339098813731,2
byol,partial,0.05,INJIN,0.9737240648190216,0.015541336150578039,0.041911533366451405,0.03230352880348056,2
byol,partial,0.05,INJLA,0.836740875359685,0.0707662368429473,0.01115423189612634,0.013499803811898498,2
byol,partial,0.05,IPLMI,0.6392781316348195,0.09524010437790417,0.005526798475398065,0.003320760884680858,5
byol,partial,0.05,IPMI,0.883989898989899,0.039510414446183896,0.12435644137465236,0.19783348126181974,3
byol,partial,0.05,IRBBB,0.6911252305800368,0.05541329237532063,0.1481687605301841,0.021285534410447348,112
byol,partial,0.05,ISCAL,0.8712889304840639,0.016881173696312056,0.16262854255566803,0.011603974044015652,66
byol,partial,0.05,ISCAN,0.6186145217523117,0.032959598740004606,0.003700620889710957,0.0013686074244447144,4
byol,partial,0.05,ISCAS,0.911396946701828,0.02856903053683548,0.122563490904037,0.024019597777919705,17
byol,partial,0.05,ISCIL,0.8541910331384016,0.04915298988482498,0.0432680262097064,0.018775692340031905,18
byol,partial,0.05,ISCIN,0.7315034804718437,0.028290790502618086,0.028015533351654475,0.004906574470665352,22
byol,partial,0.05,ISCLA,0.8282864539145945,0.004204211996507475,0.03168838958272574,0.01718544221072084,14
byol,partial,0.05,ISC_,0.9451142068273092,0.0050847125776335485,0.5818733156870398,0.006473139271168325,128
byol,partial,0.05,IVCD,0.632520044180632,0.02535201329963483,0.08890063896534761,0.026453036698242408,79
byol,partial,0.05,LAFB,0.9433783431573038,0.006636508178196067,0.6076762693517764,0.019748748064376657,163
byol,partial,0.05,LAO/LAE,0.6810743115694526,0.026228515534041777,0.04742291251439548,0.011045117728369821,42
byol,partial,0.05,LMI,0.66153611238357,0.04486394633086256,0.023255991429121558,0.00802618166293417,20
byol,partial,0.05,LNGQT,0.8416556071665561,0.030262340275074413,0.053477263088194754,0.06446848554519576,11
byol,partial,0.05,LPFB,0.7560471226375117,0.05152083576135245,0.13330526227655579,0.02226501823023471,18
byol,partial,0.05,LVH,0.8929329380126522,0.0065722185354768325,0.5564418083256272,0.006035770935965144,214
byol,partial,0.05,NDT,0.867527818355606,0.011328117917351114,0.3487028092292929,0.03893178425463059,183
byol,partial,0.05,NORM,0.8992941481161468,0.0031788336404610863,0.8386202293241499,0.00881560046179148,964
byol,partial,0.05,NST_,0.7953109919243504,0.0047139036170236685,0.12549646913749754,0.007536053989020445,77
byol,partial,0.05,PMI,0.943207632894139,0.04793275783734665,0.045728714127543375,0.034379026807938924,2
byol,partial,0.05,RAO/RAE,0.7383796929624563,0.038190758459110886,0.013339495763895074,0.003985758082690938,10
byol,partial,0.05,RVH,0.9246792433693392,0.013252694968834052,0.14983825614578875,0.040442113811215895,12
byol,partial,0.05,SEHYP,0.5035858585858586,0.0722395790403046,0.0019831249073818465,0.0004162736202098772,3
byol,partial,0.05,WPW,0.7124525436598329,0.10699704436057211,0.024343687466367614,0.018272449049009282,8
byol,partial,0.1,1AVB,0.7630181347150259,0.023904726905786187,0.12412028587664002,0.0037619865978494346,80
byol,partial,0.1,2AVB,0.6622767181350288,0.21801313631448996,0.0017481405278475073,0.0009963966993495371,1
byol,partial,0.1,3AVB,0.7165682265636831,0.23308919588812735,0.019012423179768454,0.028945296101174047,2
byol,partial,0.1,ALMI,0.8585450834840169,0.0407925023139591,0.2021281161424352,0.07144426594071235,29
byol,partial,0.1,AMI,0.7347829906870498,0.03125241964915684,0.04443711695997097,0.003974795603004609,35
byol,partial,0.1,ANEUR,0.917844657242742,0.022527896637491298,0.05966312491680232,0.03378798082317885,10
byol,partial,0.1,ASMI,0.9369853285424187,0.0028504202380036387,0.680703248923265,0.008071556922105523,236
byol,partial,0.1,CLBBB,0.9934393832330857,0.0022145272521593797,0.7801173400471105,0.08385768888718673,54
byol,partial,0.1,CRBBB,0.993485342019544,0.0015349633735237155,0.8089808721590556,0.03497140586779231,54
byol,partial,0.1,DIG,0.8769641495041953,0.020398674710205626,0.09253104080063536,0.05248372703502166,18
byol,partial,0.1,EL,0.837469192072656,0.06265258586596725,0.021882648176208302,0.011395237507984888,9
byol,partial,0.1,ILBBB,0.9181662870159452,0.010563896443754339,0.13193336537520672,0.11877359496086391,8
byol,partial,0.1,ILMI,0.825470482083011,0.024638499141448472,0.14303006609602867,0.03148504097633208,48
byol,partial,0.1,IMI,0.7164963297209045,0.006159358778470658,0.24112806260526,0.016082398005064846,268
byol,partial,0.1,INJAL,0.9355761491439883,0.012858077509604358,0.2163704532095417,0.10807021040486373,14
byol,partial,0.1,INJAS,0.9613188278937935,0.012539705464272815,0.23993129725893955,0.034609652212301084,22
byol,partial,0.1,INJIL,0.9313190973799789,0.051948016790078495,0.023764870531293145,0.02425968531274416,2
byol,partial,0.1,INJIN,0.946236559139785,0.06149764647293575,0.05097697721226944,0.06612063704243923,2
byol,partial,0.1,INJLA,0.8826291079812206,0.04788069232004282,0.006837503189511633,0.0018086721413134244,2
byol,partial,0.1,IPLMI,0.6671822869275098,0.0669409339200043,0.007288179168861663,0.0024958101609643952,5
byol,partial,0.1,IPMI,0.8649999999999999,0.025520747245033858,0.009337238015897564,0.002141291614303229,3
byol,partial,0.1,IRBBB,0.7399882717314568,0.029740158511229436,0.18461363983985277,0.035945217735256906,112
byol,partial,0.1,ISCAL,0.8882436910045707,0.01603765269346468,0.17884900514770663,0.015546761594476707,66
byol,partial,0.1,ISCAN,0.6613991208124905,0.029523961709285916,0.004044085090850992,0.0004838557025028981,4
byol,partial,0.1,ISCAS,0.9298566636169564,0.017285733430013904,0.13412150217647803,0.01022422244676503,17
byol,partial,0.1,ISCIL,0.8751080600050852,0.021890327284357036,0.08440226532276048,0.026904609016465547,18
byol,partial,0.1,ISCIN,0.7664332458005085,0.051366236141787244,0.05682973580015371,0.03247969761092502,22
byol,partial,0.1,ISCLA,0.8409254062520395,0.03288504594619717,0.03583402119651448,0.010168272024090808,14
byol,partial,0.1,ISC_,0.9460052710843373,0.002621650134289891,0.593370389495393,0.020397087391015815,128
byol,partial,0.1,IVCD,0.6354621087511027,0.032917339851839374,0.09473956363555115,0.01083244842114772,79
byol,partial,0.1,LAFB,0.9541967400457114,0.006552811252638031,0.6406828856495487,0.027199425742573082,163
byol,partial,0.1,LAO/LAE,0.6981960144847696,0.016715845635838732,0.04877553297439871,0.0079978190610901,42
byol,partial,0.1,LMI,0.6492976026874332,0.021958608620881465,0.026746835560951365,0.003964067517541171,20
byol,partial,0.1,LNGQT,0.8069287768192878,0.012154479932465597,0.018558492204152417,0.0036480523980763225,11
byol,partial,0.1,LPFB,0.7793287566742944,0.030802521356149012,0.17751611492022565,0.06978494719306294,18
byol,partial,0.1,LVH,0.9058153175800235,0.004093406721880098,0.5891158101649238,0.012805291728699788,214
byol,partial,0.1,NDT,0.884671499936879,0.006565940306233333,0.4340444872503082,0.025772619335181303,183
byol,partial,0.1,NORM,0.9030631381886746,0.0037181127599923256,0.8442843643570909,0.00954960037058831,964
byol,partial,0.1,NST_,0.8123215761973993,0.013211015892231628,0.12772292835886292,0.003067849043703935,77
byol,partial,0.1,PMI,0.8755868544600939,0.08859298603965429,0.02980386977786234,0.01996552421266709,2
byol,partial,0.1,RAO/RAE,0.7889648882808937,0.0049970626079975005,0.024170470277925304,0.01097060927503522,10
byol,partial,0.1,RVH,0.9436710786551042,0.023177923369978138,0.13948539287535297,0.03994317485145446,12
byol,partial,0.1,SEHYP,0.6176262626262626,0.16840214433343892,0.006980426446126099,0.005114420670328264,3
byol,partial,0.1,WPW,0.740907365223994,0.031353800233551145,0.028499272473105967,0.01834053074859439,8
byol,partial,0.25,1AVB,0.7809055581723975,0.0176558105786621,0.1118135342102325,0.006672786781901712,80
byol,partial,0.25,2AVB,0.6429003935815926,0.18813225456237367,0.001689796135667643,0.0012136564342324079,1
byol,partial,0.25,3AVB,0.9244282901711344,0.04523886659199249,0.09475074453756956,0.0836532234664717,2
byol,partial,0.25,ALMI,0.869214541763157,0.02075196400577399,0.23778262147080498,0.08037593191009297,29
byol,partial,0.25,AMI,0.7514452644526446,0.026202289118779667,0.06056050590468823,0.007278946667926668,35
byol,partial,0.25,ANEUR,0.9347925216598267,0.010122297366654444,0.07936326070947061,0.02432024062315898,10
byol,partial,0.25,ASMI,0.9430177734885499,0.001113659727761547,0.7025628544802595,0.020498220764496193,236
byol,partial,0.25,CLBBB,0.99460271501531,0.0015808017779699026,0.8086714692683991,0.06988851955240277,54
byol,partial,0.25,CRBBB,0.9931492683935681,0.0032466538922277543,0.8097887069049906,0.026023126988658076,54
byol,partial,0.25,DIG,0.8550300872955335,0.025721197962229266,0.06584640645396429,0.026534372865059237,18
byol,partial,0.25,EL,0.8634322563219555,0.02192096620445586,0.03200480121791663,0.012971061817859862,9
byol,partial,0.25,ILBBB,0.9331435079726651,0.00801566665599673,0.2896048754322975,0.09824628356902661,8
byol,partial,0.25,ILMI,0.834938128383604,0.009150532046449665,0.17755545773240913,0.012310249576988218,48
byol,partial,0.25,IMI,0.7322007533392471,0.0008458159296526801,0.2599583959165674,0.0042390193654483,268
byol,partial,0.25,INJAL,0.9414931801866474,0.0036243571327132895,0.3354947993995927,0.016239423903400788,14
byol,partial,0.25,INJAS,0.9713364733997473,0.003910608925985366,0.2962418330180039,0.07487632389330635,22
byol,partial,0.25,INJIL,0.9485839769801605,0.031035318223601026,0.02104372993030046,0.015022849099851559,2
byol,partial,0.25,INJIN,0.9896259276086626,0.006835247067331119,0.10473184223184223,0.10416044366720109,2
byol,partial,0.25,INJLA,0.832651824928063,0.02496005689589346,0.004406454190370984,0.0007156169981990228,2
byol,partial,0.25,IPLMI,0.6845313921747044,0.09900481872040769,0.006639639165811329,0.003458470741966072,5
byol,partial,0.25,IPMI,0.8849999999999999,0.07712061677450753,0.11031312888488548,0.12775101813454218,3
byol,partial,0.25,IRBBB,0.7659427592175082,0.023418549786159613,0.19762897119532727,0.025080437599725395,112
byol,partial,0.25,ISCAL,0.8938755831596262,0.004775224672568727,0.19895156711418235,0.01808022021564866,66
byol,partial,0.25,ISCAN,0.794035167500379,0.08570421991535501,0.00987749992933758,0.003520086620719682,4
byol,partial,0.25,ISCAS,0.9458855820461762,0.008377930397989463,0.14511226120384615,0.0016043749748282043,17
byol,partial,0.25,ISCIL,0.8906178489702518,0.005966637436455705,0.09301168991271273,0.035826806935503254,18
byol,partial,0.25,ISCIN,0.7715949036444223,0.03191024442490274,0.06791965044570622,0.026646067843332448,22
byol,partial,0.25,ISCLA,0.8806913354652047,0.018111833599978797,0.04173370434632453,0.009222899272497607,14
byol,partial,0.25,ISC_,0.9510554718875501,0.00241916278671608,0.6178397673708526,0.006393892881585558,128
byol,partial,0.25,IVCD,0.6610646260935898,0.007671405379006645,0.09903048998039483,0.015488870733813866,79
byol,partial,0.25,LAFB,0.9579739564537472,0.00474757225195566,0.6785201998326751,0.013578383821401129,163
byol,partial,0.25,LAO/LAE,0.7230191783639262,0.01698002021691287,0.0479326800058128,0.01284938130240902,42
byol,partial,0.25,LMI,0.6740494732020156,0.03249187888476444,0.017475650941437795,0.0019117933535598823,20
byol,partial,0.25,LNGQT,0.8743087812430878,0.007359620050397145,0.03489449309873901,0.0031773280177784793,11
byol,partial,0.25,LPFB,0.8379693194338503,0.00879288422130427,0.21150040162386877,0.046126415895730875,18
byol,partial,0.25,LVH,0.9122901816689613,0.007667613622857939,0.6034975503715987,0.013248890946314026,214
byol,partial,0.25,NDT,0.8932821150967557,0.01011088688209851,0.44112228925675384,0.03995489456731849,183
byol,partial,0.25,NORM,0.9067531483137362,0.002959728500414951,0.8515475605313063,0.00795242494221558,964
byol,partial,0.25,NST_,0.8218286887148599,0.00532721460207507,0.14800284069730116,0.00844538321698481,77
byol,partial,0.25,PMI,0.9527487505679236,0.03086245842447765,0.020239863622216563,0.011659417328726124,2
byol,partial,0.25,RAO/RAE,0.8372093023255814,0.06748975544832739,0.060505176829706166,0.055375967883949266,10
byol,partial,0.25,RVH,0.9552969217505959,0.019816984262558488,0.14733291475947674,0.016676010429067734,12
byol,partial,0.25,SEHYP,0.7303030303030303,0.0767963629284942,0.00726292167625877,0.006150904385488654,3
byol,partial,0.25,WPW,0.8081814730447987,0.025460506505791583,0.07555523231738763,0.04739749648900399,8
byol,partial,1.0,1AVB,0.8610898492699012,0.017970076077092244,0.21022508089975378,0.04433210540053409,80
byol,partial,1.0,2AVB,0.8580078716318499,0.06086788870139765,0.0037852519648636147,0.002105920363649809,1
byol,partial,1.0,3AVB,0.9865212782068756,0.014154559949818296,0.29500484672240396,0.22093673479740836,2
byol,partial,1.0,ALMI,0.8733755247491249,0.007904635177149856,0.3044767032595892,0.03569940481993735,29
byol,partial,1.0,AMI,0.7876032331751889,0.009972206670951715,0.050000554889139355,0.00513758490826772,35
byol,partial,1.0,ANEUR,0.9345189238486092,0.008522741382995315,0.17069339342049217,0.018533197988912474,10
byol,partial,1.0,ASMI,0.9533104845774488,0.002350791175914122,0.7503296325796976,0.01483065077888637,236
byol,partial,1.0,CLBBB,0.9960676513336665,0.000277943218147046,0.8293432444464831,0.02927861250619767,54
byol,partial,1.0,CRBBB,0.9967139467682355,0.0003340050062941251,0.8507884911422584,0.008753900366552393,54
byol,partial,1.0,DIG,0.8869734723281634,0.003426210531519155,0.06352373217893904,0.0054834701798699625,18
byol,partial,1.0,EL,0.8939194436003918,0.022272997429250922,0.11528310687552763,0.05743241527759081,9
byol,partial,1.0,ILBBB,0.9291951404707669,0.014791732433038964,0.13748513414539978,0.021681826089448727,8
byol,partial,1.0,ILMI,0.881451405001289,0.012157136770105572,0.2336794082646204,0.03266959149212251,48
byol,partial,1.0,IMI,0.7743781094527362,0.008842510604399608,0.3257695543609655,0.017519314608985034,268
byol,partial,1.0,INJAL,0.9481389632143401,0.011356291304689087,0.4257565158171423,0.04328372430937399,14
byol,partial,1.0,INJAS,0.9834660219804648,0.0032314759539016904,0.4243142447655887,0.029309540617738553,22
byol,partial,1.0,INJIL,0.9726639406330455,0.014086949512928602,0.028053101314474832,0.011049224546102888,2
byol,partial,1.0,INJIN,0.985158261396335,0.012389243277477409,0.13224854778084852,0.16889687563152284,2
byol,partial,1.0,INJLA,0.7670755717098289,0.06962376699291194,0.003200954731579391,0.0009154328489226511,2
byol,partial,1.0,IPLMI,0.8372459811950258,0.0338755232113846,0.023993815146905555,0.009089467870714608,5
byol,partial,1.0,IPMI,0.969040404040404,0.011469540182801413,0.04205667544621014,0.02974755079964002,3
byol,partial,1.0,IRBBB,0.8307087062467263,0.008764705932234839,0.2980031457541168,0.018357200994719186,112
byol,partial,1.0,ISCAL,0.914751161592528,0.005343312138911017,0.24972247705083786,0.021240996972245234,66
byol,partial,1.0,ISCAN,0.6958844929513415,0.007931319634647554,0.0038301053757271047,0.00031670710593032826,4
byol,partial,1.0,ISCAS,0.9591966704339558,0.006040522921161149,0.21071766917710819,0.01897943399648231,17
byol,partial,1.0,ISCIL,0.9229680481396728,0.006013978454489266,0.14961227723584894,0.05648746611238427,18
byol,partial,1.0,ISCIN,0.861955177636058,0.01624468729286972,0.15445516569868492,0.025407711885716715,22
byol,partial,1.0,ISCLA,0.8827688224673148,0.004782631592125492,0.0547291635896898,0.013869341006078673,14
byol,partial,1.0,ISC_,0.9584550702811244,0.0008062710433188307,0.6578646136804801,0.01594550535065302,128
byol,partial,1.0,IVCD,0.680097658267579,0.011378054679353084,0.11577145995355957,0.013317084752099447,79
byol,partial,1.0,LAFB,0.9668922170095032,0.002783620214901312,0.7151129325020639,0.012237062496959224,163
byol,partial,1.0,LAO/LAE,0.7607295270414197,0.009544938257732203,0.07570688027319854,0.004741789867541641,42
byol,partial,1.0,LMI,0.7460299282333182,0.031195882658074554,0.051542749775120966,0.03054321332702349,20
byol,partial,1.0,LNGQT,0.8770045343950453,0.002767327766315582,0.08354532360775162,0.03225922743863936,11
byol,partial,1.0,LPFB,0.9449021103483345,0.017365580647567082,0.3764990605964403,0.06637906635162066,18
byol,partial,1.0,LVH,0.932429765579848,0.0015642059773138977,0.6586181394790583,0.014630768819491715,214
byol,partial,1.0,NDT,0.9117107612400585,0.0024241161252984774,0.5075398917725413,0.009120374203757992,183
byol,partial,1.0,NORM,0.9226641192145095,0.0025467884887444415,0.8807323537840906,0.006349678362376663,964
byol,partial,1.0,NST_,0.8413112444156657,0.004302615375870548,0.16141482138960708,0.0029126939713365716,77
byol,partial,1.0,PMI,0.9777373920945025,0.0018173557473875196,0.030909466435768307,0.0011393230113654626,2
byol,partial,1.0,RAO/RAE,0.9108375132998936,0.026556858504106332,0.09568635034399585,0.022483057815041087,10
byol,partial,1.0,RVH,0.9737816319285968,0.005176357039815065,0.2370265994896118,0.03905939587471717,12
byol,partial,1.0,SEHYP,0.927979797979798,0.014947361982698191,0.015521289920291573,0.005396543310720693,3
byol,partial,1.0,WPW,0.8348519362186789,0.029121728435411647,0.33215349791577264,0.0466303555038742,8
denoise,frozen,0.01,1AVB,0.6787348877374785,0.04900816002728711,0.07387652473782612,0.015452703713140828,80
denoise,frozen,0.01,2AVB,0.48486224644262793,0.14082895478665464,0.0009231737832030535,0.0002348356584538489,1
denoise,frozen,0.01,3AVB,0.49689535059821294,0.2854854475499888,0.008029718993089456,0.006803279921205138,2
denoise,frozen,0.01,ALMI,0.7012525246116592,0.05925004059803684,0.0346865055331776,0.006572495332144946,29
denoise,frozen,0.01,AMI,0.5703610964681075,0.047577960523573166,0.020259960924451596,0.0026140361834161917,35
denoise,frozen,0.01,ANEUR,0.819547043623651,0.04382223005634861,0.021476646482584554,0.009338978074273809,10
denoise,frozen,0.01,ASMI,0.8083357747465957,0.023481594985957074,0.3040019918893816,0.005913041435209846,236
denoise,frozen,0.01,CLBBB,0.9592115770183088,0.02404383377471965,0.46004133997180924,0.16166473535374742,54
denoise,frozen,0.01,CRBBB,0.8451045275149509,0.050992721983467326,0.20660309674245872,0.06833062209651167,54
denoise,frozen,0.01,DIG,0.758310026273413,0.0032053088775212154,0.02434370160113831,0.004461650228227025,18
denoise,frozen,0.01,EL,0.664050102974442,0.11060432387479469,0.008925234079710822,0.0038699167433029853,9
denoise,frozen,0.01,ILBBB,0.660250569476082,0.26122108731452165,0.013662929622264513,0.007383366292169462,8
denoise,frozen,0.01,ILMI,0.7044921371487497,0.08292253142061105,0.06840796394513561,0.04742227811535497,48
denoise,frozen,0.01,IMI,0.6461384935786185,0.0695202008097849,0.20106362971894534,0.0527151784452343,268
denoise,frozen,0.01,INJAL,0.801137723248276,0.05591408074265015,0.041829110125138826,0.011833581103244454,14
denoise,frozen,0.01,INJAS,0.6778792047017631,0.10617021424587407,0.04213828414499912,0.03063582217823629,22
denoise,frozen,0.01,INJIL,0.8079660760260486,0.014461140405522871,0.005204870448166542,0.002634414710096148,2
denoise,frozen,0.01,INJIN,0.7457973648341664,0.13203745356285718,0.003423120219543493,0.0009828504282921183,2
denoise,frozen,0.01,INJLA,0.6930183250037861,0.24181763989401045,0.013235450722595516,0.018148521113156606,2
denoise,frozen,0.01,IPLMI,0.5850773430391265,0.1061750840544154,0.004281298886537021,0.0004153889877605984,5
denoise,frozen,0.01,IPMI,0.696010101010101,0.1735656377544862,0.0058634628975736515,0.003939357567750175,3
denoise,frozen,0.01,IRBBB,0.5550516954749379,0.060247488401747415,0.06309031058865731,0.016798918529547412,112
denoise,frozen,0.01,ISCAL,0.741140936742247,0.042160011308441804,0.07626414880336879,0.011924045204176519,66
denoise,frozen,0.01,ISCAN,0.5389192056995604,0.0685961389070506,0.0028125098140009235,0.000911133887628757,4
denoise,frozen,0.01,ISCAS,0.7016396677609743,0.06015638434381709,0.020819880246939124,0.004778682229209122,17
denoise,frozen,0.01,ISCIL,0.6587253157047207,0.0362369450909065,0.013806780164411203,0.0022581669500328985,18
denoise,frozen,0.01,ISCIN,0.5833576480068915,0.007502157416153834,0.012233644715153405,0.0011339810769650034,22
denoise,frozen,0.01,ISCLA,0.7114250908220757,0.015517952584774551,0.016850740743943254,0.004248091888517351,14
denoise,frozen,0.01,ISC_,0.8656714357429719,0.021580017584084447,0.30170055365013826,0.03940354877735015,128
denoise,frozen,0.01,IVCD,0.5446752803006826,0.01774905838891115,0.04587440861007536,0.0043153209217874945,79
denoise,frozen,0.01,LAFB,0.7617581899835599,0.10142141218387911,0.21848030851021805,0.11028260740569594,163
denoise,frozen,0.01,LAO/LAE,0.6065809479738217,0.0741172624649812,0.0374086936444644,0.012503248893303934,42
denoise,frozen,0.01,LMI,0.614391510154222,0.08851142156241054,0.018066808786905118,0.0025263342030462524,20
denoise,frozen,0.01,LNGQT,0.7469724618447247,0.012741162429180906,0.013113282405059065,0.0043754323705151145,11
denoise,frozen,0.01,LPFB,0.6733112975675904,0.09559888884890579,0.04921035386491732,0.048324305579636115,18
denoise,frozen,0.01,LVH,0.866861194513751,0.027497894895294077,0.4228663312904974,0.056481277604433174,214
denoise,frozen,0.01,NDT,0.6248124402604195,0.06831952522742914,0.11680566158487539,0.024669476678612887,183
denoise,frozen,0.01,NORM,0.8597124962463593,0.013435296911562903,0.786314159002576,0.03156683461640282,964
denoise,frozen,0.01,NST_,0.6356570679242363,0.0379421924647178,0.06614853170443753,0.018054755018697945,77
denoise,frozen,0.01,PMI,0.8658185673178859,0.04943811710869266,0.04271102591017965,0.05204877304515796,2
denoise,frozen,0.01,RAO/RAE,0.5687338501291991,0.14974703818345705,0.008641685267331271,0.004774886463841155,10
denoise,frozen,0.01,RVH,0.6353516912622343,0.10220201330728357,0.021927621731023788,0.02238712817733968,12
denoise,frozen,0.01,SEHYP,0.5615151515151515,0.19822739490753385,0.007171103771775968,0.0050092267056191285,3
denoise,frozen,0.01,WPW,0.5514426727410782,0.11099137536304762,0.007948911220328477,0.0014281698229577809,8
denoise,frozen,0.05,1AVB,0.717838357669964,0.030041473462022985,0.0931605547755917,0.01555431064957438,80
denoise,frozen,0.05,2AVB,0.7733878292461398,0.19550501022503505,0.006746366958548699,0.009098169215167333,1
denoise,frozen,0.05,3AVB,0.797364834166288,0.1899788805236138,0.009546319408372283,0.002730089848945108,2
denoise,frozen,0.05,ALMI,0.8142388097579545,0.018588782439848753,0.10394714682179867,0.019576820563114793,29
denoise,frozen,0.05,AMI,0.6592953786680723,0.050597587103317014,0.04142263260983645,0.020656557245354208,35
denoise,frozen,0.05,ANEUR,0.9082991336069312,0.04137817031434284,0.05799098766049692,0.050916442609005456,10
denoise,frozen,0.05,ASMI,0.8827134297835184,0.00652187872209913,0.46189770769703364,0.0466227148779552,236
denoise,frozen,0.05,CLBBB,0.9908542014948095,0.0005688922875508894,0.7629174372913923,0.025895467250413477,54
denoise,frozen,0.05,CRBBB,0.9804129396963273,0.0073049010529202445,0.6766267517515973,0.0496896380003286,54
denoise,frozen,0.05,DIG,0.8288075260615306,0.02143937277507076,0.03297699850002149,0.005822606617811189,18
denoise,frozen,0.05,EL,0.7687632938316621,0.03522934040176353,0.0104939079496302,0.001839010041728275,9
denoise,frozen,0.05,ILBBB,0.7352315869400151,0.03457176369210173,0.017796227050601337,0.01429104316257716,8
denoise,frozen,0.05,ILMI,0.7996680845578757,0.020946255973541772,0.10537615067170543,0.0080015026037745,48
denoise,frozen,0.05,IMI,0.7302428426343733,0.01861078898134576,0.2585087943187269,0.01789822258473941,268
denoise,frozen,0.05,INJAL,0.9158019534903957,0.012066046412453272,0.07607516607579812,0.04652204254801408,14
denoise,frozen,0.05,INJAS,0.8645464271323968,0.045474146496660005,0.09816876847677708,0.06497736488420033,22
denoise,frozen,0.05,INJIL,0.8621838558231106,0.11209963554703876,0.013520258050088926,0.013456297091182349,2
denoise,frozen,0.05,INJIN,0.902771467514766,0.0916225469431719,0.022979250714148577,0.023307589866518263,2
denoise,frozen,0.05,INJLA,0.788656671210056,0.284457571214191,0.016495863078437898,0.013259265709365142,2
denoise,frozen,0.05,IPLMI,0.6223233242341523,0.07139259065679225,0.02647057398952779,0.039757937230905156,5
denoise,frozen,0.05,IPMI,0.8389393939393939,0.03578164315880658,0.03490123168789341,0.04567737081716422,3
denoise,frozen,0.05,IRBBB,0.778338571200838,0.03171116872226305,0.15359343354875982,0.014079583150624119,112
denoise,frozen,0.05,ISCAL,0.8322438233528547,0.01270010932553791,0.1182431328614207,0.015118097668139669,66
denoise,frozen,0.05,ISCAN,0.6185766257389722,0.09035009633382611,0.00457150013619014,0.002564345947001072,4
denoise,frozen,0.05,ISCAS,0.8107654772796584,0.025280400430325593,0.02818406033207088,0.011621396944642839,17
denoise,frozen,0.05,ISCIL,0.7827782015425035,0.04298307342112246,0.024089824943362228,0.006438112798313137,18
denoise,frozen,0.05,ISCIN,0.6904464174065273,0.03541874594421547,0.0258794369749774,0.014041383649331182,22
denoise,frozen,0.05,ISCLA,0.8190737235963367,0.01742446036647505,0.028431350207663676,0.009286770590065024,14
denoise,frozen,0.05,ISC_,0.9349246987951808,0.008241500145757846,0.5024389464027145,0.031212174133364034,128
denoise,frozen,0.05,IVCD,0.6196095258528213,0.04055199078044494,0.059938394278572615,0.008188629319670062,79
denoise,frozen,0.05,LAFB,0.9023271783150889,0.017673825083534715,0.45530841793720156,0.018440224543976456,163
denoise,frozen,0.05,LAO/LAE,0.6759877481765496,0.030662451767489895,0.05176692355506185,0.021049623774769148,42
denoise,frozen,0.05,LMI,0.6507787448465415,0.05640325098954382,0.035648307452528734,0.02539596353399299,20
denoise,frozen,0.05,LNGQT,0.7172638796726388,0.04241697905022454,0.010862458781341925,0.0009737232190369116,11
denoise,frozen,0.05,LPFB,0.7838291380625476,0.11349843010150558,0.1891023431107436,0.12614097906229957,18
denoise,frozen,0.05,LVH,0.9124609025653555,0.012533398055628607,0.576099083484981,0.02686825413037561,214
denoise,frozen,0.05,NDT,0.7850249779076268,0.009251824472680794,0.20853499532997133,0.020394630989451136,183
denoise,frozen,0.05,NORM,0.8884822677459291,0.005001150605190495,0.8358537376571432,0.004517292903097219,964
denoise,frozen,0.05,NST_,0.7365283665848107,0.017139800864903673,0.09802571869013406,0.02764142452653141,77
denoise,frozen,0.05,PMI,0.844464637286082,0.11579278911849891,0.009808065360372039,0.003601328333422626,2
denoise,frozen,0.05,RAO/RAE,0.6246390028879768,0.1389141252560655,0.020218127840823004,0.010639470294514803,10
denoise,frozen,0.05,RVH,0.8609843298341701,0.0457172810010352,0.12248401502196875,0.03984936010137256,12
denoise,frozen,0.05,SEHYP,0.47702020202020207,0.05048259601848171,0.001836505119344345,0.00010245601192517193,3
denoise,frozen,0.05,WPW,0.5715641609719059,0.2394574153573275,0.010182081039068345,0.006449871484302157,8
denoise,frozen,0.1,1AVB,0.7327317867797142,0.01629069706285493,0.10345595207604502,0.0033637005281490265,80
denoise,frozen,0.1,2AVB,0.8639115955192249,0.10874587498190422,0.004744571699358934,0.002738511299604402,1
denoise,frozen,0.1,3AVB,0.8115250643646826,0.15849467997759714,0.009222809622624584,0.010042099471108753,2
denoise,frozen,0.1,ALMI,0.8526816398608424,0.029227792388984618,0.2100386072342589,0.057335783118477125,29
denoise,frozen,0.1,AMI,0.6946582322966086,0.018123090529994397,0.039136313621438434,0.00554790214950988,35
denoise,frozen,0.1,ANEUR,0.933561331509348,0.02876599777071872,0.06493450214278527,0.022300452271620256,10
denoise,frozen,0.1,ASMI,0.917098581395282,0.00285113321937021,0.5698915197484747,0.038240147286420396,236
denoise,frozen,0.1,CLBBB,0.99407418897104,0.0014648687303466734,0.8242379607107889,0.027261295200976008,54
denoise,frozen,0.1,CRBBB,0.9891479815475472,0.005855703476994357,0.7581288741046311,0.03547299427425895,54
denoise,frozen,0.1,DIG,0.8345622510382236,0.020515116957601064,0.03676546451605411,0.007868521100857565,18
denoise,frozen,0.1,EL,0.7348323711131369,0.04583391387388974,0.013690305458773332,0.004004072467522078,9
denoise,frozen,0.1,ILBBB,0.8536256643887623,0.027786484309412107,0.05408432972888355,0.04848339089862441,8
denoise,frozen,0.1,ILMI,0.859844676463006,0.02015189958397606,0.1713589944292694,0.04424631287524544,48
denoise,frozen,0.1,IMI,0.7746821448313984,0.020345589520689093,0.3072989053684036,0.026556374970638185,268
denoise,frozen,0.1,INJAL,0.9103635058408929,0.016181629188199313,0.1696439916070421,0.13513080386265025,14
denoise,frozen,0.1,INJAS,0.9193655954316201,0.0364730404708723,0.13531324003742776,0.07433083615836018,22
denoise,frozen,0.1,INJIL,0.8631682568529456,0.035893015640345124,0.0056780960921933065,0.0013653249468537864,2
denoise,frozen,0.1,INJIN,0.8619566863546874,0.1922817901898861,0.0243633807736084,0.023096758190622776,2
denoise,frozen,0.1,INJLA,0.929880357413297,0.06700318446592338,0.0216145618584643,0.014939326210652143,2
denoise,frozen,0.1,IPLMI,0.6487716105550501,0.08949852928682735,0.008212649837446342,0.0063882587663628395,5
denoise,frozen,0.1,IPMI,0.8738383838383837,0.11744783080117768,0.04665230821971233,0.04369369767951643,3
denoise,frozen,0.1,IRBBB,0.8464151920930973,0.010914890464094287,0.19841643194457792,0.006804559124096752,112
denoise,frozen,0.1,ISCAL,0.8560948748127036,0.014038096417421188,0.12715613459364442,0.009588200481132111,66
denoise,frozen,0.1,ISCAN,0.63631195998181,0.07248617840381788,0.003825151589775117,0.0012940765206113888,4
denoise,frozen,0.1,ISCAS,0.8632025545808442,0.023130125128369834,0.0882582516302307,0.04395504763806606,17
denoise,frozen,0.1,ISCIL,0.8367065005508941,0.011558359820187707,0.047204864850366644,0.014753169817556587,18
denoise,frozen,0.1,ISCIN,0.7275783974546011,0.06046942261635115,0.031040117945987534,0.008651656796902085,22
denoise,frozen,0.1,ISCLA,0.8065217864212838,0.03003835568317584,0.0348825458872239,0.011174318454624405,14
denoise,frozen,0.1,ISC_,0.9406061746987951,0.008025782959520658,0.5368370670377147,0.030417915415772132,128
denoise,frozen,0.1,IVCD,0.6647734947992404,0.0030727382410022275,0.09099829495664412,0.024989871419258788,79
denoise,frozen,0.1,LAFB,0.9436169252977264,0.0064622737456564655,0.5904135947610095,0.022253061265220964,163
denoise,frozen,0.1,LAO/LAE,0.6807474493730856,0.03402259794520141,0.042446429866045965,0.0038219317404615248,42
denoise,frozen,0.1,LMI,0.6987937089632005,0.12815610930894558,0.029711414388573946,0.012850536162127854,20
denoise,frozen,0.1,LNGQT,0.7668933864189338,0.030684965597766806,0.012680088080635699,0.00027766717575522493,11
denoise,frozen,0.1,LPFB,0.848724468175269,0.046022186054035866,0.3095534041738973,0.0707769944269151,18
denoise,frozen,0.1,LVH,0.9248193725928745,0.00772231649386551,0.6143391021850862,0.01157760874425129,214
denoise,frozen,0.1,NDT,0.8198957600678102,0.018231165884921817,0.23682985649549892,0.022301233895971353,183
denoise,frozen,0.1,NORM,0.896010200971872,0.0044698861970250475,0.8476454132073283,0.004095149521484577,964
denoise,frozen,0.1,NST_,0.7636742373336918,0.008477564679197984,0.11427613358606988,0.013469450621863976,77
denoise,frozen,0.1,PMI,0.89709223080418,0.09528236041380315,0.04028101959663688,0.038760483179815286,2
denoise,frozen,0.1,RAO/RAE,0.6653138774889801,0.1481895702566643,0.025740760545700698,0.02474401036289948,10
denoise,frozen,0.1,RVH,0.9196840610578629,0.05079511914922728,0.15759971694240257,0.0488078480262848,12
denoise,frozen,0.1,SEHYP,0.5232323232323232,0.24989705563380993,0.005914336652265861,0.007520345929485986,3
denoise,frozen,0.1,WPW,0.5915717539863325,0.07636001135615611,0.06719110676146285,0.06816371757377444,8
denoise,frozen,0.25,1AVB,0.7423388679541528,0.012487991834586496,0.10206875379008185,0.0052398164725574745,80
denoise,frozen,0.25,2AVB,0.7643051771117166,0.13052817128784738,0.00244991782451569,0.0015064961907133366,1
denoise,frozen,0.25,3AVB,0.8605179463880055,0.03621696940653352,0.05039186204180199,0.06688329198315078,2
denoise,frozen,0.25,ALMI,0.9036602903699945,0.013907017175710887,0.31044021306641195,0.05237568224570716,29
denoise,frozen,0.25,AMI,0.7215340010542962,0.06218267596386952,0.04124472030326982,0.010660322392875489,35
denoise,frozen,0.25,ANEUR,0.9393524851801186,0.01555067906705721,0.11762051651729606,0.06612389600239447,10
denoise,frozen,0.25,ASMI,0.927661284068486,0.0042710484316148285,0.594481588569045,0.007967477445396871,236
denoise,frozen,0.25,CLBBB,0.9951743274218844,0.0007053541502397284,0.8351182118017372,0.01241189664124407,54
denoise,frozen,0.25,CRBBB,0.9929022399163551,0.0025636107982527686,0.7987603326506206,0.01564751189109568,54
denoise,frozen,0.25,DIG,0.8347656581066193,0.022725738540024923,0.045276308605598496,0.010288346521564011,18
denoise,frozen,0.25,EL,0.7734393463655086,0.054672585915319274,0.0181612827996713,0.006033757845445362,9
denoise,frozen,0.25,ILBBB,0.9478549734244495,0.005060759779897978,0.13333299967461795,0.055888242706769876,8
denoise,frozen,0.25,ILMI,0.8978538283062645,0.010845140052349213,0.2487860585682975,0.12284075734301274,48
denoise,frozen,0.25,IMI,0.8009095350122771,0.012450869783144188,0.351786596839405,0.017470231361365378,268
denoise,frozen,0.25,INJAL,0.9308990841654158,0.012070369616145332,0.3332712490060628,0.08414688904986165,14
denoise,frozen,0.25,INJAS,0.9329123421282981,0.009432824574610142,0.1823306582800651,0.01595736679002891,22
denoise,frozen,0.25,INJIL,0.9260184764500984,0.037986466748136535,0.017021421101956813,0.009873557045321312,2
denoise,frozen,0.25,INJIN,0.9560805694381341,0.02385207300064344,0.08345825984714873,0.08330228935836548,2
denoise,frozen,0.25,INJLA,0.8560502801756776,0.10994282565250608,0.021057743987526165,0.0220014173429476,2
denoise,frozen,0.25,IPLMI,0.7047012435547467,0.06279333805269732,0.08760104179318555,0.12127910125251856,5
denoise,frozen,0.25,IPMI,0.9158080808080808,0.09894036072353922,0.034737649854171194,0.03159468700900651,3
denoise,frozen,0.25,IRBBB,0.8522850196989364,0.013588213881271774,0.21833390712050713,0.005686829785313602,112
denoise,frozen,0.25,ISCAL,0.8601527677334883,0.005451369930034603,0.14695695249828208,0.014161617475614131,66
denoise,frozen,0.25,ISCAN,0.6787933909352736,0.08460745616347731,0.004288849848923652,0.0011900497327095312,4
denoise,frozen,0.25,ISCAS,0.9019069658970634,0.01833307860419736,0.12798181172036416,0.028646647637200824,17
denoise,frozen,0.25,ISCIL,0.8721756081023816,0.008548140202141999,0.09287695111489018,0.0363323241949013,18
denoise,frozen,0.25,ISCIN,0.7760549094799439,0.014799157733587236,0.04711508231021528,0.008953224033064519,22
denoise,frozen,0.25,ISCLA,0.8111662207139595,0.0335095220199582,0.02635660764075282,0.0075660231731562895,14
denoise,frozen,0.25,ISC_,0.9463679718875503,0.00287840107155807,0.5660827051673024,0.00583731477552932,128
denoise,frozen,0.25,IVCD,0.6732182729822721,0.006716032520688578,0.08642631147324803,0.016019891119012065,79
denoise,frozen,0.25,LAFB,0.9546137575684671,0.011028800884412202,0.6412578460629321,0.05387567990391405,163
denoise,frozen,0.25,LAO/LAE,0.6936713602609021,0.01687518572744194,0.04285624746234614,0.007200397446638263,42
denoise,frozen,0.25,LMI,0.7223163841807909,0.004806748820390876,0.031720136779699794,0.005288378577033821,20
denoise,frozen,0.25,LNGQT,0.814255695642557,0.02605216607568484,0.01697657169761703,0.0035657273436834323,11
denoise,frozen,0.25,LPFB,0.8934231714552081,0.03346873415716165,0.3572134549972174,0.041315299914730305,18
denoise,frozen,0.25,LVH,0.9317876044099244,0.0054761783543254405,0.6402202682941719,0.007104133831570187,214
denoise,frozen,0.25,NDT,0.8425490089992606,0.01718997379779072,0.28866535776459595,0.040060815452959295,183
denoise,frozen,0.25,NORM,0.8988395250263174,0.002676542084102337,0.8527810633797831,0.006053511028133554,964
denoise,frozen,0.25,NST_,0.7653724450525955,0.022087845753928526,0.11555024302555474,0.007217466690268758,77
denoise,frozen,0.25,PMI,0.9607754051188854,0.016280830767263364,0.07682969889427815,0.0466883840497567,2
denoise,frozen,0.25,RAO/RAE,0.7573339413284694,0.08021804480883805,0.04539258881464427,0.02358018823687829,10
denoise,frozen,0.25,RVH,0.9407170749023784,0.02569419873583135,0.19358847894548994,0.008454331455847158,12
denoise,frozen,0.25,SEHYP,0.7577777777777778,0.11954154978196098,0.017974622880145983,0.023729151270853024,3
denoise,frozen,0.25,WPW,0.6503227031131359,0.07226771148905106,0.030414467901186803,0.027718065640815404,8
denoise,frozen,1.0,1AVB,0.7521137541215261,0.0008728989746525425,0.10141699353136809,0.0068762465135098405,80
denoise,frozen,1.0,2AVB,0.894187102633969,0.1617126614134512,0.02758232293116014,0.02705487050305698,1
denoise,frozen,1.0,3AVB,0.9759200363471149,0.021809452110871385,0.06532030061441825,0.02228681694072583,2
denoise,frozen,1.0,ALMI,0.9034435174317167,0.01913622748224248,0.29846993239199904,0.08990106587784852,29
denoise,frozen,1.0,AMI,0.7788701458443156,0.020270380717842092,0.06462775364566319,0.014946087116158401,35
denoise,frozen,1.0,ANEUR,0.940264477884177,0.007400218111977948,0.13163061625591665,0.06930204095460245,10
denoise,frozen,1.0,ASMI,0.9416764323197159,0.008409569054563637,0.6711719205835572,0.042284279966510935,236
denoise,frozen,1.0,CLBBB,0.996527239198249,0.0003808210501695115,0.870053522655867,0.014923399081387642,54
denoise,frozen,1.0,CRBBB,0.9950220889417416,0.0012060898228071358,0.8193077818988587,0.04238677508889194,54
denoise,frozen,1.0,DIG,0.8449868632934995,0.006587724906978169,0.04461689208610392,0.008383728119696635,18
denoise,frozen,1.0,EL,0.8349707957729836,0.0198216308104895,0.04106818307553605,0.016776047863948703,9
denoise,frozen,1.0,ILBBB,0.9630410022779042,0.015100998182834313,0.14180924309041862,0.022505969608039866,8
denoise,frozen,1.0,ILMI,0.9044566898685229,0.0025479344807342198,0.2891825744826558,0.10386317411786346,48
denoise,frozen,1.0,IMI,0.8260544821114069,0.005192105942198563,0.4242870903657823,0.003116547307894517,268
denoise,frozen,1.0,INJAL,0.9148991711805783,0.024076758943549246,0.37105228546965013,0.007070473335856482,14
denoise,frozen,1.0,INJAS,0.9535867617023049,0.01270648794055081,0.3006372624594165,0.022569008791123793,22
denoise,frozen,1.0,INJIL,0.9341965773133424,0.03351526052509072,0.012961566015756059,0.00514569036817379,2
denoise,frozen,1.0,INJIN,0.9643343934575194,0.01930940481599272,0.03378012988749441,0.014966094055474657,2
denoise,frozen,1.0,INJLA,0.819854611540209,0.1055174670710273,0.007443980034866495,0.007543699319832958,2
denoise,frozen,1.0,IPLMI,0.7685471640885654,0.02403292223204954,0.2021974366063608,0.1432118831528067,5
denoise,frozen,1.0,IPMI,0.9557070707070707,0.01913195043363756,0.031758869941230596,0.010805673990920871,3
denoise,frozen,1.0,IRBBB,0.895867493338799,0.007747973600306616,0.3100722289828643,0.014378773730422435,112
denoise,frozen,1.0,ISCAL,0.886794949967622,0.007610078806058618,0.18223893939640526,0.01792778349791198,66
denoise,frozen,1.0,ISCAN,0.6959602849780203,0.05317591223477127,0.007040688314496043,0.0029170604384633264,4
denoise,frozen,1.0,ISCAS,0.9421272626159339,0.009486491461561353,0.15163197710406137,0.025386761965474933,17
denoise,frozen,1.0,ISCIL,0.8890075430121197,0.006136932609779958,0.10695614163955856,0.012538915711862204,18
denoise,frozen,1.0,ISCIN,0.838335209036722,0.013679273388500378,0.08530427571657552,0.009670461752125263,22
denoise,frozen,1.0,ISCLA,0.8441993517370402,0.009868197759155118,0.04152650752634801,0.009908779422610467,14
denoise,frozen,1.0,ISC_,0.9500539658634538,0.006298103295499717,0.590785964611737,0.023712426905868732,128
denoise,frozen,1.0,IVCD,0.7029984822840434,0.004394919338380774,0.11430514872661603,0.01772483697398651,79
denoise,frozen,1.0,LAFB,0.9684695657404067,0.004908717103540407,0.7151524522075675,0.02417534831190079,163
denoise,frozen,1.0,LAO/LAE,0.6977406109752247,0.009585156861622642,0.050131723489088405,0.001732037792106872,42
denoise,frozen,1.0,LMI,0.8060925332111774,0.016132356778170726,0.08567116805790469,0.03702726478521183,20
denoise,frozen,1.0,LNGQT,0.8182785888077859,0.007408420595604445,0.024405301529453274,0.0027299958732274554,11
denoise,frozen,1.0,LPFB,0.9493601152640054,0.011981213037169123,0.4704156993613011,0.04219303935244483,18
denoise,frozen,1.0,LVH,0.9358007201602584,0.002818766986025106,0.6628471873849701,0.014538496804989733,214
denoise,frozen,1.0,NDT,0.8772628902234484,0.003478779919184816,0.39792581541386224,0.014810101797849468,183
denoise,frozen,1.0,NORM,0.9027061934791031,0.0025583000907625046,0.8591747994782986,0.005078839682057568,964
denoise,frozen,1.0,NST_,0.7909147923258929,0.013220419850831194,0.12760140083891428,0.009458177475036883,77
denoise,frozen,1.0,PMI,0.9746327426927154,0.008019865170271317,0.30126777935233295,0.18948395275868488,2
denoise,frozen,1.0,RAO/RAE,0.8285301717586259,0.0378891079672784,0.102723545298541,0.04462720935667864,10
denoise,frozen,1.0,RVH,0.9535980526395861,0.012010858315917613,0.24685189115505976,0.039357666440907,12
denoise,frozen,1.0,SEHYP,0.9679797979797979,0.027210507027330758,0.0610048134359208,0.03129896419378898,3
denoise,frozen,1.0,WPW,0.7371867881548976,0.04961431066381121,0.06979576755694282,0.05431483050732163,8
denoise,full,0.01,1AVB,0.6944830428638719,0.04335672035561934,0.08524832497666783,0.022186263690683498,80
denoise,full,0.01,2AVB,0.7664244626097488,0.21394289445299564,0.0033064476788227377,0.00247324263204331,1
denoise,full,0.01,3AVB,0.7803271240345299,0.3144259333480452,0.03329390323907675,0.04302920425110125,2
denoise,full,0.01,ALMI,0.748027894976155,0.02208318057412294,0.05395794217519573,0.0214304930205432,29
denoise,full,0.01,AMI,0.6264452644526446,0.030668429034122695,0.0338940627134526,0.014276067082895996,35
denoise,full,0.01,ANEUR,0.8388356893144856,0.04518719849672896,0.022728300607129787,0.009014388412519362,10
denoise,full,0.01,ASMI,0.8118736697888034,0.01223989379472503,0.35049392311557676,0.03288233151308941,236
denoise,full,0.01,CLBBB,0.960455336676835,0.024906545690559098,0.44656633462138345,0.1664375672397678,54
denoise,full,0.01,CRBBB,0.8576742556112805,0.08218060406741938,0.23888395219469172,0.0738826128739448,54
denoise,full,0.01,DIG,0.7644546147978643,0.015028590017692389,0.018723069996581743,0.0009864016066972192,18
denoise,full,0.01,EL,0.7063709105641648,0.05954075312932725,0.008438388194203941,0.0019306228928694434,9
denoise,full,0.01,ILBBB,0.6787205770690964,0.11871693384257583,0.009674528380833353,0.006892256770888978,8
denoise,full,0.01,ILMI,0.7659319412219645,0.023451087518897785,0.0698176077578362,0.017161208458400128,48
denoise,full,0.01,IMI,0.6829470219959634,0.031946463273497774,0.20971369414836313,0.034886147907838436,268
denoise,full,0.01,INJAL,0.840142269790511,0.014666649389381992,0.02437708479768301,0.005532367915203223,14
denoise,full,0.01,INJAS,0.8175218484709544,0.0641634167154263,0.035069711906715956,0.01633675533915028,22
denoise,full,0.01,INJIL,0.849083749810692,0.1119024288462873,0.008008567578636551,0.005385577873423568,2
denoise,full,0.01,INJIN,0.7738906557625321,0.0044302900125125395,0.003030241126614879,0.00020646539145375328,2
denoise,full,0.01,INJLA,0.865970013630168,0.10931455247825382,0.018437554201382055,0.01779883322141148,2
denoise,full,0.01,IPLMI,0.5264482863208978,0.1281777946088497,0.003282671952198554,0.0012023363425685608,5
denoise,full,0.01,IPMI,0.7577777777777778,0.1147803361147565,0.004542758910461331,0.0020570572908620976,3
denoise,full,0.01,IRBBB,0.577520439069937,0.047155114966180835,0.07387319163739749,0.021291492125895498,112
denoise,full,0.01,ISCAL,0.7774705406900072,0.042281140045459346,0.09549393672749135,0.010108120710483792,66
denoise,full,0.01,ISCAN,0.6346066393815369,0.09110009287222419,0.004086370201580717,0.0017549935973409044,4
denoise,full,0.01,ISCAS,0.7792009759072888,0.05449770656411181,0.0407114203975509,0.021960371331713073,17
denoise,full,0.01,ISCIL,0.6712433257055683,0.0276999219037642,0.013899168704282124,0.0017704706810264313,18
denoise,full,0.01,ISCIN,0.553916051852778,0.06889670539351893,0.011967887152312708,0.0015719239644734397,22
denoise,full,0.01,ISCLA,0.7376710391785769,0.021445445173329882,0.016605349713425626,0.0013765227401410236,14
denoise,full,0.01,ISC_,0.9209989959839358,0.009813599243946324,0.4361001983893702,0.06969906596285515,128
denoise,full,0.01,IVCD,0.5888439931027358,0.016745750704008487,0.05343858161284895,0.0055837062987569176,79
denoise,full,0.01,LAFB,0.8176184891134367,0.030666201227422845,0.2680097618805732,0.05052625665500539,163
denoise,full,0.01,LAO/LAE,0.6482264971390377,0.05381312853645387,0.038367189950987056,0.011042942789345292,42
denoise,full,0.01,LMI,0.6512139257901971,0.06733826008592313,0.019525716229330702,0.004957300792569584,20
denoise,full,0.01,LNGQT,0.6702610042026101,0.06781595801542385,0.00948352462986133,0.0025191190234635685,11
denoise,full,0.01,LPFB,0.5696075938638868,0.06662522925139246,0.039284576745055554,0.04763798922783776,18
denoise,full,0.01,LVH,0.9028457137308155,0.0022374902529049678,0.5339383987473986,0.03175339196976467,214
denoise,full,0.01,NDT,0.7210382513661203,0.07786345730758464,0.1697126092686151,0.055289071255087745,183
denoise,full,0.01,NORM,0.8729159619869232,0.018298998490443214,0.8037815635276951,0.030463862192319127,964
denoise,full,0.01,NST_,0.6875399608231216,0.09020025899115852,0.08008460500577885,0.0240190314250519,77
denoise,full,0.01,PMI,0.8221263062244435,0.1324029724752186,0.008797497642466583,0.007459267483102268,2
denoise,full,0.01,RAO/RAE,0.48031615747074025,0.08895999551506668,0.004860655633347409,0.0008814012567581429,10
denoise,full,0.01,RVH,0.5803412951975252,0.015694533815637134,0.009478285862798289,0.0011155047622438319,12
denoise,full,0.01,SEHYP,0.6032828282828283,0.17666759793229606,0.004200689584481824,0.00197661309435512,3
denoise,full,0.01,WPW,0.5289863325740319,0.07983353964033224,0.009800404076477413,0.008743915354576512,8
denoise,full,0.05,1AVB,0.7247978489558801,0.039881205688477715,0.10760325678298895,0.011574746894738036,80
denoise,full,0.05,2AVB,0.6955797759612473,0.14218364188409158,0.001810015150919181,0.0010525053801925717,1
denoise,full,0.05,3AVB,0.8353778585491444,0.2286929078237076,0.02496191651341347,0.02107643356689538,2
denoise,full,0.05,ALMI,0.8464480960991446,0.020449230001151904,0.18578028283809356,0.0766726864632659,29
denoise,full,0.05,AMI,0.660072922157793,0.02862466619946451,0.04040059722522573,0.02005721785156764,35
denoise,full,0.05,ANEUR,0.8764705882352941,0.0413884204079941,0.04718306361111266,0.03948814640540037,10
denoise,full,0.05,ASMI,0.9159389100956746,0.019130968378777886,0.6118922717658258,0.031102633098229582,236
denoise,full,0.05,CLBBB,0.9884356203574445,0.008818703770298558,0.8060449612816071,0.07592477199067628,54
denoise,full,0.05,CRBBB,0.9937036462552206,0.0004165213116285838,0.7870126808092012,0.0030022454483181285,54
denoise,full,0.05,DIG,0.8282227307398933,0.049742003165768996,0.04009333359845909,0.008995201092153326,18
denoise,full,0.05,EL,0.750194132144907,0.017472504663390016,0.011768591807371881,0.002142560285155124,9
denoise,full,0.05,ILBBB,0.8066059225512529,0.022864092366981933,0.024711995064674294,0.019309135788705245,8
denoise,full,0.05,ILMI,0.8525296468161897,0.03271926534277291,0.21617089481398413,0.09926257200540421,48
denoise,full,0.05,IMI,0.7790202733104503,0.013486126927522588,0.3282663461182106,0.04050951604645473,268
denoise,full,0.05,INJAL,0.8742304596575954,0.0406133468323915,0.058967772580623794,0.05519311836504519,14
denoise,full,0.05,INJAS,0.8540008058577522,0.05561460580247313,0.05846863102890623,0.024699899103935895,22
denoise,full,0.05,INJIL,0.8910343783128881,0.07192966477042541,0.023385813190641078,0.02574799471947082,2
denoise,full,0.05,INJIN,0.7756322883537786,0.18014443356247906,0.005150817042778979,0.004580578663411765,2
denoise,full,0.05,INJLA,0.8619566863546874,0.07769937517347994,0.006464838329911806,0.003444310817592983,2
denoise,full,0.05,IPLMI,0.681468001213224,0.019018449388645418,0.007319809317258192,0.0014433951697034736,5
denoise,full,0.05,IPMI,0.8876262626262625,0.08162074007060015,0.02917058966053292,0.025168232037071085,3
denoise,full,0.05,IRBBB,0.8136614401858305,0.07959543654288083,0.21874463909530548,0.052694895606108516,112
denoise,full,0.05,ISCAL,0.8840085459177645,0.006512271918410275,0.17283026958602318,0.017399331623223255,66
denoise,full,0.05,ISCAN,0.6160375928452327,0.15113893168543402,0.005565620031194996,0.005018233217040117,4
denoise,full,0.05,ISCAS,0.8676246344832536,0.07335936008253521,0.14337930965585946,0.08922980694960023,17
denoise,full,0.05,ISCIL,0.8600474616492924,0.015128578763282748,0.06836366960202873,0.014480789514683907,18
denoise,full,0.05,ISCIN,0.7238825670737637,0.052024434866836076,0.03133895399023448,0.012284384392868908,22
denoise,full,0.05,ISCLA,0.7891840153146686,0.019258666568973713,0.033311934913708964,0.010601843714453866,14
denoise,full,0.05,ISC_,0.9513453815261045,0.0031276895754002707,0.5990131994073563,0.012736786332831072,128
denoise,full,0.05,IVCD,0.6267749727844129,0.0027917569951355107,0.08038328482313664,0.008949455728825446,79
denoise,full,0.05,LAFB,0.9640567985885561,0.0026549025883906272,0.7046750823408615,0.02914479022497309,163
denoise,full,0.05,LAO/LAE,0.6979866757747368,0.03131385856371491,0.05014543387334617,0.015486655979666088,42
denoise,full,0.05,LMI,0.7016643762406475,0.023362225635099144,0.030001098777056926,0.009876896888541898,20
denoise,full,0.05,LNGQT,0.7894962397699624,0.012053658111207252,0.015241681490963619,0.0029228730485661926,11
denoise,full,0.05,LPFB,0.7595304686837868,0.05383388125225193,0.2782668091486871,0.06865566383622256,18
denoise,full,0.05,LVH,0.925942371516863,0.006611505888532074,0.6309090857669708,0.009378376580880587,214
denoise,full,0.05,NDT,0.8417266316795614,0.01694224804632706,0.29077240461548426,0.031130485991912926,183
denoise,full,0.05,NORM,0.8928303510728434,0.013088102761796852,0.8034127412506842,0.04041881040071955,964
denoise,full,0.05,NST_,0.7780988218429422,0.0195077216056826,0.11268104592720196,0.024204238238013816,77
denoise,full,0.05,PMI,0.7592760866272906,0.1436516571142847,0.0036540644005276465,0.0016725869484074752,2
denoise,full,0.05,RAO/RAE,0.6428484572123423,0.06148421081698279,0.04347965384746114,0.059189269445830826,10
denoise,full,0.05,RVH,0.8945686900958467,0.013275961209523656,0.07722935873653854,0.013932748610518374,12
denoise,full,0.05,SEHYP,0.626060606060606,0.060554333986549955,0.11771615469771324,0.18856552801645873,3
denoise,full,0.05,WPW,0.5847190584662111,0.17485319903746965,0.01514494616390766,0.010988037528844818,8
denoise,full,0.1,1AVB,0.715681425655519,0.04184793715397889,0.117305957736391,0.03116321803129118,80
denoise,full,0.1,2AVB,0.6992128368150166,0.1377005650418419,0.0017513887889189729,0.0008296053314533945,1
denoise,full,0.1,3AVB,0.8373466606088141,0.07777394835689794,0.06152845532344677,0.09218147242459197,2
denoise,full,0.1,ALMI,0.8593593037887679,0.008984369784498542,0.29278930210925375,0.07287890414366618,29
denoise,full,0.1,AMI,0.7482296608680373,0.05860627898286013,0.04541642823301504,0.005501342232225155,35
denoise,full,0.1,ANEUR,0.9216902264781881,0.012815471701363561,0.1345156954012229,0.09753427643626872,10
denoise,full,0.1,ASMI,0.9435706817861954,0.002567912779289638,0.7094985786104163,0.012524935359585557,236
denoise,full,0.1,CLBBB,0.9882862543014551,0.005044228717137384,0.8283797176182629,0.011487686001879483,54
denoise,full,0.1,CRBBB,0.9961768034515049,0.00035835146232246305,0.8401462452267334,0.03151217883331679,54
denoise,full,0.1,DIG,0.8507839647427748,0.04489312784529648,0.05692603929468574,0.04506063915980791,18
denoise,full,0.1,EL,0.7951821465950909,0.010672299246085058,0.053204833284386986,0.059055096484712986,9
denoise,full,0.1,ILBBB,0.864123006833713,0.03537510064952994,0.04008339276975356,0.0184133731686393,8
denoise,full,0.1,ILMI,0.8986852281515855,0.013388280642245566,0.28629666242016294,0.02768361078703773,48
denoise,full,0.1,IMI,0.8262717420648693,0.017769958727491836,0.4233929418744047,0.06480191285398064,268
denoise,full,0.1,INJAL,0.9264830646740195,0.010095440631071581,0.18801475516147811,0.18493601773180124,14
denoise,full,0.1,INJAS,0.9337876703763911,0.037080310428738876,0.23245159947702507,0.13151028993053965,22
denoise,full,0.1,INJIL,0.937528396183553,0.03464837109084799,0.01602850935978531,0.011218552140588752,2
denoise,full,0.1,INJIN,0.8637740421020749,0.15264914957747597,0.0112002623781974,0.008065030386268868,2
denoise,full,0.1,INJLA,0.8128880811752234,0.17355291456800415,0.00922774686586463,0.006470401795836786,2
denoise,full,0.1,IPLMI,0.6989990900818926,0.10049875579928788,0.010625741952314208,0.007044944089741927,5
denoise,full,0.1,IPMI,0.8836363636363637,0.03935633403235729,0.010616776633258869,0.0035459971099547957,3
denoise,full,0.1,IRBBB,0.8885045888274009,0.004275405929574866,0.3305269398632222,0.0441236435938341,112
denoise,full,0.1,ISCAL,0.8996138266142945,0.002916123703734987,0.17432303194240428,0.00896788571583551,66
denoise,full,0.1,ISCAN,0.6340760951947856,0.11348238181915718,0.003201752776024288,0.000934018107459555,4
denoise,full,0.1,ISCAS,0.9093787560769963,0.04744501959003051,0.12993233325108797,0.028143869612402665,17
denoise,full,0.1,ISCIL,0.865624205441139,0.02712583119765871,0.09628462057192107,0.07281087142858923,18
denoise,full,0.1,ISCIN,0.7670654273130202,0.056673864058451734,0.03959589376425302,0.013882813232321586,22
denoise,full,0.1,ISCLA,0.8280471622180166,0.019937438091842275,0.02449458298097361,0.0008350676807759926,14
denoise,full,0.1,ISC_,0.9548280622489959,0.00488443157792863,0.6076802243649334,0.021337028482627744,128
denoise,full,0.1,IVCD,0.6771397013834259,0.00915533121275184,0.09598390465756469,0.020652202314076343,79
denoise,full,0.1,LAFB,0.9686089057299813,0.004614265215986362,0.7198837718700325,0.015984578878285898,163
denoise,full,0.1,LAO/LAE,0.6967343161234879,0.033692168603286596,0.04451480206123488,0.008189968441153193,42
denoise,full,0.1,LMI,0.7783631088715834,0.058724577191801686,0.03965899312118202,0.01488935843142897,20
denoise,full,0.1,LNGQT,0.8139515593895156,0.0201329278588093,0.022434263727947407,0.007135564495914697,11
denoise,full,0.1,LPFB,0.8827697262479871,0.030636178047374105,0.3144755024718919,0.07140197457720421,18
denoise,full,0.1,LVH,0.9239101663510679,0.005534536806235673,0.6449194241493358,0.008532471146314542,214
denoise,full,0.1,NDT,0.8737082724665909,0.004501723930577154,0.37180551385865024,0.009722347343081597,183
denoise,full,0.1,NORM,0.8976669658415913,0.01828150497048195,0.8060464201012252,0.06051351068526656,964
denoise,full,0.1,NST_,0.808945522962456,0.009151648630305199,0.13019074012348983,0.01357797584270281,77
denoise,full,0.1,PMI,0.8933817961532636,0.021690025372501514,0.018589731708351934,0.01457853511471442,2
denoise,full,0.1,RAO/RAE,0.7417540659674723,0.08126443945780605,0.027895811053421066,0.028147538326539358,10
denoise,full,0.1,RVH,0.9458010041077133,0.020554654742388063,0.12345070544829335,0.026100586239006025,12
denoise,full,0.1,SEHYP,0.5842424242424243,0.14236805790571744,0.011586998171533469,0.015083888514163339,3
denoise,full,0.1,WPW,0.6083997722095672,0.056358074651662975,0.03179044093591074,0.032927460340168406,8
denoise,full,0.25,1AVB,0.7634813157481549,0.005208155810612687,0.12292460142992508,0.014939595447531269,80
denoise,full,0.25,2AVB,0.8122918558885862,0.1348126381946395,0.005591931957658235,0.006705392957202483,1
denoise,full,0.25,3AVB,0.9512342874451006,0.03361366168524077,0.0566361479200475,0.01503379704770614,2
denoise,full,0.25,ALMI,0.9010907379796761,0.02023057627120147,0.33247358020553236,0.07652882215569053,29
denoise,full,0.25,AMI,0.7923299947285187,0.0531300347695975,0.06384820735818716,0.02744860715030857,35
denoise,full,0.25,ANEUR,0.9350965192278462,0.012127817146024558,0.12067828151396787,0.07427531613256372,10
denoise,full,0.25,ASMI,0.957337380334847,0.003796449097093386,0.7574222915211591,0.006808198603543107,236
denoise,full,0.25,CLBBB,0.993732370496757,0.00285129299449148,0.8585405747396163,0.006149121035560688,54
denoise,full,0.25,CRBBB,0.9967082019199284,0.0004711213461157926,0.8707250686312404,0.015277895114301901,54
denoise,full,0.25,DIG,0.8457157386219171,0.021219084248184902,0.03588679202959017,0.006013200557714393,18
denoise,full,0.25,EL,0.8024072385968467,0.044010059307321665,0.03100465962570507,0.01125855802471711,9
denoise,full,0.25,ILBBB,0.9037585421412301,0.024107073449335704,0.20451294105315057,0.08978965649419952,8
denoise,full,0.25,ILMI,0.9315222995617427,0.004592902320861367,0.34615462247257606,0.06355652136923617,48
denoise,full,0.25,IMI,0.8552296656253615,0.0054829031877730635,0.48727198477587635,0.02932874396444498,268
denoise,full,0.25,INJAL,0.9504013574365332,0.0039598920437167754,0.32509253141547134,0.10730976769033752,14
denoise,full,0.25,INJAS,0.9702179984160727,0.01600551377896633,0.30940879138612326,0.05117046033100583,22
denoise,full,0.25,INJIL,0.975389974254127,0.002999440000051238,0.03996983335037522,0.022011199823627144,2
denoise,full,0.25,INJIN,0.9552476147205816,0.001638142333241266,0.018792149442661363,0.0069027763306956464,2
denoise,full,0.25,INJLA,0.8839921247917614,0.01887330360249755,0.006779788075267949,0.0025514519736546176,2
denoise,full,0.25,IPLMI,0.7771003942978464,0.03107091664529005,0.028604053760296688,0.015212206001408114,5
denoise,full,0.25,IPMI,0.8979292929292929,0.11888141158913941,0.18983122878136538,0.1707270968438214,3
denoise,full,0.25,IRBBB,0.9203488305891462,0.005153962167691637,0.4580786772001173,0.061142476686775735,112
denoise,full,0.25,ISCAL,0.9084055340489594,0.005091103514328724,0.19645674926142634,0.012527752017916874,66
denoise,full,0.25,ISCAN,0.7197589813551616,0.0436163687693047,0.007209691123059052,0.003793611758430979,4
denoise,full,0.25,ISCAS,0.940405073282744,0.02392590813154987,0.1576276601230365,0.032495810831083896,17
denoise,full,0.25,ISCIL,0.9106280193236715,0.018637224672816272,0.17192950889245365,0.08809610238328941,18
denoise,full,0.25,ISCIN,0.8392313784335793,0.005962317197626094,0.11963219025407494,0.06433286869201675,22
denoise,full,0.25,ISCLA,0.8749374578520307,0.011081677511023687,0.06847850097365986,0.03155811561134497,14
denoise,full,0.25,ISC_,0.9590951305220883,0.002908207043952045,0.6459724159390502,0.002850067474109757,128
denoise,full,0.25,IVCD,0.6782422306451484,0.0189901748420774,0.0914839194571112,0.005404744496830602,79
denoise,full,0.25,LAFB,0.9755237780183648,0.0025782294483271233,0.7815065806571407,0.022832746112507032,163
denoise,full,0.25,LAO/LAE,0.7260307177012405,0.01546477105841417,0.045672231273459235,0.007505932922477571,42
denoise,full,0.25,LMI,0.8013971598717361,0.0403825686328951,0.05469737791631274,0.021853664902816535,20
denoise,full,0.25,LNGQT,0.8280524220305242,0.014419114863797749,0.021419955519857137,0.0020938161035581057,11
denoise,full,0.25,LPFB,0.9009831341639121,0.03865779909049309,0.41233705113653607,0.022434661130204477,18
denoise,full,0.25,LVH,0.9332301176721187,0.004856364775255584,0.6710435936678921,0.012061224860219984,214
denoise,full,0.25,NDT,0.8980612815379899,0.009865174825271054,0.45829988146460027,0.0454321512451545,183
denoise,full,0.25,NORM,0.9220561410676749,0.007664684412698179,0.8766477749898677,0.0243206518346204,964
denoise,full,0.25,NST_,0.8228325453160825,0.013629182630133154,0.15207501306130514,0.014447661149512814,77
denoise,full,0.25,PMI,0.932379221565955,0.01970796063826834,0.21208876508277705,0.25451053979259985,2
denoise,full,0.25,RAO/RAE,0.8166742666058671,0.06261747042054183,0.06122593216919644,0.042244694226002154,10
denoise,full,0.25,RVH,0.9459911760231249,0.021405857575863847,0.15412358617699726,0.04553199365476252,12
denoise,full,0.25,SEHYP,0.659949494949495,0.1249958983104212,0.011842198564242429,0.0073782529198576415,3
denoise,full,0.25,WPW,0.7285687167805618,0.035024507491717906,0.031759765510442954,0.01278316834539775,8
denoise,full,1.0,1AVB,0.971045297534935,0.0022895835618558878,0.5600812252811702,0.01236903465250605,80
denoise,full,1.0,2AVB,0.9323342415985468,0.021358721192197706,0.0071616365844583444,0.0024044886554274035,1
denoise,full,1.0,3AVB,0.9572921399363925,0.022175510438322155,0.12077809744700796,0.06299619330387667,2
denoise,full,1.0,ALMI,0.9656309149932852,0.008550509835379446,0.45579511913537374,0.022844689870656944,29
denoise,full,1.0,AMI,0.9270031628887717,0.006614750732344882,0.16104871445825833,0.02362713010569561,35
denoise,full,1.0,ANEUR,0.929031767745858,0.019047352075048304,0.16675362016656495,0.04149072786252785,10
denoise,full,1.0,ASMI,0.973318584324978,0.0015223532643142313,0.839795929403076,0.009169334339298604,236
denoise,full,1.0,CLBBB,0.9973401352337291,0.0003112175799432542,0.9029056061080499,0.010850866074155249,54
denoise,full,1.0,CRBBB,0.9970643825149796,0.0005486931655274714,0.8415783251381187,0.029221858233284704,54
denoise,full,1.0,DIG,0.923985083481651,0.0066694052211140695,0.0895429569326605,0.0043621513863535116,18
denoise,full,1.0,EL,0.9011445356021474,0.023310220207855795,0.06061381934237541,0.013069630658509667,9
denoise,full,1.0,ILBBB,0.9027334851936218,0.0014839196151248295,0.2668722509230154,0.07601830857938992,8
denoise,full,1.0,ILMI,0.9549851765919052,0.003995850537142341,0.570638399145223,0.013079176014809261,48
denoise,full,1.0,IMI,0.9366005887873295,0.0016812421443533306,0.6939297780727736,0.006069672475110995,268
denoise,full,1.0,INJAL,0.9848376079531859,0.0004898227174486359,0.5790639029563417,0.032601630362692896,14
denoise,full,1.0,INJAS,0.9907395828991428,0.001510132631256911,0.6170867446845008,0.03594380970930911,22
denoise,full,1.0,INJIL,0.9906860517946389,0.003056252623142575,0.2594466490299824,0.23544226776224977,2
denoise,full,1.0,INJIN,0.9827351203998181,0.009995456610631587,0.05109636124981393,0.034617190289437015,2
denoise,full,1.0,INJLA,0.8764198091776465,0.050336879050818316,0.006021351378908416,0.0025889580272241896,2
denoise,full,1.0,IPLMI,0.8698817106460419,0.052263449757957985,0.14635679880428185,0.08302870936119532,5
denoise,full,1.0,IPMI,0.9156565656565657,0.01877463691055983,0.1493656613045157,0.20265171588549014,3
denoise,full,1.0,IRBBB,0.9720001821866958,0.008013737172744515,0.7205747191945197,0.03442987094994511,112
denoise,full,1.0,ISCAL,0.9440946668368287,0.008008725990105688,0.35299614854302613,0.050931196655727005,66
denoise,full,1.0,ISCAN,0.8373503107473095,0.035426246461571734,0.009010372515707524,0.0004313532507727623,4
denoise,full,1.0,ISCAS,0.9461636438655975,0.011845748116356716,0.20840852647819333,0.006281574428964511,17
denoise,full,1.0,ISCIL,0.9300703449444868,0.011042485911771177,0.261959519076946,0.038581518203205635,18
denoise,full,1.0,ISCIN,0.914982007141567,0.009411003745222444,0.20237655720966985,0.04494891916971211,22
denoise,full,1.0,ISCLA,0.8998564249820532,0.012307479791305982,0.10912562695817486,0.03817919569369932,14
denoise,full,1.0,ISC_,0.9600476907630521,0.00024753183272773307,0.6900920501145204,0.00813168627316947,128
denoise,full,1.0,IVCD,0.737311974063744,0.011655057374818395,0.13161487258613022,0.004434215645650163,79
denoise,full,1.0,LAFB,0.9854910982798027,0.0017522021451557175,0.850603266330881,0.0065988065961031395,163
denoise,full,1.0,LAO/LAE,0.7911350565214518,0.017322998776782655,0.08200453101373788,0.012719576960638112,42
denoise,full,1.0,LMI,0.9087570621468927,0.00983839514909601,0.10067260358166548,0.01583938853027556,20
denoise,full,1.0,LNGQT,0.871709798717098,0.013692999958841176,0.06577955350397453,0.03194267626294441,11
denoise,full,1.0,LPFB,0.9467581998474447,0.006371708154661371,0.4855079219653701,0.018689652164424107,18
denoise,full,1.0,LVH,0.9478706092230006,0.0033501345362962716,0.7161742194152447,0.011398548106176536,214
denoise,full,1.0,NDT,0.9294910638604844,0.002298895164516856,0.569174485046863,0.005711774182827715,183
denoise,full,1.0,NORM,0.9485548902262456,0.0005448447487861744,0.9243908702463729,0.002824115047060744,964
denoise,full,1.0,NST_,0.8571754366674403,0.007005654882801407,0.172607205069604,0.01707294338523402,77
denoise,full,1.0,PMI,0.9881114644858399,0.00391716406372166,0.058741098564936645,0.02005561921510472,2
denoise,full,1.0,RAO/RAE,0.9416020671834625,0.030782365778391208,0.22822205419697214,0.14073617041648964,10
denoise,full,1.0,RVH,0.9516709772300826,0.018133920084112132,0.20997258476457248,0.010464917569500187,12
denoise,full,1.0,SEHYP,0.9893434343434343,0.0068540024255961,0.21138691738578552,0.06006487309193394,3
denoise,full,1.0,WPW,0.8202164009111618,0.013145772851368462,0.5709412966617539,0.138473602431441,8
denoise,partial,0.01,1AVB,0.688879729941906,0.004868820013956453,0.07105709767759587,0.0032854173699076177,80
denoise,partial,0.01,2AVB,0.4217378141083863,0.23467995431891042,0.0008708386083149029,0.00032570249410184264,1
denoise,partial,0.01,3AVB,0.55936695441466,0.12371965709575336,0.004967742329074708,0.002997757646794158,2
denoise,partial,0.01,ALMI,0.7142906237773478,0.046800106191762995,0.032986542387880124,0.007944701538043691,29
denoise,partial,0.01,AMI,0.5643691794060798,0.04762606358643744,0.01947802485213237,0.002345649180102755,35
denoise,partial,0.01,ANEUR,0.8640826873385011,0.022476010388656188,0.023422303993227322,0.004177202444870654,10
denoise,partial,0.01,ASMI,0.8014603241622362,0.027188952701360455,0.2813372932879792,0.018667333334497566,236
denoise,partial,0.01,CLBBB,0.959393975952065,0.03589930894036292,0.4827204025592234,0.22130762484760394,54
denoise,partial,0.01,CRBBB,0.8058528514554574,0.0667790929924766,0.14252041006315702,0.0526612036102665,54
denoise,partial,0.01,DIG,0.7772777354013053,0.010022002617073124,0.020711558122220537,0.0015247810299249898,18
denoise,partial,0.01,EL,0.630355515041021,0.11944426083047596,0.008626810973684623,0.006093850361616659,9
denoise,partial,0.01,ILBBB,0.7324601366742597,0.1826202182680131,0.018459104820952536,0.012641747112610067,8
denoise,partial,0.01,ILMI,0.67030001288992,0.03505644458108037,0.04164283050624432,0.016168252499422647,48
denoise,partial,0.01,IMI,0.6394834612467378,0.07198147179414391,0.18885513048680513,0.056103203517800675,268
denoise,partial,0.01,INJAL,0.8033674867845723,0.019166882700883785,0.030741895528925173,0.01902626681675211,14
denoise,partial,0.01,INJAS,0.7549011434843623,0.09829727833008707,0.04258689413868968,0.03523861175470573,22
denoise,partial,0.01,INJIL,0.8380281690140845,0.08221181145241602,0.0053836049628475935,0.0037998010232961734,2
denoise,partial,0.01,INJIN,0.822959260941996,0.06409896957999363,0.004162486396057331,0.0013908457158657976,2
denoise,partial,0.01,INJLA,0.8446160835983644,0.11274473585097286,0.007924517097595575,0.005379782471954626,2
denoise,partial,0.01,IPLMI,0.5740066727327874,0.060175955719752657,0.03684662286336461,0.05688990759109929,5
denoise,partial,0.01,IPMI,0.7448484848484848,0.04942924932370741,0.006423818632921671,0.004476934125479304,3
denoise,partial,0.01,IRBBB,0.5572564391610303,0.10686177520849728,0.06573046171471524,0.027689455074807676,112
denoise,partial,0.01,ISCAL,0.7935591289592225,0.03598042942013879,0.08728739700630504,0.015654913850551833,66
denoise,partial,0.01,ISCAN,0.5601409731696226,0.05791543710117665,0.0028199595195241324,0.0006452524974579443,4
denoise,partial,0.01,ISCAS,0.7301634285919308,0.09033884273812941,0.018960622920063765,0.005568934709642668,17
denoise,partial,0.01,ISCIL,0.6409780489872023,0.05951064967794692,0.012138266263933504,0.002685427554765809,18
denoise,partial,0.01,ISCIN,0.6340641629499951,0.05050770741884805,0.015471077082373138,0.0025604269185245227,22
denoise,partial,0.01,ISCLA,0.7264352063347038,0.03574947915505445,0.014038666477219375,0.0031689909677573938,14
denoise,partial,0.01,ISC_,0.889964859437751,0.02733781704275141,0.32910534220390303,0.08262655466315917,128
denoise,partial,0.01,IVCD,0.5784543930328097,0.0032684378158260056,0.048206943889501634,0.005450102827447191,79
denoise,partial,0.01,LAFB,0.756596595693492,0.054469184817964054,0.1910127625004229,0.04585424203665063,163
denoise,partial,0.01,LAO/LAE,0.620241216955701,0.05669801670112486,0.045746958811372085,0.015883602554741114,42
denoise,partial,0.01,LMI,0.7036570468773858,0.05265942630911169,0.021418039075875483,0.0036364749160647195,20
denoise,partial,0.01,LNGQT,0.6835738774607387,0.054983735394788756,0.009750081074026482,0.0034802924749383884,11
denoise,partial,0.01,LPFB,0.6327654886007289,0.13810503311042835,0.042898150139340785,0.04957680178102412,18
denoise,partial,0.01,LVH,0.8694165260960203,0.022941916975099563,0.4098972324257168,0.06059166408780261,214
denoise,partial,0.01,NDT,0.6539180147522948,0.041562150174693,0.1164291279537872,0.016303956242184562,183
denoise,partial,0.01,NORM,0.8588689736625597,0.008880221186190383,0.7839049949085787,0.018722849335997837,964
denoise,partial,0.01,NST_,0.6941882200583988,0.0236384725354526,0.06992513534968403,0.005932706072092405,77
denoise,partial,0.01,PMI,0.868998939875814,0.043018684224088485,0.010976379122794595,0.010698921067131703,2
denoise,partial,0.01,RAO/RAE,0.46918984648122813,0.05682282378534618,0.005031300262115497,0.0006408689793618072,10
denoise,partial,0.01,RVH,0.571504640194736,0.10001118430697369,0.04579234369619334,0.06605673381600603,12
denoise,partial,0.01,SEHYP,0.6867171717171717,0.1852743686382953,0.006832596079284278,0.0036211238244815702,3
denoise,partial,0.01,WPW,0.5645785876993167,0.06751789218819493,0.006335554855653537,0.0005859571567986623,8
denoise,partial,0.05,1AVB,0.6981865284974095,0.0449507474659759,0.10345978498396242,0.03159400744113952,80
denoise,partial,0.05,2AVB,0.7582500756887679,0.09229325841929999,0.0020563917051769558,0.0007284878323690997,1
denoise,partial,0.05,3AVB,0.7841132818415871,0.16010683237942025,0.008844335537054495,0.008878282454971761,2
denoise,partial,0.05,ALMI,0.7960721801013017,0.014693993320355949,0.07309778285128442,0.024429871925090097,29
denoise,partial,0.05,AMI,0.6305921630644877,0.00931582697105453,0.03304762602999104,0.010484074729107416,35
denoise,partial,0.05,ANEUR,0.8864113087095303,0.029861703698237985,0.037725948964992706,0.013853247459380285,10
denoise,partial,0.05,ASMI,0.8829320798830421,0.011902409100801273,0.4184228644123305,0.028748425889471574,236
denoise,partial,0.05,CLBBB,0.987321119785832,0.008730263875956974,0.7947078149613391,0.0374084201752558,54
denoise,partial,0.05,CRBBB,0.9817198926862337,0.009509738337172148,0.6804328034123035,0.031235938022807455,54
denoise,partial,0.05,DIG,0.8218747351470465,0.009164058920248614,0.028830983361264616,0.003294507008952937,18
denoise,partial,0.05,EL,0.7315236841216786,0.06558861871237302,0.009965573653411476,0.003815336299703467,9
denoise,partial,0.05,ILBBB,0.7326499620349279,0.04767373138880913,0.01804602119002793,0.006636957437463477,8
denoise,partial,0.05,ILMI,0.7858114204691931,0.03402184281735271,0.10134856204994691,0.02721840453627163,48
denoise,partial,0.05,IMI,0.7262351035520075,0.03365216775020262,0.23696898060236907,0.03830694814237168,268
denoise,partial,0.05,INJAL,0.9112119036742152,0.01370383919313463,0.06054621576913231,0.00555642741681951,14
denoise,partial,0.05,INJAS,0.8799758242674335,0.011234771085299583,0.0752958975989092,0.03791537766774915,22
denoise,partial,0.05,INJIL,0.9103437831288809,0.04964384937098852,0.01673165180094343,0.018438940506670602,2
denoise,partial,0.05,INJIN,0.8988338633954264,0.07982100692879433,0.0201090541034279,0.013354017623246549,2
denoise,partial,0.05,INJLA,0.909965167348175,0.10833443365959615,0.07385062010246188,0.11144086441449548,2
denoise,partial,0.05,IPLMI,0.62669093114953,0.062848955519727,0.005463388288932679,0.002907924420426663,5
denoise,partial,0.05,IPMI,0.8796969696969698,0.03404576135045379,0.02401081187446134,0.019237943138815917,3
denoise,partial,0.05,IRBBB,0.8248943886497688,0.04974210729757932,0.18657870533453313,0.029541318456815388,112
denoise,partial,0.05,ISCAL,0.8533817349914683,0.014316290117140794,0.12666176822397082,0.016938293957367533,66
denoise,partial,0.05,ISCAN,0.666136122479915,0.0384057539347805,0.007450893795165753,0.006174966725747605,4
denoise,partial,0.05,ISCAS,0.8258615431534005,0.027117291017973562,0.0405051203476091,0.0231600407134698,17
denoise,partial,0.05,ISCIL,0.7818459191456903,0.024757330478676266,0.02648731912915381,0.0038755109543369094,18
denoise,partial,0.05,ISCIN,0.6847151014963945,0.04315535665427997,0.02469570538713985,0.0072366321422274275,22
denoise,partial,0.05,ISCLA,0.8119167264895908,0.02477713537190439,0.029971619425694627,0.02010436251325294,14
denoise,partial,0.05,ISC_,0.9431664156626506,0.008737536777676353,0.5390632555463446,0.060601931141792666,128
denoise,partial,0.05,IVCD,0.63193202857438,0.006170309428397881,0.06427550610511264,0.010730772180911518,79
denoise,partial,0.05,LAFB,0.9030268856008661,0.024436350788654658,0.4611112010945062,0.04786268127708855,163
denoise,partial,0.05,LAO/LAE,0.6769242634582756,0.015997068842684495,0.04754622434555062,0.02191153640527284,42
denoise,partial,0.05,LMI,0.6839364788517331,0.03163900302402745,0.0294275625066657,0.01118921088546402,20
denoise,partial,0.05,LNGQT,0.7143331121433313,0.03384575494371047,0.011020850380955736,0.0012392573474795622,11
denoise,partial,0.05,LPFB,0.7492160352572251,0.07788315578980952,0.18814857886679917,0.10317050831471454,18
denoise,partial,0.05,LVH,0.9092289523845324,0.01323197803387658,0.5736329071173066,0.05485513505470463,214
denoise,partial,0.05,NDT,0.7822945409295027,0.009901098010314947,0.18714445874828592,0.016474638008757606,183
denoise,partial,0.05,NORM,0.8892461126795469,0.001000603076643851,0.8294248157042339,0.002478209711603484,964
denoise,partial,0.05,NST_,0.74260953847031,0.01767471780830169,0.09528991706657612,0.01797184812099887,77
denoise,partial,0.05,PMI,0.8897470846584885,0.09687581541593876,0.026435693293425832,0.01675987234325544,2
denoise,partial,0.05,RAO/RAE,0.5657698738410093,0.04291217222525277,0.01611259193827946,0.007629874372827399,10
denoise,partial,0.05,RVH,0.8584740605507378,0.03791528210703336,0.10123854457903454,0.05136928107464059,12
denoise,partial,0.05,SEHYP,0.4975252525252525,0.12309711700224282,0.0025150041658276736,0.0009991398072743542,3
denoise,partial,0.05,WPW,0.5857820804859529,0.08105119894574135,0.021744619397826234,0.014889262324816362,8
denoise,partial,0.1,1AVB,0.7364598053069557,0.014425236156254241,0.1029992058091768,0.006388146323109163,80
denoise,partial,0.1,2AVB,0.7541628822282774,0.0408576353363175,0.0018759147498813233,0.0002901485239575689,1
denoise,partial,0.1,3AVB,0.7501893078903529,0.06806382955749675,0.0039383459826766035,0.0013503690752602647,2
denoise,partial,0.1,ALMI,0.8587512821326228,0.01661659453769344,0.23125690086289744,0.06988318415370089,29
denoise,partial,0.1,AMI,0.7135696714109998,0.04486275313417349,0.039843025020120625,0.00367577329943304,35
denoise,partial,0.1,ANEUR,0.9358869129046967,0.02106096050769504,0.08583848995872788,0.05610523871235605,10
denoise,partial,0.1,ASMI,0.9188312667488131,0.009590006622756154,0.5946078253331911,0.06874771393228288,236
denoise,partial,0.1,CLBBB,0.9943987729004015,0.0011221991741871382,0.839522767539008,0.03130972361735783,54
denoise,partial,0.1,CRBBB,0.989053191550477,0.006152722479581605,0.7257783191591024,0.04782835238369052,54
denoise,partial,0.1,DIG,0.8303669802525638,0.05550826966475693,0.044372498659597796,0.021668317453623884,18
denoise,partial,0.1,EL,0.7455180796110604,0.00809134569733308,0.012709370829338096,0.0034990827572812535,9
denoise,partial,0.1,ILBBB,0.85,0.06672911169326788,0.028230391802259877,0.002059069855387338,8
denoise,partial,0.1,ILMI,0.8728731631863882,0.023169243885521797,0.20323942300903977,0.059619366369634795,48
denoise,partial,0.1,IMI,0.7778121665573939,0.016989801020992575,0.30969081146228256,0.016739772387338668,268
denoise,partial,0.1,INJAL,0.9235136722573909,0.012867045333063654,0.2043055869661079,0.10699793072708859,14
denoise,partial,0.1,INJAS,0.9251941700359857,0.023355344272269752,0.120840167334287,0.050810410170852735,22
denoise,partial,0.1,INJIL,0.9130698167499621,0.05781779095753225,0.016725050477154373,0.010503720605638108,2
denoise,partial,0.1,INJIN,0.9224594881114645,0.06127360395059705,0.015239859119494435,0.008891334544067486,2
denoise,partial,0.1,INJLA,0.8743752839618355,0.09150503494319148,0.04912505479284599,0.036201230220208255,2
denoise,partial,0.1,IPLMI,0.651471034273582,0.03119126187549577,0.006317988142924786,0.00013759505803493915,5
denoise,partial,0.1,IPMI,0.8728282828282827,0.10031176531283623,0.09568325155292823,0.08449851036021344,3
denoise,partial,0.1,IRBBB,0.8552882535127871,0.021011378843519453,0.24127299384148057,0.016071883669523352,112
denoise,partial,0.1,ISCAL,0.8767577506463796,0.011341533457947443,0.14783665271993435,0.017209965071448213,66
denoise,partial,0.1,ISCAN,0.670039411853873,0.09473736543158784,0.006182160995318525,0.003199909086251728,4
denoise,partial,0.1,ISCAS,0.8840392515652189,0.0300338149374006,0.09653024647341533,0.05154428761581198,17
denoise,partial,0.1,ISCIL,0.8540978048987201,0.01797619557070153,0.05629942918717579,0.004903413704482258,18
denoise,partial,0.1,ISCIN,0.7418823725563753,0.08693124957650974,0.037294654852709094,0.016873436963147043,22
denoise,partial,0.1,ISCLA,0.8168439600600405,0.03711836260134908,0.03784902212308523,0.020025737098168198,14
denoise,partial,0.1,ISC_,0.948089859437751,0.002951587111957252,0.5840822997004463,0.017837295964491028,128
denoise,partial,0.1,IVCD,0.6632498192249319,0.00505327197746721,0.09097952618377984,0.013836545144261008,79
denoise,partial,0.1,LAFB,0.9519703075504231,0.00574804895757974,0.6093810036475485,0.05262479502179673,163
denoise,partial,0.1,LAO/LAE,0.7038444870467083,0.03282514865814642,0.04365813204827681,0.004061195049349959,42
denoise,partial,0.1,LMI,0.7081310123683004,0.04106168552287754,0.023537616296671438,0.007598394022858072,20
denoise,partial,0.1,LNGQT,0.7639902676399027,0.028058296059626835,0.016055536945582056,0.0018311717934264842,11
denoise,partial,0.1,LPFB,0.8321976438681243,0.0421872212744613,0.31854437124642493,0.06874402723227874,18
denoise,partial,0.1,LVH,0.9287028814241568,0.0032494314327041235,0.6321920477693165,0.013737688181217206,214
denoise,partial,0.1,NDT,0.821618965175206,0.03659403258511433,0.2426811419515467,0.05878911802664406,183
denoise,partial,0.1,NORM,0.9067135187994602,0.0007900129970643889,0.8624614203148205,0.0017091397881417087,964
denoise,partial,0.1,NST_,0.7752562583230503,0.017446845531407826,0.11476779227453025,0.009240720445669984,77
denoise,partial,0.1,PMI,0.868468877782826,0.10596840890006119,0.015873887381253855,0.012407175401036068,2
denoise,partial,0.1,RAO/RAE,0.6908344733242134,0.0959417950130307,0.04613286283133066,0.06423970658621776,10
denoise,partial,0.1,RVH,0.9132435721892591,0.012854214807852392,0.14941761434831932,0.05382848333339531,12
denoise,partial,0.1,SEHYP,0.6097979797979799,0.09411046658271478,0.11334776578362533,0.19204531437710487,3
denoise,partial,0.1,WPW,0.5859149582384205,0.0667071247031415,0.028615168214381464,0.03349462056211453,8
denoise,partial,0.25,1AVB,0.7414704035170357,0.010029990385972,0.09591884657165965,0.005092894774094611,80
denoise,partial,0.25,2AVB,0.7609748713290948,0.0997669838377592,0.002139707034265743,0.0009026532926770585,1
denoise,partial,0.25,3AVB,0.9086021505376344,0.03374849481309314,0.011614789321625492,0.004170955373749324,2
denoise,partial,0.25,ALMI,0.8946827184383889,0.01731194257251645,0.3036558236188536,0.008449190191735761,29
denoise,partial,0.25,AMI,0.7442013705851345,0.017237335745001928,0.06102450240622778,0.02324164206105093,35
denoise,partial,0.25,ANEUR,0.941298069615443,0.010101357059070731,0.10954767423069196,0.04376063151802169,10
denoise,partial,0.25,ASMI,0.9287577658483624,0.00571722636781647,0.5889469584229072,0.006624332429173803,236
denoise,partial,0.25,CLBBB,0.9958349849772218,0.00029328280533387366,0.8579105721869866,0.0009090108517936836,54
denoise,partial,0.25,CRBBB,0.9925489317454573,0.002589921680151291,0.7720495862173585,0.017940566668335472,54
denoise,partial,0.25,DIG,0.8486058140520383,0.00721818996097479,0.04202896533843505,0.005214178186948282,18
denoise,partial,0.25,EL,0.7911982173604781,0.06615806485948877,0.01753437084198711,0.006030082191154753,9
denoise,partial,0.25,ILBBB,0.9326499620349278,0.016207706824226127,0.09484981463948734,0.04592192937579649,8
denoise,partial,0.25,ILMI,0.9010730858468677,0.01602656013938692,0.2446462231055476,0.0862023321438643,48
denoise,partial,0.25,IMI,0.8000057850283467,0.013915276929856113,0.355128264819148,0.015950031260833043,268
denoise,partial,0.25,INJAL,0.9356740412016794,0.009553735087385084,0.29080067865414627,0.051018830044309606,14
denoise,partial,0.25,INJAS,0.9353507565337001,0.008066440022420646,0.19027458503885208,0.03378552476911128,22
denoise,partial,0.25,INJIL,0.9384370740572466,0.04400935766267241,0.01845780090738729,0.009786432907051095,2
denoise,partial,0.25,INJIN,0.976450098440103,0.020102037871922444,0.26451725780994073,0.348624325285612,2
denoise,partial,0.25,INJLA,0.91556868090262,0.03275680808370825,0.009745860490793368,0.0033186684106874856,2
denoise,partial,0.25,IPLMI,0.7331816803154383,0.04332971684122566,0.10938712867486239,0.10395472561987187,5
denoise,partial,0.25,IPMI,0.916060606060606,0.06103240193796837,0.02671162435545532,0.016102462618974602,3
denoise,partial,0.25,IRBBB,0.8744591332467947,0.007854796344255842,0.2473490670189474,0.0349443489997283,112
denoise,partial,0.25,ISCAL,0.8868563973851761,0.0057501389468008635,0.16241616449774102,0.003841391746400852,66
denoise,partial,0.25,ISCAN,0.7417386690920115,0.04733879522867582,0.01892270313336168,0.023451096945308267,4
denoise,partial,0.25,ISCAS,0.9200617117844393,0.0283826759063279,0.15097182819821464,0.036926732689439946,17
denoise,partial,0.25,ISCIL,0.8782439189761844,0.02649948395267454,0.0910218929054103,0.031073501653922916,18
denoise,partial,0.25,ISCIN,0.7722965556528143,0.012627059075122724,0.0391762931837688,0.010326601603974826,22
denoise,partial,0.25,ISCLA,0.8343340077008419,0.011406140153803654,0.030425589880658216,0.006529100718102914,14
denoise,partial,0.25,ISC_,0.9508107429718876,0.0024842960024717415,0.5854735058053062,0.01293675276265879,128
denoise,partial,0.25,IVCD,0.6822570263891868,0.009757936209427437,0.09369445089514698,0.02052862349853646,79
denoise,partial,0.25,LAFB,0.9584902161273506,0.007734911286087892,0.6592615663505418,0.04018045811615668,163
denoise,partial,0.25,LAO/LAE,0.6959483778086276,0.009842110281373438,0.043825595080848746,0.0038489402226861936,42
denoise,partial,0.25,LMI,0.7583676897236219,0.049780444598581136,0.043641593387386324,0.025236447394024364,20
denoise,partial,0.25,LNGQT,0.8066246405662464,0.02325109074524178,0.016611839873947692,0.0013659136843934153,11
denoise,partial,0.25,LPFB,0.9130434782608695,0.016140870761650182,0.3729461031967443,0.031224873777305127,18
denoise,partial,0.25,LVH,0.9312989354220801,0.005747196280236087,0.6431329797357765,0.02097716050637873,214
denoise,partial,0.25,NDT,0.8411116521488214,0.011830633395565041,0.2582348414600109,0.034487476892943986,183
denoise,partial,0.25,NORM,0.9027656377505172,0.003995968029558319,0.8559200382802832,0.007461199521318694,964
denoise,partial,0.25,NST_,0.7890048176971978,0.017928698307664415,0.12607031662972737,0.014147406999306344,77
denoise,partial,0.25,PMI,0.9737997879751629,0.022195669997429415,0.10424773552408212,0.11542413928541789,2
denoise,partial,0.25,RAO/RAE,0.7712114303085577,0.0786587274811732,0.03890008618952317,0.01770908366141111,10
denoise,partial,0.25,RVH,0.9315761448349308,0.03166921436259849,0.24152439436089904,0.04794963440429398,12
denoise,partial,0.25,SEHYP,0.785,0.021331374737915125,0.009437920381268517,0.008921323808428446,3
denoise,partial,0.25,WPW,0.7009681093394078,0.05950403777882348,0.03558724359577517,0.014927453313936067,8
denoise,partial,1.0,1AVB,0.7603018527241326,0.00640897337658368,0.11465923190110401,0.00756288889045474,80
denoise,partial,1.0,2AVB,0.7768695125643355,0.21705891753896525,0.006788494974682681,0.008828238340199175,1
denoise,partial,1.0,3AVB,0.975995759503256,0.018986439480979674,0.052025293093277664,0.031572819071527966,2
denoise,partial,1.0,ALMI,0.8993777030527975,0.028230877565802365,0.3164362441013326,0.10359086565467811,29
denoise,partial,1.0,AMI,0.8215076436478651,0.03214666896075469,0.07987445196463704,0.007300931413025874,35
denoise,partial,1.0,ANEUR,0.9288493692050465,0.0037647555172875768,0.16291038777002845,0.04280669058154553,10
denoise,partial,1.0,ASMI,0.9522951438854087,0.006861087751715157,0.6812712465113253,0.062249587909817064,236
denoise,partial,1.0,CLBBB,0.9964065973837961,0.0006569504697291421,0.8669556315708095,0.009273846392442754,54
denoise,partial,1.0,CRBBB,0.9950881546972753,0.0016684828718730527,0.8111326470881663,0.03037362672456859,54
denoise,partial,1.0,DIG,0.8659716925163149,0.006006233792589782,0.044034978851761074,0.006778096762133174,18
denoise,partial,1.0,EL,0.8042979168776799,0.012953205144026342,0.07529228411149966,0.028745975266718994,9
denoise,partial,1.0,ILBBB,0.9209567198177676,0.01158096507110908,0.13443320311683887,0.044595416774517234,8
denoise,partial,1.0,ILMI,0.9239075792730085,0.017267014126186166,0.27014195212922937,0.09953379510031105,48
denoise,partial,1.0,IMI,0.8415307185005206,0.009816670002236223,0.44923933273806815,0.012012055811946469,268
denoise,partial,1.0,INJAL,0.93490178163545,0.007341324202826921,0.45390343556166685,0.03861650036971045,14
denoise,partial,1.0,INJAS,0.9699123282341989,0.003316712388008324,0.402474808504345,0.02583535300579588,22
denoise,partial,1.0,INJIL,0.955550507345146,0.024900025986692838,0.026456526482422346,0.017418042983568638,2
denoise,partial,1.0,INJIN,0.983643798273512,0.0042072374324061985,0.054784383077393826,0.031028221472204288,2
denoise,partial,1.0,INJLA,0.8421929426018476,0.036880131213924715,0.007538628599541702,0.003444961118289966,2
denoise,partial,1.0,IPLMI,0.8291477100394298,0.029830931160853207,0.14156860694387916,0.0986905793897046,5
denoise,partial,1.0,IPMI,0.9480808080808081,0.01644294287438755,0.08031859787540013,0.03477992935458268,3
denoise,partial,1.0,IRBBB,0.9157927398601716,0.005094299316769313,0.3610515351098309,0.02962534541742494,112
denoise,partial,1.0,ISCAL,0.9159092090772015,0.00375118744014806,0.19973082290549016,0.026042316083709643,66
denoise,partial,1.0,ISCAN,0.7871001970592694,0.03836164220993147,0.009216316442025049,0.006058909920305062,4
denoise,partial,1.0,ISCAS,0.9461098254489353,0.005908782600441324,0.12645427571620865,0.032693448353405784,17
denoise,partial,1.0,ISCIL,0.9087549792355284,0.012544326331370356,0.16518877970196252,0.016229199065619662,18
denoise,partial,1.0,ISCIN,0.8553971628249483,0.007051960268157797,0.10330224849169413,0.03472236512042508,22
denoise,partial,1.0,ISCLA,0.8850638473754051,0.020023820688734723,0.05904235093651742,0.005128059799068852,14
denoise,partial,1.0,ISC_,0.9582555220883534,0.00373454564675583,0.6545104378157408,0.02494929863178734,128
denoise,partial,1.0,IVCD,0.709838136785144,0.02038499036647219,0.11780236319666483,0.029947687432143395,79
denoise,partial,1.0,LAFB,0.9767507718833954,0.003196128681180274,0.7743385431643476,0.01939356578033793,163
denoise,partial,1.0,LAO/LAE,0.7207348155983047,0.009260090740375896,0.04947093147108506,0.004171463108535536,42
denoise,partial,1.0,LMI,0.8125973431058178,0.03144706546509557,0.0750041842608563,0.018974155693466378,20
denoise,partial,1.0,LNGQT,0.836208803362088,0.006545181031821601,0.02633821461248882,0.008868314326312044,11
denoise,partial,1.0,LPFB,0.9418171031443343,0.01801495771413925,0.48228087263324504,0.03747531576496786,18
denoise,partial,1.0,LVH,0.9445932378862562,0.004966313033735587,0.6959427557018324,0.018126972086723057,214
denoise,partial,1.0,NDT,0.8971721762340169,0.01349927261150564,0.45684590575692324,0.059652875294735425,183
denoise,partial,1.0,NORM,0.9190666244696063,0.00547426741714607,0.8822028359641574,0.007190091516536813,964
denoise,partial,1.0,NST_,0.8125394517680501,0.008227097032228507,0.14025300831017437,0.006650385987012832,77
denoise,partial,1.0,PMI,0.9956837800999546,0.002167058612941641,0.30337301587301585,0.20646469219506963,2
denoise,partial,1.0,RAO/RAE,0.8180574555403557,0.054204273131187294,0.09290612870836201,0.02781847728867176,10
denoise,partial,1.0,RVH,0.9736675287793499,0.0016771107289226053,0.23973618824060647,0.04668815889798053,12
denoise,partial,1.0,SEHYP,0.9843939393939394,0.004484438965742092,0.05895935851077328,0.015627929090727473,3
denoise,partial,1.0,WPW,0.8199696279422932,0.019320044360697262,0.11165505696081075,0.05384045206564183,8
mask,frozen,0.01,1AVB,0.6624882242110223,0.06345354060545788,0.07992420742403988,0.01857481180039214,80
mask,frozen,0.01,2AVB,0.89585225552528,0.11557593055258755,0.009217094301525173,0.007241556160512311,1
mask,frozen,0.01,3AVB,0.8792972891110101,0.10619008392070478,0.032486941888660255,0.023212524820114662,2
mask,frozen,0.01,ALMI,0.6733945584705348,0.036750339048875647,0.029469614297391967,0.0017945019109465103,29
mask,frozen,0.01,AMI,0.5883346512036549,0.024596229013630004,0.025082804981920743,0.006086123684190839,35
mask,frozen,0.01,ANEUR,0.6746466028271775,0.0943523890674586,0.009044280303526338,0.0028710739886249376,10
mask,frozen,0.01,ASMI,0.8090197294914105,0.0024048561982569824,0.3298406358100163,0.02214835486614564,236
mask,frozen,0.01,CLBBB,0.9236825626619329,0.0803571225584029,0.4598019422294963,0.23610088068606558,54
mask,frozen,0.01,CRBBB,0.9426549241967267,0.04690088291123197,0.5325828135126279,0.18384511541316487,54
mask,frozen,0.01,DIG,0.7956775997965929,0.04686404197537201,0.029302543977421686,0.006734265062570474,18
mask,frozen,0.01,EL,0.8117931057766974,0.026895781999120155,0.013512408562349825,0.0020525826930639164,9
mask,frozen,0.01,ILBBB,0.5259301442672741,0.09209437775154332,0.008898904017891137,0.005306186665114806,8
mask,frozen,0.01,ILMI,0.6987593451920598,0.03394784634141418,0.06481651408492894,0.02550937375024321,48
mask,frozen,0.01,IMI,0.6311954439687866,0.010615754234665143,0.17665710550274313,0.0029870328861107413,268
mask,frozen,0.01,INJAL,0.7975157171137072,0.06777431427719567,0.04632432631915407,0.023995421055587798,14
mask,frozen,0.01,INJAS,0.8798994067219651,0.01895119857260942,0.1347021830320854,0.03299385355182495,22
mask,frozen,0.01,INJIL,0.9341965773133424,0.028665090522686988,0.013067857063037243,0.006635651530384696,2
mask,frozen,0.01,INJIN,0.9586551567469334,0.04830704129966572,0.1081963096381852,0.15651717309413402,2
mask,frozen,0.01,INJLA,0.5826896865061336,0.23186325307825445,0.002602279269019827,0.001899122736379137,2
mask,frozen,0.01,IPLMI,0.4104943888383379,0.18164792361818544,0.002720880100820208,0.0011113661687319103,5
mask,frozen,0.01,IPMI,0.8298484848484847,0.10611740903141599,0.055217713141243935,0.06456688068320163,3
mask,frozen,0.01,IRBBB,0.5934048416114414,0.04325735890467416,0.08371883574257029,0.018217846355321383,112
mask,frozen,0.01,ISCAL,0.8049564432344031,0.047498410445755625,0.12795380755743815,0.02367286121340491,66
mask,frozen,0.01,ISCAN,0.5655601030771563,0.15004669380994215,0.0031556581529856276,0.0012436745949944812,4
mask,frozen,0.01,ISCAS,0.872297866996753,0.020364321611337007,0.052697297044797774,0.019261508833874195,17
mask,frozen,0.01,ISCIL,0.6455208068480379,0.051207782070946166,0.014085825460181509,0.002729925755390652,18
mask,frozen,0.01,ISCIN,0.6197740819473969,0.060719602294984146,0.031147265571705263,0.027103069394392974,22
mask,frozen,0.01,ISCLA,0.6974482803628531,0.07066690917550957,0.025978625336165326,0.01911822360321639,14
mask,frozen,0.01,ISC_,0.8831388052208835,0.02238326455526963,0.2786044698089267,0.03145612734276223,128
mask,frozen,0.01,IVCD,0.5809276343496468,0.030963184272720927,0.05048617958269657,0.011938518085136478,79
mask,frozen,0.01,LAFB,0.8509889129475922,0.042346285023500393,0.345205307348579,0.045062686152194054,163
mask,frozen,0.01,LAO/LAE,0.6069849349580956,0.07127440537915664,0.03048612275663659,0.0046866388671844466,42
mask,frozen,0.01,LMI,0.5463276836158192,0.02947284685619353,0.011312533641374788,0.0016071541419534245,20
mask,frozen,0.01,LNGQT,0.7324015704490158,0.12065124777591146,0.020037893432565786,0.00227983513409107,11
mask,frozen,0.01,LPFB,0.5766420883125688,0.2285561740195433,0.08063296953125232,0.07303591651550867,18
mask,frozen,0.01,LVH,0.8247064462017732,0.05265432679424371,0.35197633838542325,0.06610401588299374,214
mask,frozen,0.01,NDT,0.7359591696874604,0.03463458399811184,0.17889283223464728,0.0476443256555537,183
mask,frozen,0.01,NORM,0.8664024885102316,0.003956271750910876,0.7886661935570661,0.0015395192496879882,964
mask,frozen,0.01,NST_,0.7117424751479314,0.023099544907055326,0.08206472569108914,0.00823634892804851,77
mask,frozen,0.01,PMI,0.8496895350598214,0.14955626227434085,0.2714848189697929,0.25003396345569434,2
mask,frozen,0.01,RAO/RAE,0.5686426508587931,0.04729014885201798,0.010753862513260654,0.004302920847644773,10
mask,frozen,0.01,RVH,0.6562072113190324,0.23815476114783304,0.06533975375391701,0.0863510844262166,12
mask,frozen,0.01,SEHYP,0.5557575757575758,0.18384052057810304,0.002944515392892017,0.0016663943131604475,3
mask,frozen,0.01,WPW,0.49529233105542897,0.032619465370950146,0.005990746926728643,0.002857600964861207,8
mask,frozen,0.05,1AVB,0.7042785366619565,0.06823169509885987,0.10429631335115325,0.016982370447544685,80
mask,frozen,0.05,2AVB,0.7456857402361491,0.2804249541204458,0.0038520235815329095,0.003156062493708774,1
mask,frozen,0.05,3AVB,0.859760714826594,0.10336019423297929,0.17405112991876556,0.2914966736996684,2
mask,frozen,0.05,ALMI,0.8172101851558122,0.026809373353522913,0.10722812416592492,0.049814992894829914,29
mask,frozen,0.05,AMI,0.6298805130908453,0.007988743938864477,0.027767048455704966,0.007091859203049098,35
mask,frozen,0.05,ANEUR,0.9327253381972943,0.030532602272710267,0.06390891768742024,0.04575028026937191,10
mask,frozen,0.05,ASMI,0.860296947658972,0.012169084365194165,0.4261565693879026,0.042549140911240936,236
mask,frozen,0.05,CLBBB,0.9898402357685745,0.0007974120546447361,0.7418378002194411,0.01950966279226788,54
mask,frozen,0.05,CRBBB,0.993404914143242,0.00022837126898298983,0.8070494532335385,0.02342666408802231,54
mask,frozen,0.05,DIG,0.8086193745232647,0.05027351751937624,0.03996781392274995,0.008194411976028798,18
mask,frozen,0.05,EL,0.8164353961983862,0.054377707379002,0.01839185995250332,0.007097271176425165,9
mask,frozen,0.05,ILBBB,0.7526955201214882,0.14652222670322007,0.030995432166475614,0.026279220408788103,8
mask,frozen,0.05,ILMI,0.8109177623098737,0.004210670508053504,0.08779113833202222,0.013940283888672843,48
mask,frozen,0.05,IMI,0.6877093858871021,0.01551578830315334,0.1979073588475365,0.013447946359925708,268
mask,frozen,0.05,INJAL,0.8748939502708346,0.043781735649676884,0.11678040611004792,0.07842268750005654,14
mask,frozen,0.05,INJAS,0.9281049838133745,0.020080339581880092,0.1729951840355295,0.04060326640770836,22
mask,frozen,0.05,INJIL,0.9557019536574284,0.025584567424445384,0.04009378881583141,0.047005855145468345,2
mask,frozen,0.05,INJIN,0.8022111161593215,0.10048425728639952,0.004236536007057753,0.001971370679314208,2
mask,frozen,0.05,INJLA,0.8150840527033166,0.12990101628953415,0.0059760666413027075,0.003651836456426761,2
mask,frozen,0.05,IPLMI,0.5474067333939946,0.05166412130020487,0.0035264646449059945,0.0005450222368969037,5
mask,frozen,0.05,IPMI,0.8661616161616162,0.09579333017443101,0.06866475876347944,0.08776080823160351,3
mask,frozen,0.05,IRBBB,0.753454430552709,0.02350993625517005,0.157560986821318,0.00959105943256338,112
mask,frozen,0.05,ISCAL,0.8619300161181304,0.009978191394759034,0.1324980324941241,0.010032520633958415,66
mask,frozen,0.05,ISCAN,0.6714036683340913,0.040424585296150554,0.0036241946347806892,0.0006559939176752655,4
mask,frozen,0.05,ISCAS,0.8871338105232943,0.03890257587970694,0.05985560674177106,0.029730988760628584,17
mask,frozen,0.05,ISCIL,0.8271294177472667,0.031906677767140575,0.042099868410231576,0.01843684630229105,18
mask,frozen,0.05,ISCIN,0.7637100023619969,0.062014890651050134,0.05171112219059159,0.02476478946168377,22
mask,frozen,0.05,ISCLA,0.7809284517827232,0.04198290390040528,0.017926206392934838,0.006093070232479213,14
mask,frozen,0.05,ISC_,0.923448795180723,0.0053607424322051475,0.4489707918199228,0.024924965864260764,128
mask,frozen,0.05,IVCD,0.6212921245639548,0.009301480416810809,0.06243737912889861,0.003962265881552806,79
mask,frozen,0.05,LAFB,0.9328476482617587,0.007294513049001423,0.515874212947063,0.02225428815485803,163
mask,frozen,0.05,LAO/LAE,0.6560271185444716,0.02194861264358788,0.038719241369442346,0.009384418816290926,42
mask,frozen,0.05,LMI,0.6348068407390443,0.03455528269724542,0.016965865827659566,0.0034611394022617745,20
mask,frozen,0.05,LNGQT,0.7930352798053528,0.06968142107954094,0.02239305405353215,0.0006682724532348882,11
mask,frozen,0.05,LPFB,0.8500635647088736,0.10627328301117911,0.31714285331798725,0.09174266952120644,18
mask,frozen,0.05,LVH,0.8900400802544838,0.01153490421745614,0.49955803064276544,0.014660893136866873,214
mask,frozen,0.05,NDT,0.8264405129037494,0.017524667237923907,0.2584103970031288,0.04700482823454437,183
mask,frozen,0.05,NORM,0.888944565565636,0.003225205797853088,0.8255251936435949,0.011919959797672257,964
mask,frozen,0.05,NST_,0.7637801207885874,0.01569154264454606,0.10898792731832746,0.0242849421931679,77
mask,frozen,0.05,PMI,0.8268211419051945,0.08440815753820938,0.01015773016859695,0.010831140621621655,2
mask,frozen,0.05,RAO/RAE,0.7422708618331053,0.04164692346031401,0.037526321586973076,0.016331496700936376,10
mask,frozen,0.05,RVH,0.9225239616613418,0.023867689114000567,0.1463619432882605,0.03510292109750303,12
mask,frozen,0.05,SEHYP,0.7116666666666666,0.09868010946322002,0.005698976050887548,0.002884124643748676,3
mask,frozen,0.05,WPW,0.6032649962034928,0.23913535714314857,0.014777322288074558,0.014055693717604638,8
mask,frozen,0.1,1AVB,0.7515573480923222,0.030267455808577922,0.11886474489911403,0.013053117136878623,80
mask,frozen,0.1,2AVB,0.8455949137148048,0.02513368592556171,0.0029885498558360475,0.0005188068619777208,1
mask,frozen,0.1,3AVB,0.7631379675904891,0.1696653820563909,0.011411091985676537,0.01259255855368011,2
mask,frozen,0.1,ALMI,0.8566258499085323,0.01937682031496152,0.17298865185811327,0.07674645581103649,29
mask,frozen,0.1,AMI,0.6447812335266211,0.03213710208934266,0.02606846044664146,0.001600309099605282,35
mask,frozen,0.1,ANEUR,0.9350053199574404,0.02237777803198427,0.11985383928273796,0.0942680217576696,10
mask,frozen,0.1,ASMI,0.8739932760606504,0.01937747633956109,0.4887019900347365,0.010470087198456709,236
mask,frozen,0.1,CLBBB,0.9925403144729964,0.0006794725255140993,0.7942932340075051,0.00633095597903706,54
mask,frozen,0.1,CRBBB,0.9918423154036619,0.0026274815979280904,0.7853996751835832,0.047277348224914,54
mask,frozen,0.1,DIG,0.8535384354606322,0.01634345126046088,0.04402436024335404,0.006663343421272515,18
mask,frozen,0.1,EL,0.854907323002127,0.009186955476835863,0.039976914092813426,0.022297567221331423,9
mask,frozen,0.1,ILBBB,0.9401860288534548,0.007560174808533636,0.06729032565365102,0.030290876843376575,8
mask,frozen,0.1,ILMI,0.825325470482083,0.01331642875630204,0.10262721615516297,0.01637527883385328,48
mask,frozen,0.1,IMI,0.6908056616144086,0.006170711365635356,0.2054080263351972,0.008027910878326248,268
mask,frozen,0.1,INJAL,0.9138223585459766,0.02470548078671713,0.12195070394048513,0.08127452706921616,14
mask,frozen,0.1,INJAS,0.9343156461450821,0.017184349702389412,0.1642350148464894,0.01780617604433203,22
mask,frozen,0.1,INJIL,0.9323034984098136,0.010806678684476385,0.015554513456625604,0.0054794955624912186,2
mask,frozen,0.1,INJIN,0.672497349689535,0.23529212258731752,0.007025561998668454,0.009665748395127911,2
mask,frozen,0.1,INJLA,0.8028926245645919,0.048780819571381626,0.004570443919074674,0.0021842730834696353,2
mask,frozen,0.1,IPLMI,0.556960873521383,0.054778203670868886,0.0034875106638587628,0.0005901824077239214,5
mask,frozen,0.1,IPMI,0.8301515151515151,0.07333035931860793,0.17879880582839167,0.16118536371804096,3
mask,frozen,0.1,IRBBB,0.776950820978798,0.022709572746849014,0.16987014932585298,0.01872668513089017,112
mask,frozen,0.1,ISCAL,0.8765214144250176,0.0057728168716745494,0.1568280737955746,0.014766823945481272,66
mask,frozen,0.1,ISCAN,0.6908064271638623,0.006853732626386014,0.004444166725769825,0.0009446117489043995,4
mask,frozen,0.1,ISCAS,0.9084010548409666,0.009275171227938058,0.07010599998198058,0.011796771296914678,17
mask,frozen,0.1,ISCIL,0.8776591236545469,0.018528550394831235,0.0530490682811715,0.010158392340474352,18
mask,frozen,0.1,ISCIN,0.8022800216747946,0.03607933934427313,0.0564521926627563,0.02305696399193039,22
mask,frozen,0.1,ISCLA,0.7806674062955471,0.058674304482870955,0.021589336104587933,0.006046166332112572,14
mask,frozen,0.1,ISC_,0.9287223895582329,0.0033530907250331993,0.48132229789969655,0.01321416627570555,128
mask,frozen,0.1,IVCD,0.6373215094519536,0.019179280126417758,0.06106009861921532,0.003453921399255641,79
mask,frozen,0.1,LAFB,0.9425874132884237,0.004246431760331162,0.569205640514676,0.052397663092037194,163
mask,frozen,0.1,LAO/LAE,0.686414284979764,0.004481023908897564,0.055168099334790666,0.005506640646678197,42
mask,frozen,0.1,LMI,0.6244388456252863,0.012961443739598032,0.01863569383889887,0.0056012079575791275,20
mask,frozen,0.1,LNGQT,0.8039565361645654,0.03893968704614065,0.022002493337557882,0.008408273713941428,11
mask,frozen,0.1,LPFB,0.9074243579964404,0.06657820405856126,0.3768077945222421,0.06257859909567713,18
mask,frozen,0.1,LVH,0.898364681762153,0.0060401978697182945,0.5199018192571613,0.02106026882762249,214
mask,frozen,0.1,NDT,0.8396346191996248,0.010395898935081102,0.294180564133435,0.03975535416850137,183
mask,frozen,0.1,NORM,0.8962783978959519,0.007408220287351644,0.8353559720195446,0.012516749345657855,964
mask,frozen,0.1,NST_,0.7811124278668963,0.010650825241128318,0.126737967067715,0.008368072165948169,77
mask,frozen,0.1,PMI,0.8339391185824625,0.03800797080842956,0.009547547054173678,0.00374138404272551,2
mask,frozen,0.1,RAO/RAE,0.7539291685666515,0.040228010925853895,0.030666247571800313,0.012126989008252886,10
mask,frozen,0.1,RVH,0.9132182159338709,0.0318593377726226,0.1474927168833783,0.05257526971097787,12
mask,frozen,0.1,SEHYP,0.692121212121212,0.20027168186359703,0.11868827431056911,0.18676411664706394,3
mask,frozen,0.1,WPW,0.632422171602126,0.04685145635528202,0.012022382691652086,0.0059336999100918445,8
mask,frozen,0.25,1AVB,0.7785209609043805,0.009202982504489587,0.11006960203893905,0.008620724942651904,80
mask,frozen,0.25,2AVB,0.818346957311535,0.06731740454934908,0.0027752763341735774,0.0011631673133957517,1
mask,frozen,0.25,3AVB,0.951915795850371,0.03842478274290377,0.0860881350167868,0.056219774861701675,2
mask,frozen,0.25,ALMI,0.8669569309181656,0.004851144827390764,0.21466129997784664,0.023384496790360424,29
mask,frozen,0.25,AMI,0.6664821648216482,0.031626697597399986,0.028282057066571237,0.004260100724253076,35
mask,frozen,0.25,ANEUR,0.9431524547803617,0.006627077258244519,0.11339271313511344,0.043457257255631564,10
mask,frozen,0.25,ASMI,0.8971048429022371,0.004754879066078168,0.5544494266133765,0.014262165021379522,236
mask,frozen,0.25,CLBBB,0.992758618708673,0.00014683117521357736,0.8121798838275351,0.018130739600296906,54
mask,frozen,0.25,CRBBB,0.994378665931326,0.0011311407915251858,0.8353724179544254,0.028542817086163855,54
mask,frozen,0.25,DIG,0.838977879481312,0.005408785284830319,0.07201958494769108,0.024955736670537118,18
mask,frozen,0.25,EL,0.8394780377460412,0.059208910259804244,0.039138701709516506,0.0233042372794127,9
mask,frozen,0.25,ILBBB,0.9298974943052393,0.019437329067058032,0.15512389014475192,0.09968948227760852,8
mask,frozen,0.25,ILMI,0.8382862851250321,0.008811225063840503,0.14586226803436797,0.015067422519523872,48
mask,frozen,0.25,IMI,0.7126203607286565,0.006467394435572367,0.22265649021416256,0.009434187167936273,268
mask,frozen,0.25,INJAL,0.9304313776675586,0.015296693387143094,0.25882644527137644,0.050399402969895465,14
mask,frozen,0.25,INJAS,0.9420893946340989,0.014293235027069365,0.2089962753362138,0.04002199918064019,22
mask,frozen,0.25,INJIL,0.950401332727548,0.022813666585068004,0.019650373563619834,0.008799649365911214,2
mask,frozen,0.25,INJIN,0.9532788126609116,0.04263913030210687,0.07539118875860823,0.110068181749181,2
mask,frozen,0.25,INJLA,0.8425715583825534,0.09317244349770898,0.006857604538199146,0.004104690807208482,2
mask,frozen,0.25,IPLMI,0.6477403700333637,0.010101866952097518,0.00541659008348207,0.0010532061643323022,5
mask,frozen,0.25,IPMI,0.932020202020202,0.027024260999764793,0.02878314316601512,0.015863306146790164,3
mask,frozen,0.25,IRBBB,0.7930729202250006,0.02689974846538689,0.19659264216644826,0.016627655682044634,112
mask,frozen,0.25,ISCAL,0.8786153533462846,0.0003074460833441197,0.1645760133509455,0.011268095985511227,66
mask,frozen,0.25,ISCAN,0.7301803850234956,0.012603658003537443,0.005462387444849823,0.0013230993667501451,4
mask,frozen,0.25,ISCAS,0.9269594388533089,0.014083991043046157,0.1015324140097164,0.02892885554243564,17
mask,frozen,0.25,ISCIL,0.9026103907110773,0.011081787073038194,0.09943764130666828,0.02863942541848376,18
mask,frozen,0.25,ISCIN,0.8160351798591138,0.022340593568386646,0.08315501047188904,0.03481690333824849,22
mask,frozen,0.25,ISCLA,0.8212599795514368,0.029836874208222234,0.02424765800645853,0.004253067116990854,14
mask,frozen,0.25,ISC_,0.9379354919678714,0.00500395392350592,0.5193059518193913,0.015129506184354598,128
mask,frozen,0.25,IVCD,0.6423434805756196,0.014713609597250788,0.07034691320790452,0.012158283942170497,79
mask,frozen,0.25,LAFB,0.9477249488752557,0.0021124509898178454,0.6171450315605207,0.02385499134182665,163
mask,frozen,0.25,LAO/LAE,0.7146456299626127,0.015281341885037573,0.047699784961593494,0.007296797751189624,42
mask,frozen,0.25,LMI,0.6836998014964117,0.00811785058416142,0.0222810686584717,0.005298849351145515,20
mask,frozen,0.25,LNGQT,0.8368447246184472,0.03975992433082328,0.05267429201122995,0.03527225656425941,11
mask,frozen,0.25,LPFB,0.9324603779981354,0.017122635225341742,0.41640960149195205,0.037511863127371925,18
mask,frozen,0.25,LVH,0.9086791997732074,0.006733821601573466,0.5446158840561662,0.012161572694113778,214
mask,frozen,0.25,NDT,0.8542958394200076,0.005889977655663161,0.3125396402364768,0.03500973487885711,183
mask,frozen,0.25,NORM,0.8998383562347273,0.0029198802353571874,0.8437926519818616,0.0033596820182318255,964
mask,frozen,0.25,NST_,0.7964125870993227,0.01092720139013289,0.14189980257233445,0.011739096733919999,77
mask,frozen,0.25,PMI,0.9187490534605484,0.03352603721897471,0.033869712266161235,0.017147608334162286,2
mask,frozen,0.25,RAO/RAE,0.8491412068703451,0.03290993415293373,0.032487930547541774,0.00685344889847847,10
mask,frozen,0.25,RVH,0.9414777625640246,0.00490957937223164,0.160384227776193,0.021126022491249844,12
mask,frozen,0.25,SEHYP,0.7498989898989898,0.20538175463319663,0.03668541839296048,0.051143195790054066,3
mask,frozen,0.25,WPW,0.7268413059984814,0.055418255086537416,0.030425299888113256,0.017294291866670315,8
mask,frozen,1.0,1AVB,0.8261088867954154,0.032624421873093216,0.14440447819062166,0.026628219863944157,80
mask,frozen,1.0,2AVB,0.8077505298213744,0.07254949024505061,0.0026587037648145226,0.0012153981038307586,1
mask,frozen,1.0,3AVB,0.9936392548841435,0.00443417112583897,0.14448717948717948,0.11704864521171601,2
mask,frozen,1.0,ALMI,0.8916584715921708,0.012505481284214914,0.23884272599539416,0.031522179799765536,29
mask,frozen,1.0,AMI,0.6799595853101388,0.029729826428938916,0.02761866148670355,0.003958709094130304,35
mask,frozen,1.0,ANEUR,0.9404772761817904,0.004171889001922243,0.15543230645097408,0.02308197074583468,10
mask,frozen,1.0,ASMI,0.9172242423720197,0.002586974612885258,0.611928362124848,0.012930571762674314,236
mask,frozen,1.0,CLBBB,0.9947061222848411,0.0004446323317548975,0.8331741525928708,0.013960934552032934,54
mask,frozen,1.0,CRBBB,0.9952806071155691,0.0003641073798894465,0.8435071011472491,0.014283277209918711,54
mask,frozen,1.0,DIG,0.8645308924485127,0.017796138787868083,0.0873463475499036,0.03809684202875533,18
mask,frozen,1.0,EL,0.8896654174685169,0.02897038591637947,0.08519482883750758,0.03598871615273808,9
mask,frozen,1.0,ILBBB,0.9565299924069857,0.01453004952510215,0.25466942845458973,0.04309102472466364,8
mask,frozen,1.0,ILMI,0.8484757669502448,0.010463736008484745,0.19578888170772576,0.011921059982034804,48
mask,frozen,1.0,IMI,0.734606039569594,0.012176847521222656,0.24945787152815221,0.007428268095576191,268
mask,frozen,1.0,INJAL,0.9325088646696686,0.004612637255717469,0.3163896021582334,0.06256858699458703,14
mask,frozen,1.0,INJAS,0.9529684742889696,0.0031827875655193014,0.2439684988837866,0.0025589206104074105,22
mask,frozen,1.0,INJIL,0.9337422383764955,0.012839262510477446,0.012928107187028498,0.0018193434010172769,2
mask,frozen,1.0,INJIN,0.9934878085718614,0.0050507969546122935,0.21520576610090678,0.24672741615324176,2
mask,frozen,1.0,INJLA,0.8422686657579889,0.02411886536177039,0.004417105108386999,0.0006291695723634687,2
mask,frozen,1.0,IPLMI,0.7199272065514104,0.027997102258245248,0.00858695437953397,0.0019196724417395242,5
mask,frozen,1.0,IPMI,0.9764646464646464,0.01111375083427578,0.05258738804646843,0.0009614336345310119,3
mask,frozen,1.0,IRBBB,0.8146406936758442,0.018143612432231865,0.2314940564755357,0.009809393921230493,112
mask,frozen,1.0,ISCAL,0.8983399743811536,0.0036711475434838144,0.18352246911057998,0.0021615891302090785,66
mask,frozen,1.0,ISCAN,0.739389116264969,0.019252368314638196,0.005213272042179429,0.0008838476165169208,4
mask,frozen,1.0,ISCAS,0.9426026586297831,0.012002321404424364,0.10906076203831594,0.013586848967320639,17
mask,frozen,1.0,ISCIL,0.9209339774557166,0.009511365050810763,0.14445862346399288,0.022591627788458322,18
mask,frozen,1.0,ISCIN,0.8505272810637322,0.011038256261878602,0.1205931128968567,0.011587645549142425,22
mask,frozen,1.0,ISCLA,0.8568654963127326,0.006555256285532431,0.034487029829711004,0.003992164313096749,14
mask,frozen,1.0,ISC_,0.9463114959839357,0.0014548746866187988,0.5540277851665812,0.0055501156026586335,128
mask,frozen,1.0,IVCD,0.6600514910963313,0.006880432111249877,0.0840335047472676,0.006396837021990262,79
mask,frozen,1.0,LAFB,0.9571188700429046,0.0010321012523220234,0.676116438463577,0.023739033290861824,163
mask,frozen,1.0,LAO/LAE,0.735854946636992,0.017060464787642043,0.060055124677326766,0.02048941982997035,42
mask,frozen,1.0,LMI,0.7519774011299435,0.007124820429157627,0.04402205275201301,0.003080871838678225,20
mask,frozen,1.0,LNGQT,0.8463144215881441,0.03495400511338257,0.06785731260452921,0.028776037620810522,11
mask,frozen,1.0,LPFB,0.9377489617764218,0.015387519816289424,0.4240673570127469,0.02474549217574892,18
mask,frozen,1.0,LVH,0.9227276500503548,0.0018172682980856184,0.5915982244710877,0.0047009507013269,214
mask,frozen,1.0,NDT,0.873801150606864,0.008164859731594037,0.392385047125541,0.02113562987763798,183
mask,frozen,1.0,NORM,0.9068751067485156,0.0009672544226273748,0.8545229515529614,0.0007477467280806565,964
mask,frozen,1.0,NST_,0.8120589037804465,0.004331558907215645,0.15139662295443354,0.013963291783153654,77
mask,frozen,1.0,PMI,0.9619869756171436,0.0272464500954701,0.04508899653673665,0.01563378639694357,2
mask,frozen,1.0,RAO/RAE,0.8563763489892082,0.006820817354264247,0.05841118967118114,0.01371295122927683,10
mask,frozen,1.0,RVH,0.9623459607485166,0.011940191738753487,0.20694581470541787,0.009636194864343587,12
mask,frozen,1.0,SEHYP,0.9867171717171717,0.0039432770294834316,0.18993622991980955,0.1166301288126333,3
mask,frozen,1.0,WPW,0.837661351556568,0.0027836450690695656,0.09275850985122698,0.028696261991134057,8
mask,full,0.01,1AVB,0.7120132673889149,0.02771566110472854,0.08713364540964831,0.021581418314653475,80
mask,full,0.01,2AVB,0.6577353920678171,0.37983471324643586,0.005426372923058072,0.007197891527186236,1
mask,full,0.01,3AVB,0.7810843555959411,0.23257786503935618,0.08975248253652669,0.14136796065387439,2
mask,full,0.01,ALMI,0.7470867831953388,0.03503576661965183,0.044551769307288686,0.010332838409566739,29
mask,full,0.01,AMI,0.600133983482692,0.015070560692461118,0.02425448781776467,0.002505127376470535,35
mask,full,0.01,ANEUR,0.7483508131934945,0.025361651878074903,0.010413587895818035,0.00144840173865941,10
mask,full,0.01,ASMI,0.8292489925579979,0.03034209715321591,0.3684729024721616,0.06640245129997226,236
mask,full,0.01,CLBBB,0.9555233844050348,0.01878041633107657,0.435661858824925,0.15087530725430506,54
mask,full,0.01,CRBBB,0.9303925454848364,0.06542300692658473,0.5298637007316086,0.09650565646687001,54
mask,full,0.01,DIG,0.7379015170777183,0.07691264352562993,0.022009496390789102,0.004588155573113739,18
mask,full,0.01,EL,0.7799554340119518,0.013743626561315518,0.013465692399300401,0.0018909935608799329,9
mask,full,0.01,ILBBB,0.6064540622627183,0.20441018793482488,0.02139521076837522,0.028587492947030575,8
mask,full,0.01,ILMI,0.7419792472286671,0.032123217855481265,0.05326023360138931,0.01307907548741092,48
mask,full,0.01,IMI,0.6472013318420816,0.004455995179837682,0.1743379704890274,0.00569442834870515,268
mask,full,0.01,INJAL,0.8170506210707216,0.09900994512305437,0.037417408662127206,0.016411243924414284,14
mask,full,0.01,INJAS,0.8674086115626695,0.049873857478515894,0.07217192363213594,0.019386889412543486,22
mask,full,0.01,INJIL,0.8711949114039074,0.09796220745125246,0.014372454250355443,0.013601179006045966,2
mask,full,0.01,INJIN,0.8298500681508405,0.09328536574418499,0.005646252557700768,0.0037773414429978563,2
mask,full,0.01,INJLA,0.5132515523247009,0.23904028977137776,0.007877013958537557,0.011338288898637777,2
mask,full,0.01,IPLMI,0.43136184410069767,0.13110743274313427,0.002750777224398539,0.0008628007500388287,5
mask,full,0.01,IPMI,0.806868686868687,0.1277938764961421,0.009972815136213049,0.007053637449476195,3
mask,full,0.01,IRBBB,0.6111559461182847,0.050331662641307576,0.09585703190154844,0.027814299430149177,112
mask,full,0.01,ISCAL,0.8169091476297842,0.012032307879327433,0.11734783180877491,0.012511158430312188,66
mask,full,0.01,ISCAN,0.6253221161133848,0.12637617620023373,0.0032734990799488293,0.0008774776248970612,4
mask,full,0.01,ISCAS,0.8159679242236694,0.015434466043195996,0.06501867102904167,0.050981690166211305,17
mask,full,0.01,ISCIL,0.6701500127129418,0.12433935840650187,0.017786571824277717,0.008225295976284226,18
mask,full,0.01,ISCIN,0.6286663054200882,0.09697876369376066,0.019057838255735617,0.002279401013045128,22
mask,full,0.01,ISCLA,0.6919880789227523,0.06032927901464972,0.016160832055795608,0.0048275531143370685,14
mask,full,0.01,ISC_,0.9038052208835342,0.006619271804749679,0.3692017534636977,0.031223136646254524,128
mask,full,0.01,IVCD,0.5834247141370077,0.006905559759364434,0.05355351855731367,0.003763138448578404,79
mask,full,0.01,LAFB,0.8438835759252576,0.04080935489166435,0.31092817653509125,0.05162793110484925,163
mask,full,0.01,LAO/LAE,0.6617857693748485,0.057489500168282574,0.04359993829111269,0.002251303561620058,42
mask,full,0.01,LMI,0.5635669567872957,0.018532169871678092,0.011255879927524646,0.00043678637513235193,20
mask,full,0.01,LNGQT,0.7476636806016369,0.08667756542435637,0.024104037418109157,0.0226215170820786,11
mask,full,0.01,LPFB,0.6184422408678701,0.07333985521764814,0.057944327404253565,0.05211769684530415,18
mask,full,0.01,LVH,0.8291232620534434,0.010547748071529467,0.4101988465310958,0.058957766024945506,214
mask,full,0.01,NDT,0.7986636368554887,0.03649061205572676,0.23379360678039243,0.07094043899927777,183
mask,full,0.01,NORM,0.8788711337501689,0.01571672039786323,0.8071069054988879,0.026550217808351845,964
mask,full,0.01,NST_,0.7370526933085729,0.02058061513453398,0.0824375065642825,0.004009264525703803,77
mask,full,0.01,PMI,0.8266696955929124,0.0518130681322013,0.006143321570392722,0.0021163057266284585,2
mask,full,0.01,RAO/RAE,0.5378172974616203,0.04611934420307074,0.007922822758380759,0.0014523383916698906,10
mask,full,0.01,RVH,0.682958060753588,0.13329925564235307,0.04316218457071438,0.016072494838714726,12
mask,full,0.01,SEHYP,0.4529292929292929,0.14583129343975387,0.002957033494801181,0.002013239240193602,3
mask,full,0.01,WPW,0.5339407744874715,0.06401192347036887,0.017313563107407556,0.011729772814868146,8
mask,full,0.05,1AVB,0.7544394724446538,0.01849792793965471,0.11643126393221225,0.0021020466641991664,80
mask,full,0.05,2AVB,0.7854980320920376,0.09251644629226288,0.002349669702457613,0.0008309620457033837,1
mask,full,0.05,3AVB,0.9409359382099045,0.014998346969781038,0.030897623117125374,0.02236986762153574,2
mask,full,0.05,ALMI,0.8691246603009444,0.01946125837034953,0.1490051071123165,0.03424034654571433,29
mask,full,0.05,AMI,0.660538569671411,0.02653040659127714,0.029906471182848716,0.002986942171067291,35
mask,full,0.05,ANEUR,0.8959112327101383,0.01717613834089225,0.03264064573178039,0.012652955959290097,10
mask,full,0.05,ASMI,0.9014620475127743,0.014252825421189478,0.5731373897957628,0.033005540811734894,236
mask,full,0.05,CLBBB,0.9909087775537287,0.0012188796064449858,0.7666616843011133,0.04690635152163849,54
mask,full,0.05,CRBBB,0.9932354411181773,0.0018415375370325147,0.806706543456882,0.017348876978062786,54
mask,full,0.05,DIG,0.8359098228663445,0.04760684433724492,0.04461310196490719,0.015661460603943213,18
mask,full,0.05,EL,0.7771194165907019,0.02878987279923011,0.012910102618210855,0.0009584819299268363,9
mask,full,0.05,ILBBB,0.7605353075170843,0.08587772955461515,0.03865747310693126,0.03640898505506566,8
mask,full,0.05,ILMI,0.8199439288476412,0.0012197459351900566,0.10148201654378547,0.013387315410199512,48
mask,full,0.05,IMI,0.7239631943640968,0.011789977592802498,0.24351984252578,0.013229137617553465,268
mask,full,0.05,INJAL,0.9290065043833889,0.030082879233336787,0.121902949572864,0.059152374617173514,14
mask,full,0.05,INJAS,0.8964959081877927,0.045756343813436615,0.12341242654149703,0.0532600726950841,22
mask,full,0.05,INJIL,0.9419960623958806,0.0788645674371634,0.04973636606229324,0.04468559105074836,2
mask,full,0.05,INJIN,0.9787217931243374,0.012839262510477496,0.0455542509975784,0.034148047029598214,2
mask,full,0.05,INJLA,0.8427230046948356,0.11944585627268962,0.008157638989455231,0.004407068561373327,2
mask,full,0.05,IPLMI,0.689202305125872,0.04022109079480095,0.008256928072671782,0.002777046637286699,5
mask,full,0.05,IPMI,0.882929292929293,0.028582333722786037,0.06631605483561932,0.09403306369976526,3
mask,full,0.05,IRBBB,0.752946300471408,0.03020771867872315,0.19453525854343023,0.02675481374610194,112
mask,full,0.05,ISCAL,0.8680487608891915,0.006698591136424568,0.13663261603072757,0.009336835611216164,66
mask,full,0.05,ISCAN,0.6230862513263605,0.1040146369139552,0.0053719383066263586,0.0029591323392302747,4
mask,full,0.05,ISCAS,0.8855820461762014,0.03429642733579477,0.05561190720182591,0.0059159792828052055,17
mask,full,0.05,ISCIL,0.8574794474107975,0.03774402260576072,0.05040115049523356,0.021382295912011726,18
mask,full,0.05,ISCIN,0.7632792852875384,0.046618460306578034,0.02888934980645808,0.00813083141472371,22
mask,full,0.05,ISCLA,0.7866823293958972,0.04061650586262543,0.027345035926759714,0.016065667080121405,14
mask,full,0.05,ISC_,0.9460868473895582,0.004619042030055106,0.5650116485893001,0.028464189424394302,128
mask,full,0.05,IVCD,0.6342970035042551,0.02695826711444374,0.0769609270138579,0.0215544595685554,79
mask,full,0.05,LAFB,0.9477780785115683,0.005410207855467476,0.5975590812858075,0.04634273651764334,163
mask,full,0.05,LAO/LAE,0.7025462197836099,0.013386069037643332,0.04338664339679545,0.007389411420595863,42
mask,full,0.05,LMI,0.712093449381585,0.01741681873418026,0.03983328504820552,0.014731591076048321,20
mask,full,0.05,LNGQT,0.8127073656270737,0.01596036533039282,0.030205350776244737,0.011917501256340121,11
mask,full,0.05,LPFB,0.7545554708026104,0.0376828607314903,0.24168779352886202,0.06955704027332674,18
mask,full,0.05,LVH,0.8979566744822381,0.005960092423351885,0.5676378806284411,0.018363498939688493,214
mask,full,0.05,NDT,0.8550695233457772,0.019745925630284742,0.3362571397718976,0.04781386355118102,183
mask,full,0.05,NORM,0.9105433485488342,0.0012173532346222795,0.857877505926013,0.001739214565971499,964
mask,full,0.05,NST_,0.7931912866061502,0.013891410431620704,0.11536527611576408,0.02874204378554366,77
mask,full,0.05,PMI,0.9229895502044525,0.03152994379445245,0.021319904813643778,0.016517207995842765,2
mask,full,0.05,RAO/RAE,0.6171606627146983,0.026463874431548785,0.010130110171473949,0.0032216252646006327,10
mask,full,0.05,RVH,0.9016304072214615,0.03523413637680452,0.1257640581807024,0.07963469613279202,12
mask,full,0.05,SEHYP,0.478989898989899,0.12133292591178732,0.0019669690537162136,0.0005968657837184449,3
mask,full,0.05,WPW,0.5432611996962794,0.23611264249462338,0.015463313020934939,0.01832735781353383,8
mask,full,0.1,1AVB,0.7941317318260324,0.024748330171545475,0.14455058791453873,0.01931369329363208,80
mask,full,0.1,2AVB,0.7965485921889192,0.04882083938033427,0.002313750722815529,0.0005475446652891372,1
mask,full,0.1,3AVB,0.8616537937301226,0.055968121410573377,0.013521287659090012,0.012649921117055995,2
mask,full,0.1,ALMI,0.856350918377058,0.017853360404625596,0.1537742836026764,0.0509994253267293,29
mask,full,0.1,AMI,0.6903487963451064,0.024644112760758646,0.032129830953178305,0.0030342598238754246,35
mask,full,0.1,ANEUR,0.9171454628362973,0.019735793941721015,0.07229409162003808,0.04244614783419093,10
mask,full,0.1,ASMI,0.9301989177358622,0.011096542783424574,0.672755427041542,0.032651472941196365,236
mask,full,0.1,CLBBB,0.9816107405683953,0.008598081969914238,0.8321682628539288,0.031833262523980346,54
mask,full,0.1,CRBBB,0.9947808053128359,0.0019720065238284143,0.8141362319382143,0.07143820162669003,54
mask,full,0.1,DIG,0.8591575557250614,0.04089886213127642,0.05019055861066385,0.008651985424616204,18
mask,full,0.1,EL,0.8263614571727608,0.04905104793422316,0.02541162504313524,0.015161051076704173,9
mask,full,0.1,ILBBB,0.8641040242976462,0.06874183346695092,0.05671497583273017,0.03144714611280943,8
mask,full,0.1,ILMI,0.8485112142304718,0.019539589648313236,0.213258863475031,0.01943320142303612,48
mask,full,0.1,IMI,0.7580579017059406,0.039618396836834914,0.29157088761088207,0.053760431070337074,268
mask,full,0.1,INJAL,0.9505318801801215,0.01250789992513216,0.18055084478453498,0.070287684166234,14
mask,full,0.1,INJAS,0.9324468898058994,0.021281214621875186,0.15422217941603034,0.06474746486455302,22
mask,full,0.1,INJIL,0.9476752991064666,0.032049686063923964,0.029293918633995705,0.02216524868818782,2
mask,full,0.1,INJIN,0.9865970013630166,0.010501521427829444,0.06559094483765869,0.037563371659568,2
mask,full,0.1,INJLA,0.823489323034984,0.08642118966811112,0.006861432413652671,0.0033829781012333893,2
mask,full,0.1,IPLMI,0.6720351835001517,0.020754379004915748,0.007127668103277754,0.0006424736381338906,5
mask,full,0.1,IPMI,0.9205050505050506,0.08114896534191716,0.029699912568215622,0.020461952919214745,3
mask,full,0.1,IRBBB,0.8327184532349525,0.03220839664272552,0.2772221942268766,0.06625925068795031,112
mask,full,0.1,ISCAL,0.8867358659122814,0.0100771284447261,0.15824425727142108,0.00706410021277963,66
mask,full,0.1,ISCAN,0.6397226011823557,0.07296407712452421,0.003387822529693694,0.0011476523940677896,4
mask,full,0.1,ISCAS,0.9100425165491631,0.01634157915865731,0.09600071741785406,0.03251695702230023,17
mask,full,0.1,ISCIL,0.8661750995847105,0.018176578673041437,0.07113755651199231,0.03731151797631161,18
mask,full,0.1,ISCIN,0.8040723604685089,0.06109101702808836,0.053525312179218576,0.019111776519926467,22
mask,full,0.1,ISCLA,0.8242565642063129,0.04973617252437473,0.036609880340502936,0.01880905980398627,14
mask,full,0.1,ISC_,0.9490424196787148,0.00841461426846553,0.583583555571601,0.021867909061293118,128
mask,full,0.1,IVCD,0.6492685562627635,0.016518393073181488,0.07605212439125932,0.006257956650982552,79
mask,full,0.1,LAFB,0.9586726612935563,0.005493513569828709,0.672466155990787,0.019143824943089926,163
mask,full,0.1,LAO/LAE,0.7216786760979265,0.011774438700248338,0.05208715686357771,0.006479679941224401,42
mask,full,0.1,LMI,0.7181936173461597,0.07923187250595129,0.07153523702473888,0.047551233889094206,20
mask,full,0.1,LNGQT,0.8267252820172528,0.023190450072128457,0.05096065877905759,0.04870415095841033,11
mask,full,0.1,LPFB,0.7968556657343843,0.037439821451299496,0.30271632796495984,0.03135605366585499,18
mask,full,0.1,LVH,0.9161118237533851,0.0038401691549387953,0.6134783496059791,0.024337649995333485,214
mask,full,0.1,NDT,0.8767831701202907,0.007201770995394376,0.4134559258412287,0.019207139550694773,183
mask,full,0.1,NORM,0.9216881726551885,0.0048581771729425075,0.8808796436687611,0.010512670117852223,964
mask,full,0.1,NST_,0.8042133470167337,0.012688064079545446,0.1209766583784631,0.003354792228694277,77
mask,full,0.1,PMI,0.814251097985764,0.10897514586522422,0.00634806985436298,0.005174457786482877,2
mask,full,0.1,RAO/RAE,0.7412372701018392,0.030083919423950632,0.03847067216096545,0.04710500650353512,10
mask,full,0.1,RVH,0.9441655256351741,0.01787102062195996,0.11265481329648026,0.044809931315977825,12
mask,full,0.1,SEHYP,0.5994444444444444,0.1510379100099626,0.058083933037210767,0.09488296160161039,3
mask,full,0.1,WPW,0.6781131359149581,0.04054423083368567,0.009165936699252813,0.0038945735675149887,8
mask,full,0.25,1AVB,0.8535778772177736,0.05803437016070957,0.24058905620789828,0.1739223954679225,80
mask,full,0.25,2AVB,0.8601271571298819,0.014418263275556406,0.0032604238211714847,0.00035313393268500117,1
mask,full,0.25,3AVB,0.8947448129638044,0.09021069017920501,0.044599086738303394,0.029875427513456333,2
mask,full,0.25,ALMI,0.8802276644566401,0.019221135640060425,0.23823080607518013,0.06848137497511433,29
mask,full,0.25,AMI,0.7727640133544192,0.06044020732714052,0.052280646056316736,0.012082678291444817,35
mask,full,0.25,ANEUR,0.9123879008967929,0.019772389529259585,0.071880290856823,0.011763935413175108,10
mask,full,0.25,ASMI,0.9524358841793549,0.008567653853679622,0.7362094508657672,0.03964753465023113,236
mask,full,0.25,CLBBB,0.9928648984023578,0.0035856241867870398,0.855187080026622,0.014257796069446691,54
mask,full,0.25,CRBBB,0.9958895610361408,0.0011978008720680698,0.8148633843611336,0.07055844344234377,54
mask,full,0.25,DIG,0.8574285956436986,0.023651160886655857,0.04203215859913256,0.00915575570109496,18
mask,full,0.25,EL,0.8152199601607076,0.03417758558096104,0.02674021452599606,0.011282805996880058,9
mask,full,0.25,ILBBB,0.926157934700076,0.005762786567858713,0.29307227005978337,0.12288951496007114,8
mask,full,0.25,ILMI,0.8974091260634184,0.017389177310438306,0.2384184792017828,0.020456465989953338,48
mask,full,0.25,IMI,0.8254509108205742,0.06546328109097445,0.4246338038119146,0.11439535108322012,268
mask,full,0.25,INJAL,0.9649655202419023,0.009149712596794434,0.31068820795259766,0.0459979572946288,14
mask,full,0.25,INJAS,0.9533505620163116,0.011480452937835228,0.24368408186980947,0.026211381110141457,22
mask,full,0.25,INJIL,0.9583522641223685,0.01657299491358331,0.03639993208521127,0.02124692683072497,2
mask,full,0.25,INJIN,0.9919733454490384,0.0034176235336655317,0.09545483756010072,0.050931374210302346,2
mask,full,0.25,INJLA,0.9176889292745721,0.01470531214654104,0.00862117718904964,0.0017793215893338607,2
mask,full,0.25,IPLMI,0.7590233545647559,0.10585477984661806,0.07939650475743232,0.11385769441821737,5
mask,full,0.25,IPMI,0.8821717171717172,0.14927867067405323,0.02009547179801655,0.015844311107141528,3
mask,full,0.25,IRBBB,0.9071118284712258,0.034915881313678836,0.4470102256905865,0.11365964418381376,112
mask,full,0.25,ISCAL,0.8992522321956108,0.016023596331208496,0.2019907059126004,0.0310856825071915,66
mask,full,0.25,ISCAN,0.7372669395179626,0.02952979818572863,0.007438527663652794,0.0005278577207871592,4
mask,full,0.25,ISCAS,0.9157562384514647,0.01693853621400836,0.10911473461615744,0.03279853941848128,17
mask,full,0.25,ISCIL,0.9087041274684294,0.010753686002470595,0.1428365742720055,0.07035281873116347,18
mask,full,0.25,ISCIN,0.8408153057396524,0.036517778556014624,0.13594293764932902,0.02809961643410463,22
mask,full,0.25,ISCLA,0.8452870412669408,0.016399649482622267,0.034858916451087886,0.0049648198650672146,14
mask,full,0.25,ISC_,0.9545682730923696,0.006074936463381574,0.6145028626450704,0.02224590615310064,128
mask,full,0.25,IVCD,0.6457881395662987,0.01023564342570774,0.07690093804784,0.009453245951100723,79
mask,full,0.25,LAFB,0.9683322306427683,0.007552153823236608,0.748683893300902,0.03992335104704471,163
mask,full,0.25,LAO/LAE,0.7359247262070031,0.01265711432480431,0.0662050848475388,0.016450515112837214,42
mask,full,0.25,LMI,0.781340662696595,0.04475521941183791,0.036627477162873866,0.004038424964570396,20
mask,full,0.25,LNGQT,0.8430380446803803,0.024579828410884498,0.04068766446136319,0.008255234961649385,11
mask,full,0.25,LPFB,0.8447919315196203,0.06178450116138179,0.3334740929679629,0.02568277985663288,18
mask,full,0.25,LVH,0.9309747223436063,0.0024947969453124217,0.6387432950465718,0.01755141069714479,214
mask,full,0.25,NDT,0.8991956572706451,0.01313135592926928,0.4471036118077664,0.05702257662814154,183
mask,full,0.25,NORM,0.9306290934218356,0.0062859749048944655,0.8970523227830257,0.013609242657638727,964
mask,full,0.25,NST_,0.8193730070493945,0.014166782666592144,0.1417213853685213,0.03162531326460061,77
mask,full,0.25,PMI,0.8992882023322731,0.008860580025025057,0.0637915163506761,0.09112779218426846,2
mask,full,0.25,RAO/RAE,0.8185742514059887,0.06526925305992885,0.04904039246867128,0.02896439803833926,10
mask,full,0.25,RVH,0.9436710786551042,0.006102592764379077,0.11667736377384898,0.03770432623419237,12
mask,full,0.25,SEHYP,0.6825252525252524,0.18447492888687497,0.005939701502812125,0.0019463241108241736,3
mask,full,0.25,WPW,0.7422741078208048,0.018172385396561273,0.09861586796110107,0.12751179795523446,8
mask,full,1.0,1AVB,0.9701248233631653,0.001809136424685335,0.5571340543468984,0.01780953569699665,80
mask,full,1.0,2AVB,0.9306690887072359,0.03152980037209078,0.007323915412659702,0.002737952567378043,1
mask,full,1.0,3AVB,0.9527487505679236,0.043538378402753736,0.0823878953290718,0.03910570116997463,2
mask,full,1.0,ALMI,0.9689089447916336,0.009938430255810758,0.5310817719531123,0.005849038684051907,29
mask,full,1.0,AMI,0.9238578457213144,0.008209288458565504,0.1960274085168241,0.002895533667028307,35
mask,full,1.0,ANEUR,0.922906216750266,0.004920607031705895,0.21130566192601039,0.005092548443824673,10
mask,full,1.0,ASMI,0.9739914090975675,0.000870028040339914,0.844283223106852,0.001576532152065539,236
mask,full,1.0,CLBBB,0.9971103413014379,0.0008439796124168227,0.8990750629069764,0.00469361695313113,54
mask,full,1.0,CRBBB,0.9974004561409556,0.00025856604313159574,0.8682946374954236,0.02007708275814454,54
mask,full,1.0,DIG,0.9228663446054751,0.019058973892303332,0.0971278636598459,0.015537667820632758,18
mask,full,1.0,EL,0.905027178500287,0.00995268184249389,0.06200194268128655,0.03225754657155597,9
mask,full,1.0,ILBBB,0.899050873196659,0.014525361680129344,0.16702787109104048,0.0485501623943074,8
mask,full,1.0,ILMI,0.9575696055684455,0.008452527623315413,0.6166055690383685,0.01260613365287868,48
mask,full,1.0,IMI,0.9327021224626223,0.0026198914783224702,0.6791151990277177,0.011864538150651372,268
mask,full,1.0,INJAL,0.9872957862907611,0.001804253674410504,0.6084876070000518,0.033891468763546734,14
mask,full,1.0,INJAS,0.9920595223208704,0.0019510699409726402,0.6347359098389954,0.032944879037868184,22
mask,full,1.0,INJIL,0.9908374981069211,0.0049579877434108004,0.2240635521885522,0.06212429429424399,2
mask,full,1.0,INJIN,0.9923519612297441,0.0015955859083525811,0.08539823702867182,0.020694699446485557,2
mask,full,1.0,INJLA,0.9233681659851584,0.03648339776873646,0.010406756870064695,0.005947686225434156,2
mask,full,1.0,IPLMI,0.8897785865938732,0.030506059090939466,0.175198883143013,0.07865871339577907,5
mask,full,1.0,IPMI,0.9018181818181819,0.018337089522548023,0.04571593247886294,0.04758429227788037,3
mask,full,1.0,IRBBB,0.9760823028398352,0.003579323668548439,0.7427702114994706,0.028027160661736664,112
mask,full,1.0,ISCAL,0.9469992389973672,0.0015321861508609278,0.3449677907451055,0.033825191739221355,66
mask,full,1.0,ISCAN,0.8132863422767924,0.003973121849956332,0.009858518064631096,0.0006268034824730303,4
mask,full,1.0,ISCAS,0.9455088531295409,0.009754021982318737,0.22319488710058247,0.027095449902105728,17
mask,full,1.0,ISCIL,0.9348758369353335,0.0017196495797353883,0.22293436136923292,0.034014539094524246,18
mask,full,1.0,ISCIN,0.9126200102816333,0.015183121362402241,0.22450566751841908,0.03609802007836887,22
mask,full,1.0,ISCLA,0.9215667079988688,0.005474018415720629,0.13348396340584998,0.03588573128194204,14
mask,full,1.0,ISC_,0.9587688253012048,0.0009154517705607245,0.6733723522972732,0.010510693121613702,128
mask,full,1.0,IVCD,0.7311020524923122,0.00670227565167714,0.13785048405755637,0.009723150030874967,79
mask,full,1.0,LAFB,0.9853337142628011,0.0006226738944377356,0.8528362970671121,0.008250450462461636,163
mask,full,1.0,LAO/LAE,0.789467692059085,0.02922749399707191,0.08253210615162573,0.0130489958696236,42
mask,full,1.0,LMI,0.904641930065659,0.005272575289194991,0.11180733680551451,0.03151052339695489,20
mask,full,1.0,LNGQT,0.8559914841849148,0.017003846547552312,0.06947875840969725,0.014979481053813599,11
mask,full,1.0,LPFB,0.9415882701923891,0.009026773555797401,0.49914677770882226,0.011371912206441962,18
mask,full,1.0,LVH,0.9421765191418848,0.0017439248589493504,0.7018438411793287,0.006328107116916848,214
mask,full,1.0,NDT,0.9325389096286677,0.0021682627666129877,0.5596754439979228,0.013106273028820675,183
mask,full,1.0,NORM,0.9507635379444226,0.000933997518214711,0.9290334843817559,0.0026887476798958874,964
mask,full,1.0,NST_,0.8589998900441046,0.0025887247789105378,0.18195840788433668,0.019844429007779447,77
mask,full,1.0,PMI,0.973875511131304,0.01702407450721952,0.04424407764273386,0.01509269537764363,2
mask,full,1.0,RAO/RAE,0.9546131630946952,0.012192453392807017,0.28688164723281434,0.10047080078363796,10
mask,full,1.0,RVH,0.9542446371519854,0.01006446122014682,0.24442725262720724,0.013318822097842221,12
mask,full,1.0,SEHYP,0.9953535353535354,0.0021869328378394735,0.22205387205387206,0.110978194269491,3
mask,full,1.0,WPW,0.8336180713743356,0.010353246409026014,0.6466255246743668,0.016935501317015506,8
mask,partial,0.01,1AVB,0.6702327680954624,0.05691018616755827,0.078891058409147,0.020478419759469058,80
mask,partial,0.01,2AVB,0.8752649106872541,0.14266511571406548,0.00921232409407491,0.008821422525580108,1
mask,partial,0.01,3AVB,0.9013327275480841,0.08533300892255402,0.024565335712216144,0.028722468147558692,2
mask,partial,0.01,ALMI,0.6353799870993666,0.05084766817522444,0.023612739347578193,0.0016370532894048125,29
mask,partial,0.01,AMI,0.5775874187313301,0.01769652212759493,0.024214899026153244,0.007233509892723293,35
mask,partial,0.01,ANEUR,0.6984648122815017,0.10477127555782909,0.010090364478060559,0.004672653125494219,10
mask,partial,0.01,ASMI,0.7987259413084251,0.009626054709505684,0.31675668977513466,0.028754100909893436,236
mask,partial,0.01,CLBBB,0.8952599256616628,0.12095391285917088,0.45468780910528045,0.22089647591857023,54
mask,partial,0.01,CRBBB,0.9477046458588262,0.0346334648280003,0.5267202302931285,0.1533742803363911,54
mask,partial,0.01,DIG,0.7617170946690397,0.044364963551095996,0.03426815486789298,0.01300800967982588,18
mask,partial,0.01,EL,0.8167561362638848,0.045827571636388155,0.017193498023770935,0.00425989799127685,9
mask,partial,0.01,ILBBB,0.4880599848139711,0.03762398507124884,0.005295432367017443,0.00204901603003431,8
mask,partial,0.01,ILMI,0.7008056200051559,0.014279638021390787,0.054223488443403335,0.005105941302294663,48
mask,partial,0.01,IMI,0.6330659364675332,0.00986825162366478,0.17656337010539178,0.009366153676550904,268
mask,partial,0.01,INJAL,0.7755443886097152,0.1348699171090185,0.04828536099300725,0.03166696576696639,14
mask,partial,0.01,INJAS,0.8538201825684633,0.07413509196742854,0.1243012055281747,0.08218794327387674,22
mask,partial,0.01,INJIL,0.879221565954869,0.10515795499606792,0.050907531161466256,0.07553813667829072,2
mask,partial,0.01,INJIN,0.8769498712706346,0.1991726154715504,0.2087728199840495,0.27523632450237323,2
mask,partial,0.01,INJLA,0.47599575950325607,0.23834660610397293,0.0016942337652820015,0.0010815100736055769,2
mask,partial,0.01,IPLMI,0.43794358507734304,0.23650247249327042,0.0036013798618789845,0.0021115635558445586,5
mask,partial,0.01,IPMI,0.9232323232323232,0.009320747778427813,0.0387766937463048,0.045334407230288726,3
mask,partial,0.01,IRBBB,0.5951669285600419,0.04951873902259355,0.08678831321954755,0.01872148139215889,112
mask,partial,0.01,ISCAL,0.763718135968955,0.04902159241003486,0.11503715099865335,0.036303133584438214,66
mask,partial,0.01,ISCAN,0.542405638926785,0.20441593301174962,0.004272833647904868,0.0028625202289423238,4
mask,partial,0.01,ISCAS,0.8744775128715713,0.009036460469386793,0.05825698128594131,0.026303735873450834,17
mask,partial,0.01,ISCIL,0.6366471734892788,0.09987287166108355,0.01895201135108789,0.011076913545099312,18
mask,partial,0.01,ISCIN,0.5915968488183069,0.09575095816208375,0.015993209363142386,0.005941709144123072,22
mask,partial,0.01,ISCLA,0.6452718136135221,0.05803913064188127,0.02254436157751794,0.009609903341385331,14
mask,partial,0.01,ISC_,0.8894076305220885,0.003873918278271812,0.30203457804501815,0.016828061817426784,128
mask,partial,0.01,IVCD,0.5584499431849786,0.03683958852836292,0.04880814531545972,0.0069659001074474786,79
mask,partial,0.01,LAFB,0.8535210914631701,0.06233204787612148,0.36969004955219953,0.06953066502299737,163
mask,partial,0.01,LAO/LAE,0.616208692330858,0.06234682953122542,0.03342096510798356,0.0056179497142072,42
mask,partial,0.01,LMI,0.5532065964269354,0.007962681785461306,0.013487358718768529,0.0011664234850669384,20
mask,partial,0.01,LNGQT,0.7407376686573768,0.08011186984851555,0.02600355120006119,0.0070924543424290805,11
mask,partial,0.01,LPFB,0.59209255021612,0.19382095661747528,0.06513328133002659,0.07542342067348333,18
mask,partial,0.01,LVH,0.8210923318125077,0.015303418409457233,0.3757990083250355,0.05589047492482953,214
mask,partial,0.01,NDT,0.7465982253963102,0.026655054378559796,0.18908422832018643,0.043129747960468694,183
mask,partial,0.01,NORM,0.8618037903676837,0.013360586668874576,0.7869841670280655,0.009924438254823087,964
mask,partial,0.01,NST_,0.696719241874463,0.036241144724787705,0.075639933152171,0.015119186177109733,77
mask,partial,0.01,PMI,0.8044070876874149,0.12541750461776305,0.17801862540492372,0.28272951930074675,2
mask,partial,0.01,RAO/RAE,0.5231646146830825,0.053132498482388456,0.023888068582838765,0.031232249867145047,10
mask,partial,0.01,RVH,0.7384882600537552,0.15196644463711312,0.024932699331688454,0.02389363555171497,12
mask,partial,0.01,SEHYP,0.5184343434343434,0.09333263642662551,0.0020645743486760264,0.00024419521038083564,3
mask,partial,0.01,WPW,0.5731966590736522,0.08130834901649944,0.008521828673325162,0.002883336858311161,8
mask,partial,0.05,1AVB,0.7300773276809546,0.03156243849271036,0.10897087131197697,0.0018114701518645462,80
mask,partial,0.05,2AVB,0.7851952770208901,0.23997288250291118,0.006263326226012792,0.007071744873871101,1
mask,partial,0.05,3AVB,0.813266696955929,0.14825188115833304,0.17310931466446078,0.2925111220111884,2
mask,partial,0.05,ALMI,0.8126632405968129,0.022917562767748555,0.12047102395893007,0.07197061302984094,29
mask,partial,0.05,AMI,0.6305701985591284,0.03260327631222018,0.02946474548341291,0.0048792742411446766,35
mask,partial,0.05,ANEUR,0.9149566803465573,0.03907010698948931,0.06778855540296651,0.056691191355883026,10
mask,partial,0.05,ASMI,0.8634470888301035,0.0033029634143949965,0.4357697068290851,0.04022811747364275,236
mask,partial,0.05,CLBBB,0.9873785682689048,0.004101435464925121,0.7307726636278371,0.05612061511491481,54
mask,partial,0.05,CRBBB,0.992390948417007,0.0016935297363627603,0.7805642178210942,0.05450130379217895,54
mask,partial,0.05,DIG,0.82806170014408,0.04180768633072359,0.03751547091009673,0.006030745067367025,18
mask,partial,0.05,EL,0.7963638205206118,0.04061531575385498,0.013823409000517676,0.0005395541044200867,9
mask,partial,0.05,ILBBB,0.7423120728929384,0.05061316193646802,0.015438427210480547,0.005317830520105762,8
mask,partial,0.05,ILMI,0.8076147202887342,0.015097726086045756,0.10350343201160035,0.04478439315922745,48
mask,partial,0.05,IMI,0.6765732063198221,0.022568736575953124,0.1956762091036198,0.020295575957019134,268
mask,partial,0.05,INJAL,0.8945376231808394,0.026721483654620386,0.15336580328686808,0.1521065914400442,14
mask,partial,0.05,INJAS,0.920866158142637,0.012089357411345748,0.1509129243378811,0.054198463817515405,22
mask,partial,0.05,INJIL,0.9433590792064214,0.05208790004621516,0.100299926325766,0.15045299126571918,2
mask,partial,0.05,INJIN,0.911479630470998,0.07305055691284847,0.012238778919389829,0.007561510913046191,2
mask,partial,0.05,INJLA,0.7212630622444344,0.07333352749661902,0.004005036373900487,0.002261938650628941,2
mask,partial,0.05,IPLMI,0.5751592356687899,0.05327296603727122,0.0038329722386414977,0.0009531281511936956,5
mask,partial,0.05,IPMI,0.8996969696969698,0.04873679802873453,0.017853730047337823,0.009804128859120615,3
mask,partial,0.05,IRBBB,0.7254389560702329,0.024010940558478154,0.15059308407230831,0.026857414304800247,112
mask,partial,0.05,ISCAL,0.8622679769146778,0.006462150164490641,0.13566287085315062,0.012535512428508611,66
mask,partial,0.05,ISCAN,0.6922275276640898,0.03518173402614702,0.006170447574925815,0.001387339867234345,4
mask,partial,0.05,ISCAS,0.8767468561074933,0.014562863120471984,0.05931380008491175,0.01819934940638342,17
mask,partial,0.05,ISCIL,0.8265869988982116,0.03682240619641962,0.03140704239054282,0.005331030873713096,18
mask,partial,0.05,ISCIN,0.7633765439817709,0.052450780150724276,0.028517437529811954,0.0076112035817905615,22
mask,partial,0.05,ISCLA,0.7618938850094629,0.046175314553287314,0.016890508537750242,0.004538947714700082,14
mask,partial,0.05,ISC_,0.9241403112449799,0.006950472867146893,0.44108937638655266,0.05879799555914464,128
mask,partial,0.05,IVCD,0.6089875006952887,0.014858537911769198,0.05547349543890801,0.0073165099983606196,79
mask,partial,0.05,LAFB,0.9260610890572999,0.011942185899000929,0.5186244595457916,0.05820024974259413,163
mask,partial,0.05,LAO/LAE,0.6835790308719508,0.02303104549960466,0.048393765096491126,0.015200110762634616,42
mask,partial,0.05,LMI,0.6660100778744846,0.02355569261149279,0.018429268805279054,0.003882159318023205,20
mask,partial,0.05,LNGQT,0.7866898916168988,0.04583268876949934,0.01663840961486039,0.004306176240195764,11
mask,partial,0.05,LPFB,0.7908466819221968,0.0535037744139206,0.28851733220444825,0.08947802058166819,18
mask,partial,0.05,LVH,0.8880955849070199,0.02202207347817895,0.501150369456037,0.04926983049300472,214
mask,partial,0.05,NDT,0.8198069397103644,0.011508617713057313,0.2602030140438029,0.03165100906328985,183
mask,partial,0.05,NORM,0.8928366303972887,0.005969175139500302,0.8327559897730324,0.018200658023632982,964
mask,partial,0.05,NST_,0.775777530716383,0.009789864865983062,0.10774476533153887,0.015466497584159914,77
mask,partial,0.05,PMI,0.8255338482507951,0.09059021667509042,0.005519117009277958,0.004488959598653706,2
mask,partial,0.05,RAO/RAE,0.6713330293357652,0.06041427389230599,0.021328754317367023,0.01611488851250148,10
mask,partial,0.05,RVH,0.8902454485521578,0.010144300705181675,0.11234646446917211,0.0342798628770168,12
mask,partial,0.05,SEHYP,0.7308080808080808,0.21652635493488934,0.0057513840450559225,0.004130066582922243,3
mask,partial,0.05,WPW,0.6246203492786636,0.1411460724268199,0.010736326451726237,0.009059113521930732,8
mask,partial,0.1,1AVB,0.7465281048830272,0.02517475743929622,0.11038531299785864,0.02228199420898018,80
mask,partial,0.1,2AVB,0.8374205267938238,0.05753521399496643,0.003015848602108535,0.0009961947736833812,1
mask,partial,0.1,3AVB,0.7723761926397091,0.1343144164714196,0.03092624098855644,0.03630232214508353,2
mask,partial,0.1,ALMI,0.8617226575304805,0.04004553723551206,0.19097856852043074,0.0698858950782777,29
mask,partial,0.1,AMI,0.6536153575821473,0.025234162087764654,0.028535498722289738,0.0020065992709513967,35
mask,partial,0.1,ANEUR,0.9218574251405989,0.01530479824484535,0.15970012447724696,0.1399836837736298,10
mask,partial,0.1,ASMI,0.8972111161854209,0.004025798090919143,0.5563183754426632,0.011442324903478818,236
mask,partial,0.1,CLBBB,0.9916383732887534,0.0007715868099746361,0.7881307917270016,0.031306716396953496,54
mask,partial,0.1,CRBBB,0.9934824695953903,0.00034082737871067207,0.8015863608279464,0.04316229865128742,54
mask,partial,0.1,DIG,0.8582083227392152,0.042079878242516404,0.07034681688629775,0.024196892107040666,18
mask,partial,0.1,EL,0.7904216887808501,0.043114035459564055,0.026500926325580137,0.007312285614580358,9
mask,partial,0.1,ILBBB,0.9032839787395596,0.018744012049988244,0.04530069091015452,0.015035585899530553,8
mask,partial,0.1,ILMI,0.8283449342614077,0.006933738455475806,0.12639063275855114,0.003383962384754356,48
mask,partial,0.1,IMI,0.7057098229781326,0.02036029866686839,0.2254982188538267,0.018976147668935326,268
mask,partial,0.1,INJAL,0.918183993560878,0.009658150189935308,0.14344623489991987,0.07133001140149192,14
mask,partial,0.1,INJAS,0.9347602573187167,0.015274476839155535,0.18606421196676856,0.021729644537124893,22
mask,partial,0.1,INJIL,0.9537331515977586,0.01104130866109806,0.021284980947855536,0.015011357021500355,2
mask,partial,0.1,INJIN,0.7495077994850825,0.15181471170244415,0.0055700188140396,0.006234558923081187,2
mask,partial,0.1,INJLA,0.814251097985764,0.033913239171513475,0.004653556015742615,0.0010344337869948076,2
mask,partial,0.1,IPLMI,0.619108280254777,0.04291573553159288,0.00638394014087892,0.002160694787032333,5
mask,partial,0.1,IPMI,0.8038383838383839,0.06484075522705184,0.006177973092687136,0.0030247271789037413,3
mask,partial,0.1,IRBBB,0.7765480175810161,0.009563089882150513,0.1875028207087153,0.017038631683821425,112
mask,partial,0.1,ISCAL,0.8809598086621953,0.015457804119330154,0.16706460606347664,0.019520514454940942,66
mask,partial,0.1,ISCAN,0.7340836743974535,0.021035974259897495,0.005382931396473456,0.0015878803799732628,4
mask,partial,0.1,ISCAS,0.9092845738478373,0.009831535604358529,0.08023351766351032,0.007101438498835483,17
mask,partial,0.1,ISCIL,0.8874989405881855,0.016850923197875112,0.09288105879966357,0.03268415052087719,18
mask,partial,0.1,ISCIN,0.7927486696400039,0.041718052551261355,0.04405189452584329,0.014049262493702095,22
mask,partial,0.1,ISCLA,0.8063586329917988,0.049126278790297136,0.02601461137380039,0.007196015028913067,14
mask,partial,0.1,ISC_,0.9431601405622491,0.0032587729219042895,0.5454369979594881,0.01269829423847486,128
mask,partial,0.1,IVCD,0.6369242016098914,0.036581275471241056,0.06780794980291861,0.014344746337322405,79
mask,partial,0.1,LAFB,0.9489028228878463,0.004925696650201379,0.6300620650520184,0.02986432079179194,163
mask,partial,0.1,LAO/LAE,0.700495067686183,0.00629323699592507,0.04536641668760505,0.007916728870257135,42
mask,partial,0.1,LMI,0.6565887921820125,0.004651444920069216,0.025135299289334338,0.0055298662601186346,20
mask,partial,0.1,LNGQT,0.7732111258571113,0.06493576831301186,0.023456469367515845,0.012594600700732778,11
mask,partial,0.1,LPFB,0.8804220696669209,0.081975209419601,0.33527155673529435,0.11584877797751925,18
mask,partial,0.1,LVH,0.9069837376599335,0.004515575572638147,0.5578520488356098,0.00443243484502685,214
mask,partial,0.1,NDT,0.8482290032281917,0.002384237130095689,0.33167815249431704,0.01658282525963056,183
mask,partial,0.1,NORM,0.9059646047039674,0.003146159233881507,0.8545343326208776,0.004766006013954737,964
mask,partial,0.1,NST_,0.7992327521960636,0.0034321705517946846,0.13437644432394139,0.006122042589781019,77
mask,partial,0.1,PMI,0.9037558685446009,0.04679378589175429,0.018535050545427593,0.014140724375336141,2
mask,partial,0.1,RAO/RAE,0.7384708922328622,0.014702706531550432,0.01723857049589919,0.006903168507853956,10
mask,partial,0.1,RVH,0.9301561945331912,0.02388154451832675,0.12946307361486664,0.08890219848583832,12
mask,partial,0.1,SEHYP,0.655959595959596,0.16172880386433275,0.03101136610004437,0.04721485102010331,3
mask,partial,0.1,WPW,0.6188401670463174,0.06031698296260843,0.008583233765938957,0.0046778922036263704,8
mask,partial,0.25,1AVB,0.7930876118699953,0.01709067339013638,0.12052834776699338,0.02226198176268929,80
mask,partial,0.25,2AVB,0.7898879806236755,0.11294519266314915,0.0027100113061753867,0.001624278007205924,1
mask,partial,0.25,3AVB,0.8467363319703165,0.03030932245016333,0.061273476305806596,0.0416674153384158,2
mask,partial,0.25,ALMI,0.8724132643889647,0.019921648131240206,0.2545709297171565,0.011691303233103063,29
mask,partial,0.25,AMI,0.6952293094359515,0.019756599211040178,0.03340742879087887,0.0028303300636144863,35
mask,partial,0.25,ANEUR,0.9365101079191366,0.0074989336050080594,0.1324591553575489,0.06090241033829827,10
mask,partial,0.25,ASMI,0.9167172900887238,0.006663413583918589,0.6079523585974612,0.0048508122078812785,236
mask,partial,0.25,CLBBB,0.9904807863548363,0.006132842845906261,0.8064882989476528,0.01903562981842568,54
mask,partial,0.25,CRBBB,0.9943413244173288,0.001159250034616039,0.8095874778976904,0.03230528159944052,54
mask,partial,0.25,DIG,0.8494024917365879,0.023300307985008692,0.061673603343638944,0.011425110993523262,18
mask,partial,0.25,EL,0.8629595867517472,0.02428343877565146,0.03958551430092736,0.022907032487393685,9
mask,partial,0.25,ILBBB,0.9302201974183751,0.01859287808251686,0.2526873873197431,0.12371976759346276,8
mask,partial,0.25,ILMI,0.8403583397782933,0.019443369097586084,0.15023027491393023,0.015091882115621806,48
mask,partial,0.25,IMI,0.7195405401930914,0.009250324912334724,0.23870137353593665,0.007890303178201729,268
mask,partial,0.25,INJAL,0.9294198264047511,0.006988682436814521,0.2486247277780288,0.059252181191437804,14
mask,partial,0.25,INJAS,0.9469314881969627,0.008982277218521092,0.2247186588502844,0.06500001523957193,22
mask,partial,0.25,INJIL,0.9321520520975314,0.0220744364826573,0.011725672824943875,0.0024013908059073107,2
mask,partial,0.25,INJIN,0.9553233378767226,0.03649188381490397,0.07195932979101981,0.10371542115788586,2
mask,partial,0.25,INJLA,0.8706648493109194,0.09305226724523342,0.029820122560659523,0.043270672606963274,2
mask,partial,0.25,IPLMI,0.6989990900818926,0.05826268950302889,0.010198627090525362,0.004894758780902226,5
mask,partial,0.25,IPMI,0.8333838383838383,0.09714902137356526,0.01852688116451547,0.01794203655359033,3
mask,partial,0.25,IRBBB,0.7973087609027352,0.01336844018908296,0.20347150657734706,0.00761558365038407,112
mask,partial,0.25,ISCAL,0.8885296578324188,0.007849219063662548,0.17768403244993616,0.007365122255340656,66
mask,partial,0.25,ISCAN,0.7361679551311201,0.003260158589359267,0.005646343111341085,0.0024126211301765937,4
mask,partial,0.25,ISCAS,0.9302244227974813,0.01007004992823011,0.09063208968819408,0.017031820006441996,17
mask,partial,0.25,ISCIL,0.9101534028307484,0.004551256829297607,0.11881894048233428,0.027351105535215556,18
mask,partial,0.25,ISCIN,0.827192141497506,0.004689644403244943,0.08923948959110961,0.0374780454323677,22
mask,partial,0.25,ISCLA,0.8189105701668516,0.03832199116576336,0.02849268694954679,0.0011492990052347678,14
mask,partial,0.25,ISC_,0.9492419678714858,0.0034096509713539853,0.5665984439109621,0.01813350654423053,128
mask,partial,0.25,IVCD,0.6439337052134735,0.00240027068180892,0.07313400653181468,0.007873611531709337,79
mask,partial,0.25,LAFB,0.9561374754400737,0.002829290224068043,0.6736346998565749,0.016390329386235834,163
mask,partial,0.25,LAO/LAE,0.7294866427212563,0.013629859340211829,0.04748884733054978,0.003982806465798847,42
mask,partial,0.25,LMI,0.7197358375324477,0.01607546778013473,0.03518790529112901,0.01679722428291353,20
mask,partial,0.25,LNGQT,0.8320614908206149,0.01671878000623331,0.043125971549969354,0.0241353484444222,11
mask,partial,0.25,LPFB,0.9019493177387915,0.010714297579157804,0.3700675022695888,0.017877115096940403,18
mask,partial,0.25,LVH,0.9145682875754343,0.008485177649561616,0.5718356452196746,0.017945979787859327,214
mask,partial,0.25,NDT,0.8651788129632636,0.009307932323218885,0.3622041100956011,0.028620322570676728,183
mask,partial,0.25,NORM,0.9088713737599031,0.0026314129868480756,0.8566193671092321,0.0055336341695434,964
mask,partial,0.25,NST_,0.8136023587575799,0.008340853165674974,0.15377711988652412,0.017958519632438,77
mask,partial,0.25,PMI,0.9020142359533546,0.04318869397317819,0.06342855303710734,0.0932476796104665,2
mask,partial,0.25,RAO/RAE,0.8138014895880833,0.04043660192146407,0.03451106450992005,0.03206501121936112,10
mask,partial,0.25,RVH,0.9550560373244079,0.0071181562175877825,0.14184319795149822,0.03693667646994169,12
mask,partial,0.25,SEHYP,0.6911616161616161,0.23838742828147816,0.027826820890296197,0.012086699015106624,3
mask,partial,0.25,WPW,0.7349088838268791,0.026238390319157093,0.019647908244428195,0.004478460985243215,8
mask,partial,1.0,1AVB,0.9112635421573246,0.014898061367428217,0.32495756371682444,0.0807396527341738,80
mask,partial,1.0,2AVB,0.8628519527702089,0.06053265692059865,0.003927153871515889,0.0021688096642128486,1
mask,partial,1.0,3AVB,0.9617598061487204,0.020438099275459143,0.17371921832706147,0.0032092144959912617,2
mask,partial,1.0,ALMI,0.9011065994141844,0.00796783076477525,0.31245028431499317,0.00977030644825329,29
mask,partial,1.0,AMI,0.7369047619047618,0.0123068368164321,0.037812680579013824,0.007529429945643521,35
mask,partial,1.0,ANEUR,0.9305821553427572,0.005843577387137784,0.17012518657373818,0.0020688888109283493,10
mask,partial,1.0,ASMI,0.9377550917827774,0.005291616832651911,0.7000318137941672,0.01454354369032242,236
mask,partial,1.0,CLBBB,0.9952633725706473,0.0010313522824009981,0.8370663477301519,0.023378521908546075,54
mask,partial,1.0,CRBBB,0.9964697907151762,0.0003410451830009395,0.8558589919140869,0.02294894109739358,54
mask,partial,1.0,DIG,0.8763369777099754,0.010611136428468261,0.09333431762084148,0.01996632676144414,18
mask,partial,1.0,EL,0.8832168540463892,0.016510604901674483,0.04358284257680881,0.010973378175565228,9
mask,partial,1.0,ILBBB,0.9281890660592255,0.0118807779299688,0.16798240887719307,0.03090613893988755,8
mask,partial,1.0,ILMI,0.8793922402681105,0.014085975492116848,0.22321831877093853,0.028838400533742627,48
mask,partial,1.0,IMI,0.7651529175826295,0.012606806516284241,0.30198323820430445,0.024076622544641206,268
mask,partial,1.0,INJAL,0.9370662837999522,0.011200709698882613,0.3991941166758192,0.04747132972866513,14
mask,partial,1.0,INJAS,0.9658899865227238,0.0032501725280465626,0.3809438099350486,0.05675983082336832,22
mask,partial,1.0,INJIL,0.9532030895047705,0.014701217344264782,0.019027897243426874,0.004816358011732446,2
mask,partial,1.0,INJIN,0.9706194154172346,0.029715236898362078,0.0490964590964591,0.044407334330502354,2
mask,partial,1.0,INJLA,0.797364834166288,0.06218346669413024,0.0035207166226409303,0.0010473708963689423,2
mask,partial,1.0,IPLMI,0.7441006976038823,0.05840897034952942,0.033728184336355195,0.03768316688586465,5
mask,partial,1.0,IPMI,0.9429292929292931,0.02526368440305942,0.019516295625362463,0.007293050067453289,3
mask,partial,1.0,IRBBB,0.8612449044658513,0.016245287231878004,0.3056655485170133,0.028531064961529847,112
mask,partial,1.0,ISCAL,0.9058129257006188,0.0029160030323859844,0.21625521210384438,0.013961307183593294,66
mask,partial,1.0,ISCAN,0.680460815522207,0.0512676759544092,0.0035413903374049527,0.000735477193472375,4
mask,partial,1.0,ISCAS,0.9550167734065264,0.005672760666833988,0.14611137533244414,0.03332669281114421,17
mask,partial,1.0,ISCIL,0.9187812526485294,0.0033512369090586006,0.15829037419164285,0.008415346085380153,18
mask,partial,1.0,ISCIN,0.8620385422311143,0.0023865011288417186,0.17086512217233873,0.033316112413467595,22
mask,partial,1.0,ISCLA,0.8860318910570166,0.006659964825662627,0.06234927765682593,0.016370227484695847,14
mask,partial,1.0,ISC_,0.9566352911646586,0.0009892106168829322,0.6184385356883655,0.017016221680093566,128
mask,partial,1.0,IVCD,0.6822073629089291,0.02173913825213367,0.11032915273421497,0.018185863900416387,79
mask,partial,1.0,LAFB,0.9665358474678215,0.0018619866516822767,0.7376019100642678,0.010523994279319085,163
mask,partial,1.0,LAO/LAE,0.7683281549547166,0.021742075439228473,0.07767974639536268,0.017118804061145243,42
mask,partial,1.0,LMI,0.7694762559169339,0.03435263632975133,0.05292488286831629,0.006384988511212151,20
mask,partial,1.0,LNGQT,0.842498894049989,0.015211669259258685,0.06061132524761189,0.02669227848852342,11
mask,partial,1.0,LPFB,0.9166963301974743,0.007395669424497646,0.4157998023142689,0.015312628258672212,18
mask,partial,1.0,LVH,0.9400213636057506,0.0012745464699065539,0.6540812650385578,0.002749065875597377,214
mask,partial,1.0,NDT,0.893393027827373,0.003291671310187583,0.4671361792075815,0.016994594120472627,183
mask,partial,1.0,NORM,0.9176915919566598,0.0015837701849113295,0.870283274453263,0.004855998946148976,964
mask,partial,1.0,NST_,0.8341254230247644,0.005382655797241557,0.16013945880355132,0.0052331038355978915,77
mask,partial,1.0,PMI,0.9587308799030744,0.009323178163235473,0.09820588265914644,0.07765290281980826,2
mask,partial,1.0,RAO/RAE,0.8635810913512691,0.04952190363566415,0.07960896668003925,0.02700962685046343,10
mask,partial,1.0,RVH,0.9777118515137685,0.004531681426626054,0.17995692470366498,0.03627735497396886,12
mask,partial,1.0,SEHYP,0.9458080808080808,0.02288647940815782,0.2391251496662384,0.1446740518785153,3
mask,partial,1.0,WPW,0.8388382687927107,0.029753858241597923,0.2964405056543535,0.02415485057950797,8
simclr,frozen,0.01,1AVB,0.6294492856021353,0.11147395784612185,0.09372864750148513,0.04841910208304267,80
simclr,frozen,0.01,2AVB,0.7057220708446866,0.1367587753216774,0.0019048053349282228,0.0011828428176335407,1
simclr,frozen,0.01,3AVB,0.761472058155384,0.18843443810615979,0.00958034817548571,0.011904937632391544,2
simclr,frozen,0.01,ALMI,0.6976149689644598,0.053817326827837374,0.05705896684237085,0.006078038831607823,29
simclr,frozen,0.01,AMI,0.5648040766121948,0.030883574213827838,0.021309904898686224,0.003093632714162064,35
simclr,frozen,0.01,ANEUR,0.7121447028423772,0.2159661996270362,0.029211124759371907,0.03289202983149978,10
simclr,frozen,0.01,ASMI,0.8724480050781396,0.011962382913367023,0.5019857107749117,0.049313664104429694,236
simclr,frozen,0.01,CLBBB,0.9836472892933262,0.0027226535648340704,0.6158515388505665,0.04007643815806453,54
simclr,frozen,0.01,CRBBB,0.9618341002705822,0.02120621461663921,0.6403817882282808,0.05522470557794147,54
simclr,frozen,0.01,DIG,0.7594626663276549,0.0344610060756902,0.043515735001047356,0.011954080426516479,18
simclr,frozen,0.01,EL,0.8605793578446267,0.02528615976474928,0.026743117860484385,0.0017138274851990357,9
simclr,frozen,0.01,ILBBB,0.5018223234624146,0.11685300906859244,0.04703068018085133,0.07352497230059554,8
simclr,frozen,0.01,ILMI,0.6589552719773137,0.10361369698460798,0.0498227624067786,0.019951226480996134,48
simclr,frozen,0.01,IMI,0.6435355522130948,0.022576690289701717,0.18930718112103215,0.009137815953875047,268
simclr,frozen,0.01,INJAL,0.7918814853488221,0.039360682863800026,0.023287014783235915,0.009435419129331591,14
simclr,frozen,0.01,INJAS,0.7975838161532797,0.025791393850302238,0.046176596515855865,0.024457081698947832,22
simclr,frozen,0.01,INJIL,0.8088747538997425,0.13902889011132796,0.006541181458108926,0.004057076794041467,2
simclr,frozen,0.01,INJIN,0.7978948962592761,0.17889726650946153,0.008939508438088902,0.010520430749203415,2
simclr,frozen,0.01,INJLA,0.6384976525821596,0.2537824947590825,0.007398327906352253,0.008797452619999771,2
simclr,frozen,0.01,IPLMI,0.49505611161662116,0.2295542572274374,0.0059177215982139575,0.005080456942724621,5
simclr,frozen,0.01,IPMI,0.8878282828282829,0.05873950159863734,0.017231118342739833,0.012185839367856636,3
simclr,frozen,0.01,IRBBB,0.5628188267176789,0.009769781469904678,0.06472701823411632,0.0026863824648823377,112
simclr,frozen,0.01,ISCAL,0.8117463828741321,0.04383497160100056,0.11402759698480862,0.036630607189233215,66
simclr,frozen,0.01,ISCAN,0.3310595725329695,0.1867809385219388,0.001717093567142303,0.0004129427052220482,4
simclr,frozen,0.01,ISCAS,0.7474032613960496,0.03116979684642632,0.027668765178677304,0.008394732896916167,17
simclr,frozen,0.01,ISCIL,0.704619035511484,0.04783284058200334,0.021286480290496915,0.005340938448759922,18
simclr,frozen,0.01,ISCIN,0.6619774081947397,0.07976863315982342,0.05924472157436791,0.04365164253071695,22
simclr,frozen,0.01,ISCLA,0.6286627944919402,0.0883064557205675,0.02025528805667504,0.014031038997535607,14
simclr,frozen,0.01,ISC_,0.9078112449799196,0.007359252406345759,0.3934971208004639,0.036627448091068354,128
simclr,frozen,0.01,IVCD,0.5562707096712675,0.028877829498290836,0.06463233321087004,0.007398017393024237,79
simclr,frozen,0.01,LAFB,0.9282524359437027,0.009544244894742324,0.5399273797978298,0.030759773138127427,163
simclr,frozen,0.01,LAO/LAE,0.576873214193899,0.02599421782404004,0.03771200008340802,0.020115244657864507,42
simclr,frozen,0.01,LMI,0.5846159719041074,0.08091626925659952,0.016526197807996048,0.001938403387822872,20
simclr,frozen,0.01,LNGQT,0.6992645432426454,0.0863093937092495,0.014102354784088273,0.006530610604857706,11
simclr,frozen,0.01,LPFB,0.7527926095431816,0.10614892048634471,0.0658922700429479,0.027376971441885056,18
simclr,frozen,0.01,LVH,0.8021673722608301,0.014362576692045579,0.376954161159125,0.0485752329612182,214
simclr,frozen,0.01,NDT,0.7885272953524861,0.020638289465251664,0.22852261945385366,0.012179713149253197,183
simclr,frozen,0.01,NORM,0.8765415043810149,0.004408350309771635,0.7973480645411243,0.0059877661606907405,964
simclr,frozen,0.01,NST_,0.7696159281295687,0.017779264864560274,0.09817377108816903,0.007828517130051447,77
simclr,frozen,0.01,PMI,0.7213387854005755,0.13045172521831638,0.004340798487457294,0.0024586275216308944,2
simclr,frozen,0.01,RAO/RAE,0.43093175254597965,0.13229394372728914,0.006197345939416579,0.0014490751934779853,10
simclr,frozen,0.01,RVH,0.6550661798265632,0.11384058740797122,0.020413923811068643,0.007839513856462069,12
simclr,frozen,0.01,SEHYP,0.4944949494949495,0.22644852234473756,0.0033303903085496445,0.0029963387587767687,3
simclr,frozen,0.01,WPW,0.6611807137433562,0.09304495648223983,0.010137712834967708,0.0061855186920801416,8
simclr,frozen,0.05,1AVB,0.707571832312765,0.039845926936604964,0.10009192654773146,0.012680688977895557,80
simclr,frozen,0.05,2AVB,0.678928247048138,0.17288143009916487,0.001732572616104516,0.0009386516461273881,1
simclr,frozen,0.05,3AVB,0.8092533696804484,0.1589863881989175,0.00626173962423698,0.002403423360470513,2
simclr,frozen,0.05,ALMI,0.8558645010521418,0.010795408540256452,0.19311681446650794,0.04809340374016243,29
simclr,frozen,0.05,AMI,0.6370057986294149,0.00919034800653807,0.032031963036831264,0.00745253060375308,35
simclr,frozen,0.05,ANEUR,0.901687186502508,0.02290845073095462,0.061104789434492934,0.041781326007169155,10
simclr,frozen,0.05,ASMI,0.9282716373840688,0.009590122836760525,0.6353825971471971,0.009138283238199102,236
simclr,frozen,0.05,CLBBB,0.995544870137704,0.00034198739866917247,0.8361330273208044,0.009331177266631473,54
simclr,frozen,0.05,CRBBB,0.9929223468854306,0.0020273922926950937,0.796297234299065,0.02856529604660061,54
simclr,frozen,0.05,DIG,0.8258496482752776,0.05320694856661606,0.05275483390739676,0.031967661269686254,18
simclr,frozen,0.05,EL,0.8045342516627839,0.0350249533053986,0.016219267263236737,0.004929817283755618,9
simclr,frozen,0.05,ILBBB,0.9180144267274107,0.060896602927559655,0.17194847843434782,0.17816199373910363,8
simclr,frozen,0.05,ILMI,0.7674883990719258,0.00991851553712751,0.10161830211077771,0.04541445003941769,48
simclr,frozen,0.05,IMI,0.7006106418810342,0.013875910397030422,0.23025492996729602,0.01309379158146745,268
simclr,frozen,0.05,INJAL,0.8973873697491789,0.04936500111217166,0.14148900948793022,0.17622503556320973,14
simclr,frozen,0.05,INJAS,0.9044919622636267,0.021996391890239757,0.13973190939597208,0.09827935132569386,22
simclr,frozen,0.05,INJIL,0.9479024685748901,0.0406768696957892,0.024901159262824702,0.02139012064840875,2
simclr,frozen,0.05,INJIN,0.8933817961532636,0.10066717944366972,0.011797183559029631,0.010305947479244381,2
simclr,frozen,0.05,INJLA,0.8472663940633046,0.09401093115237728,0.006213066678782928,0.0032001538235981257,2
simclr,frozen,0.05,IPLMI,0.5551107067030635,0.08823566171628572,0.003942308578622993,0.0010940914540323804,5
simclr,frozen,0.05,IPMI,0.9071212121212121,0.0746988136719967,0.0318730136975977,0.027704098973615254,3
simclr,frozen,0.05,IRBBB,0.6518483409624012,0.010117435107942573,0.11279521353718787,0.010079313391725481,112
simclr,frozen,0.05,ISCAL,0.8738389983125593,0.004003149815882749,0.15343921530823795,0.009027208016671985,66
simclr,frozen,0.05,ISCAN,0.5380475973927542,0.11614291007757065,0.004015695936805514,0.003229049531674201,4
simclr,frozen,0.05,ISCAS,0.8741815115799293,0.035101557252133056,0.0717534349744461,0.014867057977953775,17
simclr,frozen,0.05,ISCIL,0.8534113060428851,0.025036689925456983,0.08021450025004347,0.052870681408933126,18
simclr,frozen,0.05,ISCIN,0.7778264071248939,0.07515772890518171,0.03929938474529334,0.020455565421245818,22
simclr,frozen,0.05,ISCLA,0.7462637864647915,0.04607782147991781,0.022307229642810737,0.0031368473345542076,14
simclr,frozen,0.05,ISC_,0.9418975903614458,0.003544601761617409,0.5386134311425951,0.005920389673831504,128
simclr,frozen,0.05,IVCD,0.6136995717021462,0.01336605038579172,0.08455243417693474,0.0015995997803898766,79
simclr,frozen,0.05,LAFB,0.9626002445968163,0.002555892825940797,0.6798523660647152,0.033091570040271114,163
simclr,frozen,0.05,LAO/LAE,0.6542899745120939,0.03076725006173281,0.03470375564766576,0.0046914349744442965,42
simclr,frozen,0.05,LMI,0.6535959688502061,0.03214290389929662,0.05238109545209949,0.05951330193485078,20
simclr,frozen,0.05,LNGQT,0.7903533510285334,0.05742343245067256,0.015273509853540541,0.00679011840474793,11
simclr,frozen,0.05,LPFB,0.872989236375964,0.08117225302720786,0.3227219729568092,0.12872393698958706,18
simclr,frozen,0.05,LVH,0.8805862148358026,0.006348142435908965,0.5077410953426187,0.016340923123819674,214
simclr,frozen,0.05,NDT,0.8584988006997422,0.018740892689683732,0.331047819980491,0.049817210946256046,183
simclr,frozen,0.05,NORM,0.8963573778434176,0.0012379157128512386,0.8405743338995171,0.00453534586333236,964
simclr,frozen,0.05,NST_,0.7972148578921862,0.008740604310002837,0.1136835022065677,0.02504088168699258,77
simclr,frozen,0.05,PMI,0.8844464637286081,0.0899637942659361,0.018294129391200592,0.023462743784047568,2
simclr,frozen,0.05,RAO/RAE,0.6676546587627299,0.06290162393196282,0.040447019879247294,0.03044292315817025,10
simclr,frozen,0.05,RVH,0.935316192504691,0.015008183142331611,0.13262189616842357,0.0814804825137559,12
simclr,frozen,0.05,SEHYP,0.49292929292929294,0.17607086324195456,0.002067843268807371,0.0010571034757977907,3
simclr,frozen,0.05,WPW,0.7542710706150341,0.20358669576189892,0.058969170334003534,0.05061429033112518,8
simclr,frozen,0.1,1AVB,0.7576110849426912,0.03416850302826884,0.11394823624648735,0.018148620646229602,80
simclr,frozen,0.1,2AVB,0.6942173781410839,0.14949058575735125,0.0017613331368881763,0.0008915586876371205,1
simclr,frozen,0.1,3AVB,0.8291685597455704,0.13157231230338612,0.02287173353336622,0.006316609918244736,2
simclr,frozen,0.1,ALMI,0.854600873436327,0.0026109450123390355,0.1972942385756271,0.039857171843042265,29
simclr,frozen,0.1,AMI,0.7058074152170093,0.016530109661095027,0.04129984575305679,0.005541238772899142,35
simclr,frozen,0.1,ANEUR,0.9071439428484572,0.014482772446441741,0.0786340707834491,0.028108178751890946,10
simclr,frozen,0.1,ASMI,0.9386131767382144,0.00519310523003885,0.6766428692644363,0.01599344000523543,236
simclr,frozen,0.1,CLBBB,0.996262976176114,0.0005574871364325563,0.8590372311901643,0.015577286022276782,54
simclr,frozen,0.1,CRBBB,0.9939822713981238,0.001517651492484039,0.8170735829100241,0.044812848722102686,54
simclr,frozen,0.1,DIG,0.8562166285278415,0.024869594664109287,0.05903013855658181,0.0022663236455069255,18
simclr,frozen,0.1,EL,0.8598197103210777,0.015231474841498052,0.02182562058084428,0.005255228894469512,9
simclr,frozen,0.1,ILBBB,0.9221905846621109,0.042451656825597636,0.11707856700182222,0.04922573519527722,8
simclr,frozen,0.1,ILMI,0.789581722093323,0.009162659407308447,0.12965217751898805,0.03290725121749936,48
simclr,frozen,0.1,IMI,0.7144330029439366,0.0061723334674312095,0.24697722690472704,0.012369029011783184,268
simclr,frozen,0.1,INJAL,0.9262111422915443,0.011309832134613321,0.20457017024324534,0.0977086679041446,14
simclr,frozen,0.1,INJAS,0.9527670098509162,0.01985823937105544,0.24583149408315808,0.11807967561232076,22
simclr,frozen,0.1,INJIL,0.9566106315311221,0.025053610144828205,0.025133445541073936,0.02344857504276055,2
simclr,frozen,0.1,INJIN,0.9550204452521581,0.03137160187137814,0.01890096618357488,0.009382886341518156,2
simclr,frozen,0.1,INJLA,0.8297743449946994,0.08631134473314336,0.005864457757484571,0.002370511061489006,2
simclr,frozen,0.1,IPLMI,0.6327267212617531,0.04119028855705792,0.006284223186039977,0.0033020549031332665,5
simclr,frozen,0.1,IPMI,0.9322222222222222,0.019012787087897266,0.033305730330740656,0.0272531853527174,3
simclr,frozen,0.1,IRBBB,0.7047557844275921,0.019561858618152055,0.1449512306940035,0.006679144284130506,112
simclr,frozen,0.1,ISCAL,0.8878206491683329,0.010456385165423427,0.16697786199932266,0.009816336568649362,66
simclr,frozen,0.1,ISCAN,0.6895179627103228,0.06763320515548626,0.004180327364120997,0.0012877820725624768,4
simclr,frozen,0.1,ISCAS,0.9028577579247618,0.01195771463898625,0.13086180125461824,0.03426522380942435,17
simclr,frozen,0.1,ISCIL,0.8924485125858124,0.01325691036325983,0.08767208957153727,0.009162216528398508,18
simclr,frozen,0.1,ISCIN,0.8158962388673531,0.06065623752379591,0.051521575320489975,0.02033348919803149,22
simclr,frozen,0.1,ISCLA,0.8211947181796427,0.01358041687190041,0.02732037430174218,0.004347573026160138,14
simclr,frozen,0.1,ISC_,0.947914156626506,0.003548163286513062,0.5861506210546362,0.023374167191046583,128
simclr,frozen,0.1,IVCD,0.6105826916811684,0.03236771995127059,0.07565608717430848,0.003157596483092387,79
simclr,frozen,0.1,LAFB,0.9655544528649905,0.0029162655637984492,0.6978765035047494,0.021966062436007436,163
simclr,frozen,0.1,LAO/LAE,0.6747684420058322,0.0425337441397305,0.038895593427697495,0.006721145052288947,42
simclr,frozen,0.1,LMI,0.6489387692777523,0.03888105491245918,0.02156193842076595,0.00821579816424785,20
simclr,frozen,0.1,LNGQT,0.7893165228931652,0.04360157074059721,0.018072432497587325,0.004997547115775425,11
simclr,frozen,0.1,LPFB,0.9156708195609796,0.05282148418238129,0.35048303619956167,0.0699061560787978,18
simclr,frozen,0.1,LVH,0.9022896961324669,0.004652082714421562,0.5577588242173661,0.02345718915681772,214
simclr,frozen,0.1,NDT,0.8810808129993326,0.0038951308460953523,0.36795723171338474,0.022448693568542448,183
simclr,frozen,0.1,NORM,0.9030257413230899,0.003441491685006706,0.851070864435013,0.008746667087625677,964
simclr,frozen,0.1,NST_,0.8162474089096855,0.01088856132418406,0.13095522683434116,0.015835650009198843,77
simclr,frozen,0.1,PMI,0.9013327275480844,0.11638912673584197,0.06101184515345123,0.06664484308768179,2
simclr,frozen,0.1,RAO/RAE,0.7207630338957288,0.023077620529439534,0.04408050675387241,0.028385568564327664,10
simclr,frozen,0.1,RVH,0.9619909731730818,0.006282162591517544,0.13471529506846947,0.07522796448102424,12
simclr,frozen,0.1,SEHYP,0.533989898989899,0.25338866536032834,0.0048307612719085255,0.0037485959680821535,3
simclr,frozen,0.1,WPW,0.7791002277904328,0.03505919731806748,0.032822686556031856,0.015901238630853052,8
simclr,frozen,0.25,1AVB,0.7685262600094207,0.024055324040743474,0.10374086345146882,0.010884899383829801,80
simclr,frozen,0.25,2AVB,0.6716621253405993,0.2715075001230414,0.0019991847234496125,0.001126710621135268,1
simclr,frozen,0.25,3AVB,0.9482053611994549,0.013240297247521867,0.16204679336015168,0.09857520687598346,2
simclr,frozen,0.25,ALMI,0.8765636730852604,0.004562370993300936,0.24540738592789066,0.01817636699345224,29
simclr,frozen,0.25,AMI,0.7299595853101387,0.014064907850397393,0.040338167142937434,0.0041395778773290004,35
simclr,frozen,0.25,ANEUR,0.9233318133454933,0.012704252592778752,0.15413274529113027,0.06536551863405407,10
simclr,frozen,0.25,ASMI,0.9471236561456116,0.003750426348164766,0.7091148201991334,0.01320146536384361,236
simclr,frozen,0.25,CLBBB,0.9965933049537826,0.00022210730712795404,0.8571724973215141,0.011631988117429675,54
simclr,frozen,0.25,CRBBB,0.994858360764984,0.00019390458762603158,0.8219457517622281,0.029486109216175442,54
simclr,frozen,0.25,DIG,0.8719976269175355,0.018744797596785157,0.10988661772398887,0.08853850169533406,18
simclr,frozen,0.25,EL,0.8737972247543807,0.007294726052883942,0.033076894499184224,0.014734657512415525,9
simclr,frozen,0.25,ILBBB,0.9429384965831434,0.00806004829747336,0.45066157652493805,0.14557339221755025,8
simclr,frozen,0.25,ILMI,0.8228699407063677,0.009767848315759185,0.17383376262525405,0.023147649569723337,48
simclr,frozen,0.25,IMI,0.7379324308689114,0.013849902765040457,0.27129028756705503,0.018117285754313636,268
simclr,frozen,0.25,INJAL,0.9484435162827122,0.009874058492555708,0.36804436725641354,0.011962665110477277,14
simclr,frozen,0.25,INJAS,0.9698081224903783,0.006273231937628209,0.34250099584217236,0.0515206887150315,22
simclr,frozen,0.25,INJIL,0.9591094956837801,0.01665788962091656,0.02516778638178745,0.003565570516121463,2
simclr,frozen,0.25,INJIN,0.9594123883083446,0.046120064610175995,0.08580413015896886,0.12186294130267138,2
simclr,frozen,0.25,INJLA,0.8942147508708164,0.03385231622376186,0.00879557969973812,0.0058194323329352,2
simclr,frozen,0.25,IPLMI,0.6822869275098574,0.03609592873007914,0.007205549558889231,0.003063565603374523,5
simclr,frozen,0.25,IPMI,0.9428787878787879,0.045303790406109504,0.08416806558068457,0.10199284267748335,3
simclr,frozen,0.25,IRBBB,0.7201754685614082,0.0022443163127908476,0.15411812940884342,0.013204345991093132,112
simclr,frozen,0.25,ISCAL,0.8993704003062918,0.00338596735957212,0.20622198025777375,0.006098219197374433,66
simclr,frozen,0.25,ISCAN,0.7371153554646052,0.06807477440948409,0.008469538463374603,0.004436759873049612,4
simclr,frozen,0.25,ISCAS,0.9326372818111691,0.011479145729071494,0.1291372274244059,0.04861783950043237,17
simclr,frozen,0.25,ISCIL,0.9211289092295957,0.009010274500858746,0.17298154158451298,0.027185378871842275,18
simclr,frozen,0.25,ISCIN,0.8361260472677254,0.027208939855473208,0.07465381250863463,0.00919584712744651,22
simclr,frozen,0.25,ISCLA,0.8443516282712263,0.022817133984323543,0.03935858625265698,0.01478159139831505,14
simclr,frozen,0.25,ISC_,0.9531752008032127,0.0012781330544404423,0.6132225392216131,0.004260211269929215,128
simclr,frozen,0.25,IVCD,0.6582715519638928,0.014766518676054214,0.08739754965102446,0.00895227953492385,79
simclr,frozen,0.25,LAFB,0.9695973174545892,0.0007600120647620166,0.7176631041295384,0.013319298941698287,163
simclr,frozen,0.25,LAO/LAE,0.698967262363838,0.015526789492300354,0.042000857355003585,0.007381567257238627,42
simclr,frozen,0.25,LMI,0.6995800885631395,0.01222676378063288,0.02380713937516284,0.004156258220928428,20
simclr,frozen,0.25,LNGQT,0.8509870603848707,0.013690906247156808,0.047244841581602005,0.024210757297268546,11
simclr,frozen,0.25,LPFB,0.9399355877616747,0.01490972452748457,0.4085730696423809,0.03857168964607916,18
simclr,frozen,0.25,LVH,0.9126183103643246,0.0009511593588631658,0.5835133051734195,0.0031950779630479935,214
simclr,frozen,0.25,NDT,0.8917762268030082,0.009578951190676272,0.40785866849139185,0.02829950211220978,183
simclr,frozen,0.25,NORM,0.9053917907740258,0.0011429846560026074,0.8553564022166996,0.0033248322843993476,964
simclr,frozen,0.25,NST_,0.8274853086706333,0.006347198473444882,0.15292212354987567,0.006537286199589422,77
simclr,frozen,0.25,PMI,0.9494926548538544,0.014848498060500209,0.18485567744588363,0.27834091460931754,2
simclr,frozen,0.25,RAO/RAE,0.760373917008664,0.057602790485913866,0.03197313566806524,0.017407336760073947,10
simclr,frozen,0.25,RVH,0.9686469902124855,0.004153475374906093,0.14214354546305105,0.019204710010541498,12
simclr,frozen,0.25,SEHYP,0.6541919191919191,0.08308507557121939,0.006828051796886748,0.006902858383936228,3
simclr,frozen,0.25,WPW,0.8604024297646166,0.009904519064167831,0.11412617432669463,0.05244624990470322,8
simclr,frozen,1.0,1AVB,0.7852684879886952,0.009686219943861483,0.1172736972337518,0.001248092454456073,80
simclr,frozen,1.0,2AVB,0.5478353012412959,0.12806324787828097,0.0010580473088541427,0.0002938030527983647,1
simclr,frozen,1.0,3AVB,0.9816749962138421,0.011601963839197734,0.20065441381230853,0.1191802038616032,2
simclr,frozen,1.0,ALMI,0.8808568346921296,0.01372345943044459,0.27825042763514335,0.005615962058755238,29
simclr,frozen,1.0,AMI,0.7742663855209981,0.005663475194185556,0.048067391907462335,0.0027698972689758853,35
simclr,frozen,1.0,ANEUR,0.9434412524699803,0.001969425667942901,0.2271835296145304,0.03068908726957935,10
simclr,frozen,1.0,ASMI,0.9518743591290186,0.003481789893331527,0.7234619427983991,0.014393977349521778,236
simclr,frozen,1.0,CLBBB,0.9969437407005269,2.6326202224183886e-05,0.8699445116552216,0.01098076161517241,54
simclr,frozen,1.0,CRBBB,0.996168186179044,7.429534929466735e-05,0.877874408564186,0.01184594978204957,54
simclr,frozen,1.0,DIG,0.8983557928638021,0.015447690796279284,0.09945370311066737,0.012048522402893601,18
simclr,frozen,1.0,EL,0.9198993889057699,0.0032763168355334884,0.13429458203305997,0.04562324662795092,9
simclr,frozen,1.0,ILBBB,0.9337509491268033,0.010547510837437515,0.4155760188733475,0.12503781274335712,8
simclr,frozen,1.0,ILMI,0.8423369425109565,0.0026797706743871244,0.2075022456042962,0.021064250018236703,48
simclr,frozen,1.0,IMI,0.7608726393870442,0.015281818149779693,0.29694452305555963,0.01728088606693906,268
simclr,frozen,1.0,INJAL,0.9371804912005915,0.004827035133711701,0.407544542733609,0.037034479733276324,14
simclr,frozen,1.0,INJAS,0.9814444305503452,0.003123832599035371,0.4546809662119451,0.04990130516988638,22
simclr,frozen,1.0,INJIL,0.972361048008481,0.011730247697057064,0.04226378017361624,0.021910729445109047,2
simclr,frozen,1.0,INJIN,0.9610025745873086,0.01429784734833605,0.019973251959675916,0.007886763643268381,2
simclr,frozen,1.0,INJLA,0.8586248674844766,0.02050867709451336,0.004767681851664638,0.0006699885263371174,2
simclr,frozen,1.0,IPLMI,0.6960266909311494,0.021369777549232385,0.0077604602249994915,0.0018174383066266082,5
simclr,frozen,1.0,IPMI,0.9816161616161616,0.003499092540543097,0.07989449014804746,0.023212132480569272,3
simclr,frozen,1.0,IRBBB,0.7294029400378038,0.001565072238990139,0.1836733493214148,0.01124606141404922,112
simclr,frozen,1.0,ISCAL,0.9098353681881992,0.003048044656808029,0.21417699580377705,0.003198266843015697,66
simclr,frozen,1.0,ISCAN,0.7860770046991057,0.009674400203760928,0.013972613310648066,0.005229695789164987,4
simclr,frozen,1.0,ISCAS,0.948172864754319,0.0054786513756659,0.17884758044354712,0.03981090017893389,17
simclr,frozen,1.0,ISCIL,0.9342401898465972,0.016444421559193897,0.18009704578385977,0.022925743077556158,18
simclr,frozen,1.0,ISCIN,0.8634418462478987,0.032958076505133514,0.12978717773663365,0.018467274833462756,22
simclr,frozen,1.0,ISCLA,0.8695316408884248,0.004652514884402293,0.06086542354392763,0.0068524048159388316,14
simclr,frozen,1.0,ISC_,0.9550188253012047,0.001462235200521698,0.6345157126377939,0.00744572498080886,128
simclr,frozen,1.0,IVCD,0.6605004489578615,0.005520267203860411,0.09129069207241808,0.006705343253233135,79
simclr,frozen,1.0,LAFB,0.9718057059224509,0.0008174779384573702,0.7334824324237864,0.013262334375884905,163
simclr,frozen,1.0,LAO/LAE,0.7061655759018092,0.0006249157538391948,0.047837704663491694,0.001721180323800585,42
simclr,frozen,1.0,LMI,0.7280729882424798,0.008573059796619242,0.0392962975419166,0.001300488034815089,20
simclr,frozen,1.0,LNGQT,0.8727051537270517,0.011954144298066209,0.06812718074249852,0.023612525959631172,11
simclr,frozen,1.0,LPFB,0.9639206712433257,0.007361616618578514,0.4635099276864587,0.03585518182442077,18
simclr,frozen,1.0,LVH,0.9205004471634489,0.0009609507821531837,0.6074953149440301,0.0018043569490280667,214
simclr,frozen,1.0,NDT,0.9051344478710166,0.001132950922363182,0.46883170777668015,0.013460829393011473,183
simclr,frozen,1.0,NORM,0.9097518745876577,0.0012803551953593515,0.8633720100947645,0.003296605836395878,964
simclr,frozen,1.0,NST_,0.8434665835888789,0.002050732889279384,0.16152397487574444,0.006692574166601648,77
simclr,frozen,1.0,PMI,0.9670604270786006,0.010934853745169311,0.050333536833536835,0.02398078473624059,2
simclr,frozen,1.0,RAO/RAE,0.8151846785225718,0.02002914340327505,0.06767567809260762,0.018140561933850552,10
simclr,frozen,1.0,RVH,0.9752776509965008,0.0050287438308459645,0.19647161221106338,0.04292780488831974,12
simclr,frozen,1.0,SEHYP,0.9822222222222221,0.0007626095389161908,0.06449152791238767,0.026764894606016488,3
simclr,frozen,1.0,WPW,0.8954441913439636,0.008838261454098306,0.306376497559092,0.06838614048186416,8
simclr,full,0.01,1AVB,0.6590771706704349,0.09736721701495742,0.08861631316804985,0.0421788631046718,80
simclr,full,0.01,2AVB,0.8409022101120195,0.07219470662811334,0.0032547181825127985,0.0013972203488088765,1
simclr,full,0.01,3AVB,0.888459791004089,0.1517469944094062,0.028438915942209236,0.027904227208505585,2
simclr,full,0.01,ALMI,0.6898164303312925,0.062178159205748866,0.0439416660941773,0.017401104046443513,29
simclr,full,0.01,AMI,0.5936039360393605,0.025106769367154693,0.026063645883913637,0.009238390800858611,35
simclr,full,0.01,ANEUR,0.6733850129198967,0.03635012705187766,0.012789253904364096,0.005188215701794849,10
simclr,full,0.01,ASMI,0.8445598849950741,0.00875264239218006,0.45665789997124645,0.0496869632949754,236
simclr,full,0.01,CLBBB,0.9048452050623603,0.12143506836110111,0.5593526305505301,0.18328316737922898,54
simclr,full,0.01,CRBBB,0.959593609430743,0.028430830573952088,0.6106203260386879,0.07362824494801665,54
simclr,full,0.01,DIG,0.7796338672768878,0.07452011999656441,0.056316461608147794,0.038603908344761795,18
simclr,full,0.01,EL,0.8010905162226948,0.07201062009324206,0.015972568835577357,0.004664885953099,9
simclr,full,0.01,ILBBB,0.3929005315110099,0.1759561419485611,0.0037640529688910914,0.0011277598256125983,8
simclr,full,0.01,ILMI,0.7073698118071668,0.028752158625159754,0.06021024427557791,0.008984681370460233,48
simclr,full,0.01,IMI,0.664182318382249,0.01339628437509657,0.20543453113089594,0.004234959011679704,268
simclr,full,0.01,INJAL,0.7676042550414409,0.06945440535032193,0.01655313140313223,0.005886826645197711,14
simclr,full,0.01,INJAS,0.865268920289553,0.021657115947565884,0.05740659142512722,0.016635943608614714,22
simclr,full,0.01,INJIL,0.8830834469180675,0.030059708663124223,0.006212433337907073,0.0016185745842384398,2
simclr,full,0.01,INJIN,0.7448886869604725,0.22322322070323453,0.006289523189957859,0.007090569354372791,2
simclr,full,0.01,INJLA,0.513327275480842,0.20530971968436654,0.0022179465595835827,0.0009700904788170085,2
simclr,full,0.01,IPLMI,0.42265696087352134,0.12275948631558942,0.004855188735071796,0.003922703517821128,5
simclr,full,0.01,IPMI,0.8309090909090909,0.13923516979156905,0.024251945155968933,0.01874232227271904,3
simclr,full,0.01,IRBBB,0.6174698537951766,0.03261018748447841,0.08716278355527247,0.021429028944481315,112
simclr,full,0.01,ISCAL,0.8056914488828387,0.028886573424695392,0.12685739270410268,0.040667031527528194,66
simclr,full,0.01,ISCAN,0.5646127027436714,0.11856225490334932,0.0036703555115579233,0.002276692633978722,4
simclr,full,0.01,ISCAS,0.7615754444504242,0.03110976046275676,0.03781161379270156,0.022659030767190308,17
simclr,full,0.01,ISCIL,0.7560725485210611,0.03867847994741,0.028387187919479837,0.014814247550667719,18
simclr,full,0.01,ISCIN,0.7081613938560293,0.06497262472400825,0.030400601619989146,0.013769018191758407,22
simclr,full,0.01,ISCLA,0.7356696904435598,0.03446489952778554,0.04227427442133285,0.019173466724003572,14
simclr,full,0.01,ISC_,0.912464859437751,0.01229853416992228,0.4176760601865727,0.04225834826687403,128
simclr,full,0.01,IVCD,0.5828784158541721,0.04247667217368954,0.07878187082022724,0.03388817417524534,79
simclr,full,0.01,LAFB,0.9202007899274229,0.011600638382109127,0.5300575221979241,0.07639750195277412,163
simclr,full,0.01,LAO/LAE,0.5891268739487158,0.012751131137073959,0.02710205532423444,0.0011594860952522596,42
simclr,full,0.01,LMI,0.5479080775690945,0.0680874212445915,0.013543020908212536,0.002610227165488435,20
simclr,full,0.01,LNGQT,0.6910252156602521,0.11909565269746608,0.04189222176609406,0.05793860397821126,11
simclr,full,0.01,LPFB,0.7172556996355622,0.1097935059697802,0.09053384417955805,0.09330011371318923,18
simclr,full,0.01,LVH,0.8233007397383428,0.02674396205459857,0.43297218365266815,0.03629345139406378,214
simclr,full,0.01,NDT,0.7935039405579903,0.027847928409362697,0.23492000153808754,0.031592327467669164,183
simclr,full,0.01,NORM,0.8777192265658402,0.008039934258755878,0.8129299549432577,0.009236070098436883,964
simclr,full,0.01,NST_,0.7626601996310369,0.017550628088642776,0.09736588733629763,0.011731841124332397,77
simclr,full,0.01,PMI,0.5672421626533394,0.2315868781191717,0.0018923820189144062,0.0007863160257755269,2
simclr,full,0.01,RAO/RAE,0.4709226326189391,0.11122728162621513,0.00934251524045695,0.003666977141905123,10
simclr,full,0.01,RVH,0.719344287235661,0.12357371063441354,0.030569452666475996,0.025374982851358585,12
simclr,full,0.01,SEHYP,0.5554040404040405,0.1288401260627643,0.00489446122423898,0.0037802324359926245,3
simclr,full,0.01,WPW,0.5618830675778285,0.21594894455676789,0.009801102587594777,0.008996785613753066,8
simclr,full,0.05,1AVB,0.7732571832312765,0.03030079836307483,0.11894743487486352,0.01759381492597652,80
simclr,full,0.05,2AVB,0.6330608537693007,0.19220649561043698,0.0016111226325965866,0.0011012986771925025,1
simclr,full,0.05,3AVB,0.8611994547932756,0.11989986466229714,0.01489996488245704,0.014560200354597702,2
simclr,full,0.05,ALMI,0.8404418995653966,0.006361621768075818,0.15471169742307458,0.06831122810236792,29
simclr,full,0.05,AMI,0.6696889826041117,0.04364103045013428,0.038743091034409594,0.013153769486550533,35
simclr,full,0.05,ANEUR,0.9051375588995288,0.021511544335675804,0.0367488698206541,0.012521380269456357,10
simclr,full,0.05,ASMI,0.9338926323892244,0.009118223903086373,0.6447002669584093,0.05117085773478259,236
simclr,full,0.05,CLBBB,0.9901217333356312,0.006097792509663462,0.7890419872211015,0.03860209730211837,54
simclr,full,0.05,CRBBB,0.9929855402168105,9.787340099269779e-05,0.8057218365417422,0.06423405975391151,54
simclr,full,0.05,DIG,0.8565132638359184,0.02449187524033706,0.05098010380887929,0.015281348014295133,18
simclr,full,0.05,EL,0.7947770012491983,0.05043673955255618,0.017666627147394004,0.008882003787784651,9
simclr,full,0.05,ILBBB,0.8417615793470007,0.010364516842176097,0.07662563170428896,0.07659009351863948,8
simclr,full,0.05,ILMI,0.831167826759474,0.020797238701019554,0.13586731397082688,0.04661337468507732,48
simclr,full,0.05,IMI,0.7882788897887822,0.0161698018646232,0.35728729598008574,0.03686225550316688,268
simclr,full,0.05,INJAL,0.9142030498814417,0.023371507153573584,0.14606169646240577,0.14635576029895053,14
simclr,full,0.05,INJAS,0.9103066427688161,0.037541986455690186,0.16715202977981214,0.1410029205363186,22
simclr,full,0.05,INJIL,0.9519915190065121,0.03939562241022764,0.031134345645839903,0.032159540607874446,2
simclr,full,0.05,INJIN,0.9314705436922611,0.025133130381365446,0.010684388335039112,0.004214017829383632,2
simclr,full,0.05,INJLA,0.921777979706194,0.014921305079744143,0.17687325848562496,0.2819130340673045,2
simclr,full,0.05,IPLMI,0.664877161055505,0.016215700603422024,0.004160405975452793,0.0004776247197235715,5
simclr,full,0.05,IPMI,0.8512626262626263,0.11584800661500276,0.010856939100209703,0.008825964742985724,3
simclr,full,0.05,IRBBB,0.6691219170595067,0.02530892189805942,0.1460800850975175,0.030357637957230614,112
simclr,full,0.05,ISCAL,0.8890755945037648,0.002599104303770565,0.18138342714152614,0.025947257479068266,66
simclr,full,0.05,ISCAN,0.7046763680460816,0.12134430698010526,0.004323277819112899,0.001559961279183494,4
simclr,full,0.05,ISCAS,0.9183305527151392,0.033967341361732045,0.08210078982262066,0.020717638639091557,17
simclr,full,0.05,ISCIL,0.8863971523010424,0.010476945037112342,0.08908232401318177,0.042304072132425645,18
simclr,full,0.05,ISCIN,0.7838217109193725,0.07997296088904947,0.06424999622381093,0.03727878653747337,22
simclr,full,0.05,ISCLA,0.8134938763079468,0.030589442105803864,0.029408555141101342,0.005176572890194442,14
simclr,full,0.05,ISC_,0.9437412148594376,0.005307894187746702,0.5863082786229604,0.029533010082205546,128
simclr,full,0.05,IVCD,0.6236024696655463,0.043692887786845686,0.10913598954523024,0.0285273191182973,79
simclr,full,0.05,LAFB,0.9668596375155379,0.004506980573494436,0.7098732686620117,0.007754405507768261,163
simclr,full,0.05,LAO/LAE,0.682506629059151,0.02539597456220838,0.03876827450264162,0.006042594006197578,42
simclr,full,0.05,LMI,0.697472896625439,0.02542069880518836,0.05416207540951657,0.01592066798690202,20
simclr,full,0.05,LNGQT,0.8377156602521566,0.02201734756568617,0.04885418945345924,0.048996485561951415,11
simclr,full,0.05,LPFB,0.7750911094160521,0.037772050558962864,0.2565760396892587,0.06294753538975827,18
simclr,full,0.05,LVH,0.8948468915483758,0.01575078135444248,0.576541739860678,0.013445273168584067,214
simclr,full,0.05,NDT,0.8669543183826579,0.011552809258940883,0.34733279320932975,0.03313968041580099,183
simclr,full,0.05,NORM,0.9111888631017965,0.004042248961135211,0.8687483705885146,0.006315057016011737,964
simclr,full,0.05,NST_,0.7965714122816663,0.020520493325009066,0.11953111181792349,0.02999387050823011,77
simclr,full,0.05,PMI,0.8079660760260486,0.18567992649634035,0.007478013742637354,0.0036899571524787777,2
simclr,full,0.05,RAO/RAE,0.5868521051831586,0.07047245237379964,0.045085073077453096,0.054435708207173986,10
simclr,full,0.05,RVH,0.9076651960038542,0.018695527508675255,0.10448078187830019,0.02579316292970226,12
simclr,full,0.05,SEHYP,0.6258585858585858,0.21887161231013316,0.01219287869534452,0.016646625169302924,3
simclr,full,0.05,WPW,0.6116552771450267,0.2543687003334076,0.05849187381810959,0.0740931313309756,8
simclr,full,0.1,1AVB,0.8489558800439628,0.007112445753482597,0.18887212788521937,0.018153840270806274,80
simclr,full,0.1,2AVB,0.7729336966394187,0.10032219969382435,0.0022559279929819757,0.0009071624483774097,1
simclr,full,0.1,3AVB,0.9407844918976224,0.01928979592495099,0.015359004505509881,0.00547196428155882,2
simclr,full,0.1,ALMI,0.8681994099546363,0.020946488141360343,0.23243427906348144,0.018482317810992195,29
simclr,full,0.1,AMI,0.7315234580917238,0.032228340203943384,0.043317989023353355,0.002714904313748062,35
simclr,full,0.1,ANEUR,0.9052591579267366,0.01345377291633557,0.10513422166675492,0.0589199781926851,10
simclr,full,0.1,ASMI,0.9510852081951063,0.0068313845929388675,0.7075350099699035,0.03924876919577528,236
simclr,full,0.1,CLBBB,0.9923737138720852,0.004106299866477729,0.8570158173336484,0.027013368667027967,54
simclr,full,0.1,CRBBB,0.9960935031510493,0.0008878857742260596,0.8708848271203812,0.023105147773508288,54
simclr,full,0.1,DIG,0.8762267988812611,0.03283107798594789,0.04177186629138649,0.01105331792286303,18
simclr,full,0.1,EL,0.8113035551504102,0.021443300608750458,0.02273398044289844,0.010794331802974188,9
simclr,full,0.1,ILBBB,0.8955770690964312,0.022114181986146335,0.046010931219025615,0.018196327885410247,8
simclr,full,0.1,ILMI,0.8795050270688322,0.006579422774279643,0.19583592280191733,0.02171786536682702,48
simclr,full,0.1,IMI,0.8405324797202617,0.010285658989449059,0.4691687203269301,0.0338258426448594,268
simclr,full,0.1,INJAL,0.9448432639387413,0.015213261923950429,0.2547932170537383,0.0832650735556011,14
simclr,full,0.1,INJAS,0.9481194336765175,0.029794689764921035,0.21689939087940913,0.06951002653063054,22
simclr,full,0.1,INJIL,0.9516129032258065,0.011514153473397647,0.014143958305734625,0.003618870349197219,2
simclr,full,0.1,INJIN,0.9492654853854309,0.043103174288826464,0.029532349263577132,0.03189904256685983,2
simclr,full,0.1,INJLA,0.8707405724670604,0.09923250200616297,0.014321755884722212,0.001715863520269332,2
simclr,full,0.1,IPLMI,0.7423718531998788,0.07445500941316037,0.07329545048017952,0.11905453333428337,5
simclr,full,0.1,IPMI,0.8455555555555555,0.13592187140790787,0.01202898817052609,0.004876828377604598,3
simclr,full,0.1,IRBBB,0.8231977750449774,0.048787900375014286,0.272463708901807,0.07885202970494339,112
simclr,full,0.1,ISCAL,0.9051700911785142,0.003856616115381828,0.22037044129114014,0.009572907676409479,66
simclr,full,0.1,ISCAN,0.643663786569653,0.06834139139444882,0.003280011666431553,0.0006372249796017688,4
simclr,full,0.1,ISCAS,0.9043377643829719,0.03256988131267958,0.12322999896168108,0.04558387473720622,17
simclr,full,0.1,ISCIL,0.9097550639884737,0.016299961312404555,0.11276735497030244,0.06753420816876234,18
simclr,full,0.1,ISCIN,0.832228752448835,0.06185399806699154,0.10340383347016911,0.046842535988534,22
simclr,full,0.1,ISCLA,0.8183993560877983,0.03541399686380858,0.029485137749474106,0.011007100006659852,14
simclr,full,0.1,ISC_,0.9464081325301205,0.006586670248662592,0.5795235049131441,0.010841774889146434,128
simclr,full,0.1,IVCD,0.6186321485613483,0.03349016871257698,0.08022460243753367,0.011667207694094935,79
simclr,full,0.1,LAFB,0.9679242351337263,0.001319136243041692,0.7368636191266685,0.025281784132934967,163
simclr,full,0.1,LAO/LAE,0.7073004120667239,0.026109536862110837,0.05160390962221493,0.01069494004622191,42
simclr,full,0.1,LMI,0.7583295159566346,0.0360202559777854,0.037214388466679287,0.00951684192919197,20
simclr,full,0.1,LNGQT,0.8271814863968148,0.052755836977625994,0.037037572487579266,0.020153013299578963,11
simclr,full,0.1,LPFB,0.8740994999576235,0.05241855511360741,0.24508011538848332,0.09595803871075041,18
simclr,full,0.1,LVH,0.916448566805906,0.007544907844963742,0.6098626152340215,0.01809287995340607,214
simclr,full,0.1,NDT,0.8891152229977095,0.009813334746467865,0.4354148651402261,0.03443725097133237,183
simclr,full,0.1,NORM,0.9230411577623056,0.0054073765602326304,0.881144728220327,0.011452966426386942,964
simclr,full,0.1,NST_,0.818145166216662,0.015621279148787384,0.12830578412152507,0.028115492937894154,77
simclr,full,0.1,PMI,0.8652127820687566,0.08809675724359728,0.013440927478588674,0.015394479793771506,2
simclr,full,0.1,RAO/RAE,0.7897400820793434,0.06028270049179753,0.030578614746735622,0.01945654181155416,10
simclr,full,0.1,RVH,0.9349104924184797,0.026643359090335238,0.14824263361189585,0.09013887402633414,12
simclr,full,0.1,SEHYP,0.683939393939394,0.17757013384413828,0.004672084624452756,0.002884138894132494,3
simclr,full,0.1,WPW,0.7011389521640091,0.06300575384037142,0.01355329428378334,0.009969549239998526,8
simclr,full,0.25,1AVB,0.8638856178363951,0.055212300907032365,0.27331040724208705,0.11794210444168336,80
simclr,full,0.25,2AVB,0.8658795034816832,0.025371886534112428,0.0034528251246517504,0.0006256102906605089,1
simclr,full,0.25,3AVB,0.95449038315917,0.04066291181120414,0.07248267773122348,0.05222103983968943,2
simclr,full,0.25,ALMI,0.8690612145629117,0.018884184109393982,0.30383479988232603,0.05664468470769837,29
simclr,full,0.25,AMI,0.8051528729573011,0.078955548920789,0.06223173971456627,0.02504853972865141,35
simclr,full,0.25,ANEUR,0.908952728378173,0.019053464400593294,0.08888538668542123,0.028670601198120524,10
simclr,full,0.25,ASMI,0.9608716850634336,0.006381265829262408,0.775803150658219,0.0376631782527774,236
simclr,full,0.25,CLBBB,0.9954443352923267,0.0009134444299275388,0.8695156333680097,0.017392325712717142,54
simclr,full,0.25,CRBBB,0.9959843510332109,0.001935110176171921,0.8610304576061832,0.05143617753877052,54
simclr,full,0.25,DIG,0.861742520552589,0.033751041606190586,0.04548771633773901,0.007858943015136342,18
simclr,full,0.25,EL,0.8233566291907222,0.013680781124199848,0.022216731028675357,0.007452719494701014,9
simclr,full,0.25,ILBBB,0.9368640850417616,0.03316563057353488,0.15684292288573934,0.0425686358199789,8
simclr,full,0.25,ILMI,0.9227055942253157,0.007388418677310103,0.31606776170899953,0.06885537206290604,48
simclr,full,0.25,IMI,0.8705220666692378,0.003823624313323928,0.49696968209756925,0.03340997761092714,268
simclr,full,0.25,INJAL,0.959179011942831,0.007347413220353852,0.39561242151911064,0.04720175157426216,14
simclr,full,0.25,INJAS,0.9716768788295611,0.005644489546815653,0.330109126852577,0.09998518249312842,22
simclr,full,0.25,INJIL,0.9713009238225049,0.0016116762572915568,0.031406287234806,0.009593630830482484,2
simclr,full,0.25,INJIN,0.9910646675753445,0.002182876768953467,0.0720762634555738,0.017457793598213544,2
simclr,full,0.25,INJLA,0.832197485991216,0.05261135684038281,0.004254330324888135,0.0011828302461759192,2
simclr,full,0.25,IPLMI,0.8013952077646346,0.0579411625793132,0.011144112904145763,0.005391100743038836,5
simclr,full,0.25,IPMI,0.8728787878787879,0.06322939855113813,0.009933506272182169,0.0077210793614003,3
simclr,full,0.25,IRBBB,0.8687074423265241,0.0854732704362073,0.4114634053264096,0.14720577589029657,112
simclr,full,0.25,ISCAL,0.9153892693902052,0.005637730590565535,0.23071740969965318,0.017724691572288464,66
simclr,full,0.25,ISCAN,0.7841822040321359,0.12127068288473324,0.01338818573455187,0.013670027415812486,4
simclr,full,0.25,ISCAS,0.9336418922555297,0.018190863669376677,0.18131269620674687,0.019789605005783036,17
simclr,full,0.25,ISCIL,0.9226714128315959,0.008063707163328685,0.15467015746909538,0.07203878411225376,18
simclr,full,0.25,ISCIN,0.8327636752671141,0.03103045024759187,0.10138351615918621,0.043383960033460754,22
simclr,full,0.25,ISCLA,0.8567730427026908,0.01810568919334304,0.039403363063216644,0.003486704198392672,14
simclr,full,0.25,ISC_,0.9533923192771084,0.0052680297194785605,0.6071778477271169,0.01806930374545525,128
simclr,full,0.25,IVCD,0.6439148330909755,0.024521582600692496,0.08525117601307619,0.015211770898244402,79
simclr,full,0.25,LAFB,0.9777251493644492,0.002689700771668781,0.7969145128170062,0.025069618724369042,163
simclr,full,0.25,LAO/LAE,0.7324577833601434,0.013965704353066686,0.08001633989199272,0.03515557679606427,42
simclr,full,0.25,LMI,0.7869598411971294,0.04825877255368347,0.04778586572388932,0.01993044310249859,20
simclr,full,0.25,LNGQT,0.8521206591462066,0.012957769041501154,0.06681628771701098,0.04223269990526464,11
simclr,full,0.25,LPFB,0.8656496313246885,0.014035985887532552,0.3433819065961046,0.07124081130895649,18
simclr,full,0.25,LVH,0.9235123396750664,0.0053140978080455144,0.6326380658928058,0.009900133877397323,214
simclr,full,0.25,NDT,0.9072169921910224,0.007715896107503639,0.45268843418290466,0.030513100597752082,183
simclr,full,0.25,NORM,0.9312750265964276,0.00028280372442565465,0.9019965191422786,0.004399959949709361,964
simclr,full,0.25,NST_,0.8328405680240111,0.007002053231718903,0.14350410309644737,0.0078082544621886525,77
simclr,full,0.25,PMI,0.9174617598061486,0.03785105108841633,0.039364739049340146,0.022933122219241334,2
simclr,full,0.25,RAO/RAE,0.8014591883264934,0.015488377758407097,0.08458706412653823,0.05097821553614536,10
simclr,full,0.25,RVH,0.9339089203306455,0.005808478357247306,0.13832506138691814,0.02945817850147839,12
simclr,full,0.25,SEHYP,0.6645454545454546,0.05949338458952694,0.01623622657321933,0.014758390548675934,3
simclr,full,0.25,WPW,0.7378511769172361,0.10051911568194309,0.07407171157266539,0.09945963477487067,8
simclr,full,1.0,1AVB,0.9713220285759147,0.0008717729862358288,0.577377455430354,0.015098285780410288,80
simclr,full,1.0,2AVB,0.927944293066909,0.02225404234445905,0.00669433539344165,0.002141087382575675,1
simclr,full,1.0,3AVB,0.9501741632591246,0.03547797551270042,0.20493882292505808,0.10306912347783359,2
simclr,full,1.0,ALMI,0.9729641848808805,0.005484548282946826,0.537731600314476,0.025198834197874047,29
simclr,full,1.0,AMI,0.9290678263925497,0.008898604836059866,0.17536058825603462,0.034949372536716074,35
simclr,full,1.0,ANEUR,0.9253533971728226,0.012211766202917418,0.18922164740451505,0.07549979110948574,10
simclr,full,1.0,ASMI,0.9748818068755942,0.0010677568564372623,0.8492921925662594,0.005462237854320097,236
simclr,full,1.0,CLBBB,0.9960245649713619,0.0011453626979985138,0.9000906491342519,0.00947799727406768,54
simclr,full,1.0,CRBBB,0.9974808840172575,0.00014657809055231358,0.8545170678416812,0.008356090360808094,54
simclr,full,1.0,DIG,0.9271887448088821,0.005313482464255173,0.10071198311546538,0.016704544871776434,18
simclr,full,1.0,EL,0.9191397413822209,0.015366703974378362,0.09883271182493818,0.002037905084614247,9
simclr,full,1.0,ILBBB,0.9127182991647684,0.0018020416531975229,0.1832753411435973,0.044009739916905925,8
simclr,full,1.0,ILMI,0.9572086878061357,0.002610107366288711,0.6042672167418148,0.002915501454114566,48
simclr,full,1.0,IMI,0.932169257073804,0.0029103339488837864,0.693824241528334,0.018031883138049494,268
simclr,full,1.0,INJAL,0.9828253823228698,0.00624179334303475,0.5748829221417795,0.032336244818614884,14
simclr,full,1.0,INJAS,0.9893015436344185,0.0030653024814801732,0.544314925152926,0.021571676598733144,22
simclr,full,1.0,INJIL,0.9873542329244284,0.0020360941480763776,0.13455245918800238,0.11297324087368749,2
simclr,full,1.0,INJIN,0.9896259276086626,0.004406931554430318,0.06603287779758367,0.020995928941525726,2
simclr,full,1.0,INJLA,0.9257155838255339,0.04553373854199923,0.013319159346724467,0.010642811783483794,2
simclr,full,1.0,IPLMI,0.8520169851380043,0.04760683653653228,0.13159077048684895,0.02851973779836751,5
simclr,full,1.0,IPMI,0.8983333333333333,0.03337841304346679,0.07369718867801321,0.0636289457908204,3
simclr,full,1.0,IRBBB,0.9727815923117215,0.0018349894265452535,0.7251405212796386,0.01960792795753413,112
simclr,full,1.0,ISCAL,0.9452527143215024,0.0015091451079524139,0.3326486895763334,0.0121195960346867,66
simclr,full,1.0,ISCAN,0.8094588449295134,0.062161164635011784,0.010261107946611954,0.008341040229027624,4
simclr,full,1.0,ISCAS,0.9525590657122868,0.003809435415561588,0.2565559122305255,0.012963631304475899,17
simclr,full,1.0,ISCIL,0.9401389948300704,0.010688714039597065,0.29319980017643194,0.02338674558023186,18
simclr,full,1.0,ISCIN,0.910834618537507,0.030747195707034256,0.22398871558202338,0.025858989913012928,22
simclr,full,1.0,ISCLA,0.9239813787552481,0.01091282217306268,0.12254898153390519,0.018271674594029834,14
simclr,full,1.0,ISC_,0.9592494979919678,0.001426765757277874,0.6763633180084209,0.012004735487447977,128
simclr,full,1.0,IVCD,0.7321608778914079,0.007450624089103608,0.13669452980294686,0.01675048978520143,79
simclr,full,1.0,LAFB,0.9853557680741009,0.0017847251965453206,0.8488999913199656,0.01028432769790565,163
simclr,full,1.0,LAO/LAE,0.7823795567895523,0.014269435630847836,0.09422376829083619,0.014950647187231719,42
simclr,full,1.0,LMI,0.900442815697053,0.016937856565235273,0.09727745927612096,0.0252771848827023,20
simclr,full,1.0,LNGQT,0.8801564919265649,0.011781604218674671,0.10417051681634193,0.030130030640222523,11
simclr,full,1.0,LPFB,0.9524366471734892,0.027339320455615355,0.505912688271754,0.05423470555451654,18
simclr,full,1.0,LVH,0.9448641985750287,0.003931505317818439,0.70435868123516,0.002937265076154226,214
simclr,full,1.0,NDT,0.9303918916481813,0.0019219604742144022,0.5545201467766635,0.006645645803374787,183
simclr,full,1.0,NORM,0.9469131957351945,0.0016934905009315041,0.923409808518784,0.002163290025603322,964
simclr,full,1.0,NST_,0.8571937626500185,0.003039157517266268,0.17463029206679148,0.0021366337874566374,77
simclr,full,1.0,PMI,0.9748599121611389,0.011334216109082347,0.0504188493108931,0.014259135683311091,2
simclr,full,1.0,RAO/RAE,0.9452804377564981,0.028804679943951954,0.2702738324430935,0.09195063702221164,10
simclr,full,1.0,RVH,0.9506694051422486,0.01585313055320112,0.23468828259846983,0.024015316292272337,12
simclr,full,1.0,SEHYP,0.9837878787878788,0.011733378725181461,0.2555518702577526,0.1881084210570625,3
simclr,full,1.0,WPW,0.8315679574791192,0.0036669720098033527,0.5236220998350484,0.017410225598137093,8
simclr,partial,0.01,1AVB,0.648949992149474,0.1003171503264989,0.08480392081244882,0.044056079464658754,80
simclr,partial,0.01,2AVB,0.8290947623372692,0.12294950163024143,0.004122169547026871,0.0033785396761815403,1
simclr,partial,0.01,3AVB,0.8007723761926396,0.19139846720605908,0.03238264376956729,0.048610015271351066,2
simclr,partial,0.01,ALMI,0.6896895388552274,0.04207406979853153,0.0470599854559642,0.018876729680729704,29
simclr,partial,0.01,AMI,0.5657397645405026,0.01725571074449763,0.02178571944862087,0.0024851000538927167,35
simclr,partial,0.01,ANEUR,0.7576835385316918,0.061189562427913846,0.06101044422410013,0.0861599831025235,10
simclr,partial,0.01,ASMI,0.8776029773752797,0.0032720106854132822,0.5069787520692468,0.03161308473491691,236
simclr,partial,0.01,CLBBB,0.9851782913672165,0.002128937230276715,0.6672354683511047,0.030734160687001327,54
simclr,partial,0.01,CRBBB,0.9657434695436867,0.020530174352045086,0.6427496255176802,0.077169656814384,54
simclr,partial,0.01,DIG,0.7417832019662683,0.005327455797604445,0.038594143406636756,0.004775125421156604,18
simclr,partial,0.01,EL,0.8276275363786758,0.05788887036650074,0.019022501282114492,0.002031145431375911,9
simclr,partial,0.01,ILBBB,0.38982536066818524,0.11277283438986521,0.0036489585753604805,0.0009260704846932211,8
simclr,partial,0.01,ILMI,0.6771042794534674,0.06049359143466569,0.04702773715590056,0.01434086923549766,48
simclr,partial,0.01,IMI,0.640294650777122,0.01612251074719728,0.190439000664543,0.0012682149524900531,268
simclr,partial,0.01,INJAL,0.8263286127607735,0.015420246238779137,0.02937599166869714,0.011023899181695048,14
simclr,partial,0.01,INJAS,0.8544315229322107,0.009137752497926924,0.09042025948212196,0.048796913293023846,22
simclr,partial,0.01,INJIL,0.9107223989095866,0.05244220832322892,0.01230337369760571,0.003723301793937485,2
simclr,partial,0.01,INJIN,0.8905043162199,0.0645689003545951,0.009009582019131738,0.007704647687360897,2
simclr,partial,0.01,INJLA,0.5239285173406028,0.05616984270880507,0.002701577570992085,0.0010453067242592589,2
simclr,partial,0.01,IPLMI,0.40248710949347893,0.14808341557067356,0.0024943184493950708,0.0010543859643927349,5
simclr,partial,0.01,IPMI,0.854040404040404,0.10124957723424462,0.05729828231460321,0.0459042838262577,3
simclr,partial,0.01,IRBBB,0.5779431691375737,0.051506652277057675,0.07763225718036537,0.024017335878623928,112
simclr,partial,0.01,ISCAL,0.8087449128628353,0.04603378025854903,0.11778211592974315,0.04435301291954137,66
simclr,partial,0.01,ISCAN,0.3638775200848871,0.14709204186825076,0.0021043129118827647,0.0008803268128072261,4
simclr,partial,0.01,ISCAS,0.782017473045943,0.03536269630999659,0.036864282166969464,0.018341221206000336,17
simclr,partial,0.01,ISCIL,0.7146198830409357,0.10155618935014794,0.023319301398149056,0.008718404677080871,18
simclr,partial,0.01,ISCIN,0.672807858502494,0.05426276885708154,0.02104252963246234,0.008008508922434298,22
simclr,partial,0.01,ISCLA,0.6671126193739259,0.03759022913251412,0.022716409158396556,0.003477534606498989,14
simclr,partial,0.01,ISC_,0.9060623744979921,0.013884051624716192,0.3848863391647734,0.05176998462697119,128
simclr,partial,0.01,IVCD,0.5563779827886243,0.02961890931017857,0.06461385437459571,0.009771733114648492,79
simclr,partial,0.01,LAFB,0.9247569068527207,0.0031744404415699483,0.5543166995761483,0.009896714736976566,163
simclr,partial,0.01,LAO/LAE,0.5702496639562812,0.03922737995837538,0.038316285646075525,0.015276427989327181,42
simclr,partial,0.01,LMI,0.5767521759047183,0.06184766091390531,0.01710156536391043,0.003923949637951184,20
simclr,partial,0.01,LNGQT,0.6765510948905109,0.14091848503519303,0.02801782869066133,0.034337871646414185,11
simclr,partial,0.01,LPFB,0.6894652089160099,0.11219413439776348,0.06300747027615422,0.059974156777530846,18
simclr,partial,0.01,LVH,0.7978907354938141,0.018689771891846785,0.3577319624458351,0.034187785181529165,214
simclr,partial,0.01,NDT,0.8112869483669679,0.012963891648861265,0.238593255433833,0.027694963147089916,183
simclr,partial,0.01,NORM,0.8770028254169193,0.01249962470094446,0.7991733517799857,0.020570443798513194,964
simclr,partial,0.01,NST_,0.7737229844473493,0.026603885007369113,0.10160475977870122,0.020137230963437905,77
simclr,partial,0.01,PMI,0.7601090413448434,0.30046775651028135,0.010047769793140602,0.010638767606867952,2
simclr,partial,0.01,RAO/RAE,0.38628970968232257,0.07375085631713686,0.015879910622688724,0.01790743225482748,10
simclr,partial,0.01,RVH,0.6070794665043867,0.02285870642253605,0.015458417110759584,0.00958307467579096,12
simclr,partial,0.01,SEHYP,0.45212121212121215,0.19171588779891738,0.002827777411952063,0.002468482427725706,3
simclr,partial,0.01,WPW,0.6944760820045558,0.1229555042443942,0.013541093232069222,0.006329432973787072,8
simclr,partial,0.05,1AVB,0.7013306641544984,0.06501206172578412,0.09640786326163164,0.010572439026083236,80
simclr,partial,0.05,2AVB,0.7072358462004239,0.06451933615070499,0.001604308181146148,0.0003807147155354305,1
simclr,partial,0.05,3AVB,0.835226412236862,0.10625737045519061,0.010255002803659095,0.006154104837670103,2
simclr,partial,0.05,ALMI,0.8418747158159651,0.011507591891160126,0.17474955282950147,0.01771303829337569,29
simclr,partial,0.05,AMI,0.6535538569671412,0.009735006761103344,0.047595399896062235,0.015440707244435357,35
simclr,partial,0.05,ANEUR,0.905608755129959,0.020048080699299885,0.05969244020629979,0.03814365605559714,10
simclr,partial,0.05,ASMI,0.9188169054943286,0.009041007740495748,0.6176189251569335,0.009265323563364852,236
simclr,partial,0.05,CLBBB,0.995145603180348,0.0005881459429720881,0.8348046261094805,0.013828047021815575,54
simclr,partial,0.05,CRBBB,0.9926810632565247,0.0017958348945531595,0.7893791028164933,0.0662603238927997,54
simclr,partial,0.05,DIG,0.8412323078226969,0.0548404971859065,0.04274375510179786,0.02250157251814058,18
simclr,partial,0.05,EL,0.7928019176879707,0.03520499219366941,0.01597184133987703,0.005491140688131165,9
simclr,partial,0.05,ILBBB,0.8971146545178437,0.05472473541587971,0.15412518113706997,0.18539213644993635,8
simclr,partial,0.05,ILMI,0.7818252126836814,0.014212152922310444,0.07889989645593816,0.01676695838678375,48
simclr,partial,0.05,IMI,0.7044216899996144,0.01706698546892429,0.22500137213446583,0.021212916128119565,268
simclr,partial,0.05,INJAL,0.9131697448280364,0.025728628516375845,0.11870950498523308,0.12772246730801942,14
simclr,partial,0.05,INJAS,0.9260000277881985,0.009812006050458795,0.15747456217179398,0.07721954753711346,22
simclr,partial,0.05,INJIL,0.9096622747236104,0.03251090616972308,0.015089738463232439,0.008556633786509674,2
simclr,partial,0.05,INJIN,0.8832348932303499,0.048339079399287596,0.006838597954339938,0.003405948634601332,2
simclr,partial,0.05,INJLA,0.8368923216719674,0.09831242666762645,0.006971342126686666,0.0016438641751496917,2
simclr,partial,0.05,IPLMI,0.6120715802244465,0.0647561511806121,0.004488564785986173,0.0013304035842623756,5
simclr,partial,0.05,IPMI,0.7847979797979798,0.09484852518797345,0.011724705194250076,0.007931541882947092,3
simclr,partial,0.05,IRBBB,0.6538908246225319,0.01582490596711529,0.12324811205366488,0.011689450226953302,112
simclr,partial,0.05,ISCAL,0.8758714898162722,0.008293599362888178,0.17766522187536796,0.009736208048488904,66
simclr,partial,0.05,ISCAN,0.5940579051083826,0.14728163090944135,0.00367548157382048,0.00239837509894887,4
simclr,partial,0.05,ISCAS,0.8681717883859856,0.03948156790943721,0.061332478727798755,0.019805778112395273,17
simclr,partial,0.05,ISCIL,0.8758665988643104,0.033728448801078184,0.07922806147735346,0.05050971379534383,18
simclr,partial,0.05,ISCIN,0.7818904311338976,0.06460081209373131,0.04506150222014782,0.01869244372959468,22
simclr,partial,0.05,ISCLA,0.7672235637059757,0.02380826913230662,0.026020442378799486,0.006749251730558272,14
simclr,partial,0.05,ISC_,0.9428451305220884,0.003490481603114992,0.5598936899478062,0.016213610615609296,128
simclr,partial,0.05,IVCD,0.6153126415409188,0.021325075018231873,0.08676671317834145,0.009390457891263559,79
simclr,partial,0.05,LAFB,0.9624919804322548,0.0021562619765727515,0.6889662366196433,0.010007274613007251,163
simclr,partial,0.05,LAO/LAE,0.6268629308888448,0.01520905675660414,0.031522775501690574,0.0023249182766565354,42
simclr,partial,0.05,LMI,0.6689418231791113,0.020569747226115386,0.041814515282636223,0.03897659736569612,20
simclr,partial,0.05,LNGQT,0.7571886750718867,0.06955435512309763,0.013758232544297875,0.004749038907792785,11
simclr,partial,0.05,LPFB,0.8044325790321213,0.05122141477763703,0.25098903740587897,0.1125994904149787,18
simclr,partial,0.05,LVH,0.8919924068357273,0.004125921395203905,0.5355584803324686,0.01626290674552355,214
simclr,partial,0.05,NDT,0.854479792241519,0.008524709300594645,0.3329606506581842,0.028667667906739087,183
simclr,partial,0.05,NORM,0.8881568591991266,0.0036979931567036814,0.8230231212017974,0.007552880250915134,964
simclr,partial,0.05,NST_,0.788970201952328,0.013022646324653143,0.11328532951141938,0.020750710381089776,77
simclr,partial,0.05,PMI,0.8477964561562926,0.10397489739993994,0.01448416030158544,0.018302029813109053,2
simclr,partial,0.05,RAO/RAE,0.5852561179510564,0.12927419642142307,0.010518865706114272,0.006860809260631583,10
simclr,partial,0.05,RVH,0.9072848521730311,0.04216406576865215,0.11243775494385048,0.06151524191162521,12
simclr,partial,0.05,SEHYP,0.5022727272727273,0.12373556997242297,0.0019949402513483893,0.0006914757873667727,3
simclr,partial,0.05,WPW,0.7149012908124526,0.12282072118636411,0.038725841730812165,0.030704113699676412,8
simclr,partial,0.1,1AVB,0.739719736222327,0.05460019644334051,0.10944038152045005,0.027380386775952285,80
simclr,partial,0.1,2AVB,0.7582500756887679,0.13270181644104342,0.0023041471474231838,0.0012350581676525063,1
simclr,partial,0.1,3AVB,0.862865364228381,0.10653287358838878,0.04394713776219549,0.0261816559602601,2
simclr,partial,0.1,ALMI,0.8652544702809589,0.03242288407844617,0.22334180159149056,0.02244398412926606,29
simclr,partial,0.1,AMI,0.6948383412405552,0.027729527159391275,0.05029236434421402,0.011700766618095762,35
simclr,partial,0.1,ANEUR,0.9231038151694787,0.006269300357412548,0.07793646296525851,0.02469222712499533,10
simclr,partial,0.1,ASMI,0.9367677555369817,0.0068482154747078385,0.6827997299949734,0.012233093375197178,236
simclr,partial,0.1,CLBBB,0.9946572910742292,0.0018041407766727442,0.8396435453349745,0.01103622560469223,54
simclr,partial,0.1,CRBBB,0.9946917601640729,0.00043973427165688796,0.8290363165504514,0.039086363911119235,54
simclr,partial,0.1,DIG,0.8496058988049836,0.034406500653057094,0.05061712425170934,0.02231941375888368,18
simclr,partial,0.1,EL,0.8180897396941152,0.017930542523421727,0.024008721336650964,0.002449581585053174,9
simclr,partial,0.1,ILBBB,0.9105163249810175,0.04460326059330835,0.13373024986713813,0.11635334743878067,8
simclr,partial,0.1,ILMI,0.8088038154163445,0.01199171934651275,0.1346199811844988,0.0109422280794827,48
simclr,partial,0.1,IMI,0.7234325787085246,0.013425564135111883,0.2695140493084002,0.005516387004043597,268
simclr,partial,0.1,INJAL,0.9343905675563967,0.01988602275443236,0.3048420710865579,0.11118742741728348,14
simclr,partial,0.1,INJAS,0.9618051213649563,0.01162109133006779,0.29412935862283707,0.0771126727401218,22
simclr,partial,0.1,INJIL,0.934423746781766,0.032163806120616104,0.025142437136202168,0.016836840071065614,2
simclr,partial,0.1,INJIN,0.9479024685748901,0.04040892990391639,0.017692500703962822,0.009352908960376483,2
simclr,partial,0.1,INJLA,0.8417386036650009,0.08588097612673257,0.005690127930614523,0.0023048455776144474,2
simclr,partial,0.1,IPLMI,0.6780103124052168,0.05741989413664568,0.012700821175433077,0.012884227319899494,5
simclr,partial,0.1,IPMI,0.8682828282828282,0.0552655193111598,0.011108008617547266,0.007679099966155604,3
simclr,partial,0.1,IRBBB,0.6847586595613855,0.02785648075333295,0.1502385619388336,0.01162513057755784,112
simclr,partial,0.1,ISCAL,0.8878560996015371,0.01960671515422295,0.1814935924339592,0.01209345687244925,66
simclr,partial,0.1,ISCAN,0.7191147491283917,0.02847932677529027,0.004202322638497888,0.0004331261242890939,4
simclr,partial,0.1,ISCAS,0.8993236818972786,0.02457086772572853,0.11861732399870206,0.03756124189039614,17
simclr,partial,0.1,ISCIL,0.9093736757352318,0.00829995765232909,0.08176780320446565,0.012472914002664277,18
simclr,partial,0.1,ISCIN,0.7971530990788213,0.05734299964730248,0.0640829300214437,0.020969863723446003,22
simclr,partial,0.1,ISCLA,0.8207813961582806,0.0052116561819937676,0.03240342369335395,0.006385078622087835,14
simclr,partial,0.1,ISC_,0.945281124497992,0.008074050616928423,0.5831914993991326,0.029252737298143115,128
simclr,partial,0.1,IVCD,0.6148080605814997,0.04196974403142176,0.08095339092414178,0.012413052324972775,79
simclr,partial,0.1,LAFB,0.9609843016961386,0.002168947472392059,0.6720282156227096,0.020422938856092598,163
simclr,partial,0.1,LAO/LAE,0.674577466340539,0.04178934490607884,0.04439511466225001,0.008249036545076326,42
simclr,partial,0.1,LMI,0.6371278057718736,0.050750982500834506,0.027700918217574273,0.010441171991619008,20
simclr,partial,0.1,LNGQT,0.803486507409865,0.013272717703065933,0.026759479345664448,0.01109208942551086,11
simclr,partial,0.1,LPFB,0.8924697008221036,0.023814480075714857,0.35014841898729276,0.03380126444353434,18
simclr,partial,0.1,LVH,0.8965862085708154,0.007046850373975901,0.5562711628511884,0.020623728839913775,214
simclr,partial,0.1,NDT,0.8748588793305561,0.0027801315445006233,0.38736435016840653,0.01707760144069015,183
simclr,partial,0.1,NORM,0.8938286241190806,0.007825876006068646,0.8286922599242056,0.012530847051541857,964
simclr,partial,0.1,NST_,0.8018065346381432,0.0024171881739524057,0.12251324321250094,0.014848707818396081,77
simclr,partial,0.1,PMI,0.892548841435711,0.12483721909882729,0.05197972891162032,0.04414303543238076,2
simclr,partial,0.1,RAO/RAE,0.7376196990424077,0.05293041370555852,0.035799990335941174,0.036287887222905296,10
simclr,partial,0.1,RVH,0.9634489578579036,0.0019919997528029853,0.12948759929802245,0.0595226391241018,12
simclr,partial,0.1,SEHYP,0.5918686868686868,0.21082598792359739,0.00942800063434746,0.012226319466114967,3
simclr,partial,0.1,WPW,0.7290242976461655,0.07581586169968604,0.03808466366447086,0.03235406948319793,8
simclr,partial,0.25,1AVB,0.7812706076307112,0.02051699586379097,0.10583019168491008,0.008631874545802139,80
simclr,partial,0.25,2AVB,0.549349076597033,0.3451086118825901,0.0016561879098792092,0.001419375948366373,1
simclr,partial,0.25,3AVB,0.9796304709980311,0.012587593966178099,0.21232729834880373,0.10569233244102384,2
simclr,partial,0.25,ALMI,0.8915368672609417,0.012188863118808704,0.27253200303590225,0.0061084073824105665,29
simclr,partial,0.25,AMI,0.7191574415744157,0.018055113591035427,0.045348654230686514,0.010720061584573785,35
simclr,partial,0.25,ANEUR,0.9348229214166287,0.006041966003877583,0.12660243471096047,0.02187721316644396,10
simclr,partial,0.25,ASMI,0.9437516335926975,0.003593253889260404,0.7078388359899529,0.012796404669841124,236
simclr,partial,0.25,CLBBB,0.9956798740729251,0.0015159869888892786,0.8574780958120024,0.00857363132799522,54
simclr,partial,0.25,CRBBB,0.9955649771067794,0.0005081512362912733,0.8467138273502043,0.038530309994672794,54
simclr,partial,0.25,DIG,0.8516738706670056,0.03002817658595122,0.07955223380563355,0.0588891031671554,18
simclr,partial,0.25,EL,0.8523414024781389,0.02698926119820018,0.020993733297165963,0.006860188404512843,9
simclr,partial,0.25,ILBBB,0.9295368261199696,0.008578573283464565,0.3386650950036672,0.06453554499848142,8
simclr,partial,0.25,ILMI,0.832505155968033,0.007281965670168109,0.18000637331374128,0.0036121437673577064,48
simclr,partial,0.25,IMI,0.7470438505148675,0.012018459314440177,0.2888166899711205,0.019718583865034504,268
simclr,partial,0.25,INJAL,0.9523918292762513,0.01269836882719879,0.416011284975143,0.033176317665260475,14
simclr,partial,0.25,INJAS,0.9777833354174481,0.004746980543748483,0.36205384586783373,0.048772071063183604,22
simclr,partial,0.25,INJIL,0.9571406936241101,0.019257665580465388,0.0241084326643229,0.003955115548137458,2
simclr,partial,0.25,INJIN,0.9781160078752081,0.035561516175901454,0.3507132074177002,0.4295099786089405,2
simclr,partial,0.25,INJLA,0.8181887021051036,0.053786099706054476,0.00549487506211931,0.003768634303439364,2
simclr,partial,0.25,IPLMI,0.694388838337883,0.058392808539224725,0.006812794031700691,0.001967399342578456,5
simclr,partial,0.25,IPMI,0.8644444444444445,0.08315867831442576,0.0386550509371196,0.029257014422076868,3
simclr,partial,0.25,IRBBB,0.7249023593177109,0.013076614324856328,0.1642825688161522,0.0011049858529037725,112
simclr,partial,0.25,ISCAL,0.9000675921593095,0.007320810014057638,0.20853616091717372,0.007454843778237789,66
simclr,partial,0.25,ISCAN,0.7600045475216007,0.06021185210805065,0.008901635611821198,0.004874500078481961,4
simclr,partial,0.25,ISCAS,0.9265468309922321,0.01445854408989179,0.11881115637158805,0.024503348469773437,17
simclr,partial,0.25,ISCIL,0.9151538265954743,0.01658180921492147,0.14861028657041805,0.024418517602725884,18
simclr,partial,0.25,ISCIN,0.8193558695621969,0.049940125544423564,0.09395932922655494,0.054824508038346195,22
simclr,partial,0.25,ISCLA,0.8388152885640322,0.016712338123531095,0.03341242599332076,0.004730085922875166,14
simclr,partial,0.25,ISC_,0.9540901104417671,0.001095628217328182,0.6055446407176669,0.0180339208617849,128
simclr,partial,0.25,IVCD,0.6563009050672642,0.005519630207508435,0.08519765532353063,0.004693407992827661,79
simclr,partial,0.25,LAFB,0.9658792453586752,0.0029560469309276465,0.7148328300117569,0.018825100019665537,163
simclr,partial,0.25,LAO/LAE,0.7004730320324953,0.014848884831696395,0.0535976100610869,0.0219950721548495,42
simclr,partial,0.25,LMI,0.7091846083371506,0.00567882483102415,0.024962951426953563,0.003719311425753434,20
simclr,partial,0.25,LNGQT,0.8410473346604733,0.010304493006848261,0.056244021045897714,0.05994162575583555,11
simclr,partial,0.25,LPFB,0.9194592762098482,0.024763039751602798,0.3732558248237714,0.007133407598799871,18
simclr,partial,0.25,LVH,0.9079587262654881,0.005725408749958385,0.5917938881067734,0.011588792600105959,214
simclr,partial,0.25,NDT,0.8910377103284098,0.007292307791360606,0.42527372305127065,0.029787531344097094,183
simclr,partial,0.25,NORM,0.9048771652506091,0.003122817058678245,0.8507402718277716,0.013556987099968703,964
simclr,partial,0.25,NST_,0.8183324984830159,0.00638506832728111,0.15494199530042863,0.012703984343099387,77
simclr,partial,0.25,PMI,0.9446463728608209,0.01579495008926493,0.1103509772524431,0.12768408509002502,2
simclr,partial,0.25,RAO/RAE,0.7372397020823834,0.01993660342997424,0.037365336086990227,0.03025971921214713,10
simclr,partial,0.25,RVH,0.9682920026370505,0.003730925483740307,0.11054670872094534,0.03563672505477035,12
simclr,partial,0.25,SEHYP,0.6836363636363636,0.19165373054919949,0.007169300630620161,0.005794608231345238,3
simclr,partial,0.25,WPW,0.7950645406226272,0.036365644529994696,0.2369846068711103,0.16431957979198683,8
simclr,partial,1.0,1AVB,0.8127943947244466,0.008110003480566876,0.12037404592527422,0.005803939981633431,80
simclr,partial,1.0,2AVB,0.7191946715107478,0.06439455175880687,0.0016817600171361725,0.00044019559135750593,1
simclr,partial,1.0,3AVB,0.946236559139785,0.022403946990739627,0.1298189786995757,0.04238643682900214,2
simclr,partial,1.0,ALMI,0.8755802641457561,0.021512960942026742,0.32171322890192783,0.012724637267513763,29
simclr,partial,1.0,AMI,0.7821692145492883,0.021575674471451065,0.05692759050938342,0.004503181131398308,35
simclr,partial,1.0,ANEUR,0.9374221006231949,0.009662425332938516,0.204838170357538,0.027679689626423972,10
simclr,partial,1.0,ASMI,0.9516661209389962,0.0033471858271042444,0.7378192165463094,0.008800561588885727,236
simclr,partial,1.0,CLBBB,0.9962572313278067,0.00043037503391563873,0.8745707549833711,0.005646682445625669,54
simclr,partial,1.0,CRBBB,0.9944763283525498,0.0021439524506876658,0.8775813133752668,0.011774394561125907,54
simclr,partial,1.0,DIG,0.9010085600474617,0.018509804563757924,0.06499174299882128,0.002902637664551802,18
simclr,partial,1.0,EL,0.8968061041898782,0.023311943884928465,0.08284327148786297,0.02825037682877481,9
simclr,partial,1.0,ILBBB,0.9086940015186028,0.016351138303338723,0.200630399858467,0.03884461230413657,8
simclr,partial,1.0,ILMI,0.8844869811807167,0.0080509598838005,0.2274872216224156,0.01524152243807635,48
simclr,partial,1.0,IMI,0.8038303315464024,0.011283427901837966,0.36155452899079005,0.026218114908201355,268
simclr,partial,1.0,INJAL,0.935086688855533,0.006271744593190458,0.4011403087602113,0.04106063820640621,14
simclr,partial,1.0,INJAS,0.9824100704430828,0.00589590904802562,0.4529432324429208,0.057660876431695686,22
simclr,partial,1.0,INJIL,0.9772830531576556,0.008859609268514382,0.03690708861404568,0.013168788749348667,2
simclr,partial,1.0,INJIN,0.9653945176434954,0.005030320666437192,0.019619519814027823,0.002660738956541175,2
simclr,partial,1.0,INJLA,0.8767984249583524,0.028068379006812423,0.005576375907471835,0.0012706228956831421,2
simclr,partial,1.0,IPLMI,0.7831058538064908,0.01782379151589649,0.021439888817116715,0.0060614264007994535,5
simclr,partial,1.0,IPMI,0.9442929292929293,0.03882288114498869,0.07043405424848141,0.053532164340352816,3
simclr,partial,1.0,IRBBB,0.7755203707499261,0.011838454517656142,0.22677834293636998,0.02686139723962458,112
simclr,partial,1.0,ISCAL,0.9154932573276046,0.004109480517869229,0.23348355781035043,0.0036365751881811135,66
simclr,partial,1.0,ISCAN,0.8328785811732606,0.042387347361396266,0.010596935417299192,0.00500073187352295,4
simclr,partial,1.0,ISCAS,0.9498771146152881,0.00433783894465354,0.1742836732503348,0.03705279009149272,17
simclr,partial,1.0,ISCIL,0.930773794389355,0.005161788351487228,0.19219938310982318,0.04111045679968606,18
simclr,partial,1.0,ISCIN,0.8816847984660914,0.025507139612648243,0.24645829874316028,0.04119813681247267,22
simclr,partial,1.0,ISCLA,0.8777654506297723,0.022505689456312546,0.07190039452356839,0.01348817222155929,14
simclr,partial,1.0,ISC_,0.9570883534136546,0.000872928492869274,0.6263964051607085,0.00216158746636629,128
simclr,partial,1.0,IVCD,0.6639272290956479,0.025379318628145114,0.09972497994125103,0.014909736641080959,79
simclr,partial,1.0,LAFB,0.9707370985203898,0.0009639116148756117,0.7462467508286608,0.008653351651037958,163
simclr,partial,1.0,LAO/LAE,0.7250317680673998,0.004279717854093635,0.06510522536251612,0.011060351696460103,42
simclr,partial,1.0,LMI,0.77033134829745,0.03245778812636362,0.05942509888258716,0.027089323309532374,20
simclr,partial,1.0,LNGQT,0.8482913072329131,0.018123186372229098,0.08343758472150169,0.01964559329908286,11
simclr,partial,1.0,LPFB,0.9568607509110941,0.01574834017535841,0.42678852209538826,0.03116179251372115,18
simclr,partial,1.0,LVH,0.927055972960316,0.0018226666260508098,0.6360887588705114,0.006821339657520912,214
simclr,partial,1.0,NDT,0.9090551678118631,0.00431930970734342,0.48425405681126527,0.013725986209115066,183
simclr,partial,1.0,NORM,0.9177846654989915,0.001363153475947265,0.8754658763976578,0.004826431471472228,964
simclr,partial,1.0,NST_,0.8527710921878372,0.005776494972674942,0.17034700559155969,0.0025205553892530498,77
simclr,partial,1.0,PMI,0.9603210661820385,0.019952584654316954,0.021037391031782284,0.009373941501544846,2
simclr,partial,1.0,RAO/RAE,0.8229822161422709,0.058339151073677875,0.09439296097791623,0.02393006119443387,10
simclr,partial,1.0,RVH,0.9777118515137685,0.0023309833327314956,0.2164452950067196,0.06914863394328782,12
simclr,partial,1.0,SEHYP,0.9515656565656566,0.004161383243457497,0.07646190169416096,0.02240682499571854,3
simclr,partial,1.0,WPW,0.8604214123006834,0.021037574908100015,0.3951700854554607,0.011746060228601477,8
