method,seed,config,run_dir,protocol,encoder_lr,head_lr,fraction,subset_seed,n_train_records,n_train_patients,n_optimizer_steps,best_epoch,final_train_loss,best_val_macro_auroc,val_macro_auroc,val_macro_auprc,test_macro_auroc,test_macro_auprc,n_test_labels_evaluated,pretrained_ckpt_sha256,wall_clock_s,train_s,eval_s,peak_memory_allocated_mb,energy_j,energy_method,mean_power_w,train_samples_per_s,n_trainable_params_encoder,n_trainable_params_head,gpu_name,n_epochs_logged,cka_stem,cka_stage1,cka_stage2,cka_stage3,cka_stage4,cka_embedding,wdist_stem,wdist_stage1,wdist_stage2,wdist_stage3,wdist_stage4,wdist_encoder,has_logits,has_checkpoint
baseline,22,full_enc1e-04_head1e-02,baseline_seed22\diagnostic\full_enc1e-04_head1e-02\001pct,full,0.0001,0.01,0.01,22,173,144,100,15,0.1064019575715065,0.5780647413685364,0.5780647413685364,0.048781777309487455,0.5389959519536236,0.047855144602908205,44,,101.20679994700004,17.291619338998544,80.47588309600064,2651.05224609375,6532.011,nvml_counter,64.58931187122737,500.24233302957794,1804672,72620,Tesla T4,50,0.9565552925676551,0.8929012189793145,0.8389298009018493,0.6205164778894984,0.608088725646872,0.6433630460757307,0.0012906809817618,0.001198268729158,0.001315980160462,0.0013057997964377,0.0013510887796159,0.0012998404687849,True,True
baseline,22,full_enc1e-04_head1e-02,baseline_seed22\diagnostic\full_enc1e-04_head1e-02\005pct,full,0.0001,0.01,0.05,22,869,761,350,49,0.1007242032459804,0.6438056050930338,0.6438056050930338,0.07022375531646684,0.6143808337802181,0.06702800302497439,44,,175.1169738850001,83.08079328200006,88.1795580190012,2684.04345703125,11301.798,nvml_counter,64.2175681024447,522.9848955885415,1804672,72620,Tesla T4,50,0.9637613578642514,0.8991726823458638,0.8541957185893426,0.6809594604646004,0.6723904044011795,0.7066902738408026,0.0017148521767018,0.0016561223435149,0.0018683073326555,0.0021540986476773,0.0023939406158864,0.0020930089926957,True,True
baseline,22,full_enc1e-04_head1e-02,baseline_seed22\diagnostic\full_enc1e-04_head1e-02\010pct,full,0.0001,0.01,0.1,22,1742,1516,700,44,0.09547204630715507,0.7249321453383747,0.7249321453383747,0.094610933481226,0.6877528715190707,0.08579617663169857,44,,258.77352959599966,166.42532772300092,88.09300139300285,2724.19677734375,16727.66,nvml_counter,64.52076479873718,523.3578397692546,1804672,72620,Tesla T4,50,0.9613905433318088,0.893971673873198,0.8499222423870899,0.6652366228221566,0.6534512432574221,0.6868124935214157,0.0034504949255021,0.0032550202827242,0.003680125716661,0.0041811446901379,0.0044163644195596,0.0040499912880109,True,True
baseline,22,full_enc1e-04_head1e-02,baseline_seed22\diagnostic\full_enc1e-04_head1e-02\025pct,full,0.0001,0.01,0.25,22,4348,3768,1700,47,0.08611786365509033,0.768358822673335,0.768358822673335,0.11748459148105322,0.7580253335158024,0.11973228923574206,44,,505.7507981489998,413.130158461001,88.59478091599976,2844.65380859375,32789.719,nvml_counter,64.5821670036393,526.2264096377324,1804672,72620,Tesla T4,50,0.9616976653274384,0.8874233567648886,0.8420498440867805,0.6756471481052306,0.6589337015615723,0.6979396741555899,0.0079437805599635,0.0072736487339887,0.0083635169968509,0.0093775998781407,0.009799495377723,0.0090845551752442,True,True
baseline,22,full_enc1e-04_head1e-02,baseline_seed22\diagnostic\full_enc1e-04_head1e-02\100pct,full,0.0001,0.01,1.0,22,17441,15031,6850,46,0.06827706664148038,0.8651516980396355,0.8651516980396355,0.2239961175815969,0.8640357467848112,0.2110701830941723,44,,1750.907276459,1658.5088679470027,88.10471167699961,3445.43994140625,113686.936,nvml_counter,64.59315097649397,525.8036401574828,1804672,72620,Tesla T4,50,0.9544953666506736,0.8821406762839168,0.8542519599947126,0.6734635034496694,0.6534633458173923,0.6818319054665134,0.0272602676751931,0.0228713390396427,0.0264751984157093,0.0303587900558929,0.0329242660990091,0.0294187017490038,True,True
baseline,22,full_enc1e-03_head1e-02,baseline_seed22\diagnostic\full_enc1e-03_head1e-02\001pct,full,0.001,0.01,0.01,22,173,144,100,15,0.10419315099716187,0.5765669317072297,0.5765669317072297,0.049454769642651344,0.5397668544756923,0.047345739493419206,44,,108.8734788060001,17.597267441000895,87.93415021600072,2650.48193359375,7006.696,nvml_counter,64.2636785046729,491.55359086296903,1804672,72620,Tesla T4,50,0.9566664053506572,0.8975304146912996,0.8539204166263468,0.6268912356995096,0.6079146679591466,0.6272093211550812,0.0118852388355059,0.0112215263132873,0.0123126219612266,0.0125450892317727,0.0129212356494995,0.0124100067407887,True,True
baseline,22,full_enc1e-03_head1e-02,baseline_seed22\diagnostic\full_enc1e-03_head1e-02\005pct,full,0.001,0.01,0.05,22,869,761,350,50,0.08733398573739189,0.7416574411698998,0.7416574411698998,0.09270836486837299,0.7092838552983801,0.08997339221442834,44,,175.56850472099995,83.05878288900021,88.16314048700065,2684.04345703125,11321.564,nvml_counter,64.62934302325581,523.1234854243722,1804672,72620,Tesla T4,50,0.9596023813842792,0.8908902912830271,0.8534881773312206,0.5773203321497665,0.5407405026360843,0.5896540542866928,0.016156833757883,0.0153986691840742,0.017356717709318,0.0196118959594136,0.0220752027853061,0.0191527373935164,True,True
baseline,22,full_enc1e-03_head1e-02,baseline_seed22\diagnostic\full_enc1e-03_head1e-02\010pct,full,0.001,0.01,0.1,22,1742,1516,700,50,0.08019370692116874,0.7792062500083422,0.7792062500083422,0.1334566727261535,0.7741865576997177,0.12166857139567062,44,,258.71068355299985,166.30542116900278,88.09712999000067,2724.19677734375,16734.632,nvml_counter,64.58605524861879,523.7351818584873,1804672,72620,Tesla T4,50,0.9584939277878932,0.8670528917621831,0.8097053829694919,0.2575184090363859,0.2058355315482385,0.2405766085493424,0.0228512924790528,0.0211480474794528,0.0249572385792263,0.0292191081592345,0.0326487144448591,0.0282559775342781,True,True
baseline,22,full_enc1e-03_head1e-02,baseline_seed22\diagnostic\full_enc1e-03_head1e-02\025pct,full,0.001,0.01,0.25,22,4348,3768,1700,50,0.06675870979533476,0.8427271969567246,0.8427271969567246,0.18679082798366034,0.8150026854178297,0.18777997412302366,44,,505.5213914159999,412.8767252689977,88.29368163000117,2844.65380859375,32770.144,nvml_counter,64.50964629704573,526.5494194625754,1804672,72620,Tesla T4,50,0.9430394101229196,0.8343907842188256,0.7949081944588685,0.5395014717013469,0.481007336146948,0.4949107740092174,0.037064277236755,0.0339956268141111,0.0413596613768577,0.0498962584420254,0.0554763941393887,0.0479127695350798,True,True
baseline,22,full_enc1e-03_head1e-02,baseline_seed22\diagnostic\full_enc1e-03_head1e-02\100pct,full,0.001,0.01,1.0,22,17441,15031,6850,47,0.048975954960732565,0.9051384227921048,0.9051384227921048,0.29523432000003746,0.9090319207131259,0.3026413595417013,44,,1750.9459157849997,1657.979885437002,88.44314312400184,3445.43994140625,113675.02,nvml_counter,64.53487182785639,525.9713990861533,1804672,72620,Tesla T4,50,0.8724546583350352,0.8000392412210989,0.6897478204479454,0.1478179395189579,0.117964261091183,0.1391776434199646,0.1107304117191884,0.0880519387536467,0.1051155899028698,0.1307212846056907,0.1541048213725779,0.1261576613510606,True,True
baseline,22,full_enc1e-02_head1e-02,baseline_seed22\diagnostic\full_enc1e-02_head1e-02\001pct,full,0.01,0.01,0.01,22,173,144,100,50,0.09071960300207138,0.6294224885077468,0.6294224885077468,0.06534798888928596,0.6133312061747205,0.06501522163159482,44,,108.97715983600006,17.543097217999275,87.72644693900043,2650.73193359375,7011.583,nvml_counter,64.1773171641791,493.07142818116927,1804672,72620,Tesla T4,50,0.9161440216597772,0.7498368642488181,0.700659250771603,0.3696950599765612,0.3384229871845927,0.3615807571650875,0.101828378235579,0.0969194818080524,0.1109737571800185,0.1266217950593378,0.13979418920162,0.123030991536612,True,True
baseline,22,full_enc1e-02_head1e-02,baseline_seed22\diagnostic\full_enc1e-02_head1e-02\005pct,full,0.01,0.01,0.05,22,869,761,350,33,0.07008899109704154,0.8096198194705596,0.8096198194705596,0.13411723591643898,0.7849782945112737,0.1407755767582191,44,,174.73922805100005,82.88526121999939,87.89178434699784,2684.04345703125,11286.656,nvml_counter,64.6697666277713,524.2186531170146,1804672,72620,Tesla T4,50,0.9471734712937246,0.7710879638655379,0.5971516399597196,0.2618715031993316,0.2653204496151448,0.2745506665561175,0.0856881721544683,0.0763050152287263,0.0960350945245459,0.1294698123494839,0.1274173483637561,0.1206665575235551,True,True
baseline,22,full_enc1e-02_head1e-02,baseline_seed22\diagnostic\full_enc1e-02_head1e-02\010pct,full,0.01,0.01,0.1,22,1742,1516,700,37,0.0592955265726362,0.8236604247877264,0.8236604247877264,0.17621303192798157,0.8138396727661502,0.1759979946486254,44,,258.426643024,166.33781031199942,88.13538749199961,2724.19677734375,16713.386,nvml_counter,64.48814229249012,523.633200633258,1804672,72620,Tesla T4,50,0.9132457809709604,0.6717916253117202,0.4629283792572315,0.1534366792378476,0.1354755923410688,0.1383153765180832,0.1015632939888848,0.0887241260469684,0.1044140917167354,0.1301056309593934,0.1404008021736221,0.1242038833495375,True,True
baseline,22,full_enc1e-02_head1e-02,baseline_seed22\diagnostic\full_enc1e-02_head1e-02\025pct,full,0.01,0.01,0.25,22,4348,3768,1700,49,0.053184631992788875,0.8667752382530156,0.8667752382530156,0.2288113637329621,0.8547238883760396,0.2216439916097039,44,,504.9332711359998,412.68387250699834,88.14242716500212,2844.65380859375,32729.853,nvml_counter,64.53478817334953,526.7954831365824,1804672,72620,Tesla T4,50,0.8585290568581723,0.7019432368803135,0.631529462679406,0.1351716107331675,0.1205551104283326,0.1220989680764707,0.1799564129484961,0.1572150392000814,0.1748842291610687,0.1982539672428012,0.2152834195744294,0.1930431596544661,True,True
baseline,22,full_enc1e-02_head1e-02,baseline_seed22\diagnostic\full_enc1e-02_head1e-02\100pct,full,0.01,0.01,1.0,22,17441,15031,6850,46,0.039183185048346975,0.930004814259486,0.930004814259486,0.33067405964797003,0.9260712590899566,0.34232523981023005,44,,1750.5019291770004,1657.7370425810059,88.3378256009928,3445.43994140625,113638.779,nvml_counter,64.52142379225641,526.0484489399271,1804672,72620,Tesla T4,50,0.6710869830128875,0.5341001215348509,0.3405735059591641,0.0293622771290673,0.0261295456430635,0.023786719061797,0.5073215682376923,0.3930031622209282,0.4179873139551288,0.4930054377448932,0.550746383873161,0.4805866231669069,True,True
baseline,54,full_enc1e-04_head1e-02,baseline_seed54\diagnostic\full_enc1e-04_head1e-02\001pct,full,0.0001,0.01,0.01,54,173,158,100,28,0.11573237180709839,0.5754276405688564,0.5754276405688564,0.0527368251624557,0.5319037303314966,0.04966334051826109,44,,97.35667132200012,17.280973943999925,77.00492728400013,2651.05224609375,6286.64,nvml_counter,63.66879707112972,500.55049142663285,1804672,72620,Tesla T4,50,0.969699957107999,0.8620511158912629,0.7967195709343365,0.6950165281163956,0.6786652633956298,0.727138913077432,0.0017072656847752,0.0016375655034074,0.0017734798558712,0.0018083366767074,0.0019162073782341,0.0017956397279039,True,True
baseline,54,full_enc1e-04_head1e-02,baseline_seed54\diagnostic\full_enc1e-04_head1e-02\005pct,full,0.0001,0.01,0.05,54,870,742,350,43,0.10118537289755684,0.6738923495280823,0.6738923495280823,0.07209972416535947,0.634441592504231,0.0716138224901075,44,,163.76763529599998,78.26646514599952,81.93622409200111,2684.0439453125,10617.981,nvml_counter,64.88899378109453,555.7935945983303,1804672,72620,Tesla T4,50,0.969741450759264,0.8664891721856116,0.8043230743312746,0.7045248398726378,0.6872138096975239,0.7351108152985061,0.0019484346390525,0.0018305376622929,0.0020506720848595,0.0023838531845335,0.002777194885472,0.0023282202425054,True,True
baseline,54,full_enc1e-04_head1e-02,baseline_seed54\diagnostic\full_enc1e-04_head1e-02\010pct,full,0.0001,0.01,0.1,54,1741,1495,700,41,0.09419435262680054,0.7057334366094248,0.7057334366094248,0.09276280447304887,0.701226287349078,0.08998615943377741,44,,241.89063295200003,156.45234985099933,81.70373021199953,2724.19677734375,15731.434,nvml_counter,65.24288185654008,556.3994409985141,1804672,72620,Tesla T4,50,0.9594867636061466,0.8794099373611834,0.8287067473864067,0.7218764737999506,0.7049690007521514,0.7520614955345457,0.003771904980161,0.0035353619528714,0.003981991867425,0.0047425805072566,0.0050613467574117,0.0045648201990165,True,True
baseline,54,full_enc1e-04_head1e-02,baseline_seed54\diagnostic\full_enc1e-04_head1e-02\025pct,full,0.0001,0.01,0.25,54,4355,3736,1750,44,0.09540324211120606,0.7162927446631296,0.7162927446631296,0.09199751880999398,0.7115115684641438,0.08530433554765651,44,,474.5322906590004,388.9750970689988,81.72551690699993,2844.65576171875,30931.39,nvml_counter,65.37606416882,559.8044749928404,1804672,72620,Tesla T4,50,0.9529112005255076,0.8668438860145595,0.7967735305831586,0.6759760777142163,0.6579413572786105,0.7124226039504417,0.0097817998988137,0.0090984458852617,0.0099022118857873,0.0100819124154389,0.010448228163538,0.0099902556265149,True,True
baseline,54,full_enc1e-04_head1e-02,baseline_seed54\diagnostic\full_enc1e-04_head1e-02\100pct,full,0.0001,0.01,1.0,54,17441,15031,6850,48,0.06737677024228729,0.8719776341803318,0.8719776341803318,0.24300095577352118,0.8649172287044038,0.21653451556017744,44,,1642.7143455620003,1556.922345284002,81.72527003700179,3445.43994140625,107304.511,nvml_counter,65.38395904394373,560.1114292189873,1804672,72620,Tesla T4,50,0.9482255288436532,0.8958182191167487,0.835571786299022,0.6909595777465419,0.6793364942491683,0.7110120398633974,0.0285301061398356,0.0237350226089317,0.0271866102638584,0.0307884244510107,0.03310155347675,0.029899069214905,True,True
baseline,54,full_enc1e-03_head1e-02,baseline_seed54\diagnostic\full_enc1e-03_head1e-02\001pct,full,0.001,0.01,0.01,54,173,158,100,41,0.11702054738998413,0.5893362278955996,0.5893362278955996,0.05624747143323883,0.5433982202921862,0.0560854418239378,44,,102.109984833,16.828095987000324,81.84562034300052,2650.48193359375,6593.423,nvml_counter,65.15596613545816,514.0213133251742,1804672,72620,Tesla T4,50,0.9719423116168808,0.8971623463676864,0.8465498382172502,0.7226029430124162,0.6984961953588038,0.7466801194471518,0.0164443115617232,0.0147088480464487,0.0166441923960133,0.0174788009469427,0.0189024190676268,0.0172290007059447,True,True
baseline,54,full_enc1e-03_head1e-02,baseline_seed54\diagnostic\full_enc1e-03_head1e-02\005pct,full,0.001,0.01,0.05,54,870,742,350,42,0.08936188902173724,0.7263067056080488,0.7263067056080488,0.09540234618801646,0.7214177215048214,0.09157643753540566,44,,163.79289925500007,78.19989587400073,81.87828113099954,2684.0439453125,10617.815,nvml_counter,64.74011830635119,556.2667253430772,1804672,72620,Tesla T4,50,0.969208682132182,0.8875532262798301,0.8307716261774686,0.6396781383949236,0.6070350236884817,0.6469743938186188,0.0152316832898161,0.0144503853014143,0.0163859989599287,0.0194285536911388,0.0230936763576079,0.0189465721714295,True,True
baseline,54,full_enc1e-03_head1e-02,baseline_seed54\diagnostic\full_enc1e-03_head1e-02\010pct,full,0.001,0.01,0.1,54,1741,1495,700,45,0.08034060682569232,0.8054476206424201,0.8054476206424201,0.1395725668165604,0.7866336561707613,0.13867355887360502,44,,242.09898721900004,156.54203487999757,81.67650688399908,2724.19677734375,15737.039,nvml_counter,65.25860455311974,556.0806723046052,1804672,72620,Tesla T4,50,0.94792585001078,0.8797318343808453,0.8294215496389453,0.6399132258035416,0.6118767114567912,0.6105329976902423,0.0232921356268356,0.0221052822304278,0.0258393801856382,0.0295994854748842,0.0346011293128496,0.0289009553296347,True,True
baseline,54,full_enc1e-03_head1e-02,baseline_seed54\diagnostic\full_enc1e-03_head1e-02\025pct,full,0.001,0.01,0.25,54,4355,3736,1750,48,0.08907513618469239,0.7788336005265123,0.7788336005265123,0.11637947009764874,0.7451887927697576,0.10284183778681659,44,,474.4847953610001,389.05909915399934,81.69626638800173,2844.65576171875,30927.263,nvml_counter,65.2337015503876,559.6836071267649,1804672,72620,Tesla T4,50,0.9709805443946372,0.8912221679809056,0.8180002857682664,0.7308957585798835,0.7090681910539816,0.7533324330451696,0.0398661826299481,0.0373840746217597,0.0421682092739975,0.0485015326327664,0.0565426940241538,0.0474334776116543,True,True
baseline,54,full_enc1e-03_head1e-02,baseline_seed54\diagnostic\full_enc1e-03_head1e-02\100pct,full,0.001,0.01,1.0,54,17441,15031,6850,48,0.046901125107368415,0.908719075959363,0.908719075959363,0.2851293907281822,0.9113603341391451,0.2976677764577509,44,,1642.755883891,1556.9189233010047,81.76279465100106,3445.43994140625,107332.145,nvml_counter,65.31923440806672,560.1126602990125,1804672,72620,Tesla T4,50,0.9105862060527848,0.8515913229058855,0.7404209692874634,0.2524503128860235,0.1840359991279382,0.1952667228602342,0.1260640554906303,0.0991244639110716,0.1111543223155265,0.1349645365452735,0.1579262827091406,0.1311544026923284,True,True
baseline,54,full_enc1e-02_head1e-02,baseline_seed54\diagnostic\full_enc1e-02_head1e-02\001pct,full,0.01,0.01,0.01,54,173,158,100,41,0.11057548969984055,0.7067464154788309,0.7067464154788309,0.08187413836196612,0.6935053183623446,0.0769379859771608,44,,102.19452506200014,16.808385223000414,81.70883471099933,2650.73193359375,6589.284,nvml_counter,64.54534194831015,514.6240929892202,1804672,72620,Tesla T4,50,0.9631847675706584,0.8823125603231077,0.7888409459332772,0.570434626004226,0.5351458762640716,0.5595871969105407,0.0976387523108072,0.0940525439971777,0.1055467778638364,0.1209269381423803,0.1397128354799636,0.1182313786611925,True,True
baseline,54,full_enc1e-02_head1e-02,baseline_seed54\diagnostic\full_enc1e-02_head1e-02\005pct,full,0.01,0.01,0.05,54,870,742,350,36,0.06569228853498187,0.7996266145711566,0.7996266145711566,0.14478128511667743,0.7847760188170375,0.13986984755191642,44,,163.50615658499987,78.16550570499953,81.760107329,2684.0439453125,10602.364,nvml_counter,65.0028042394015,556.5114638184667,1804672,72620,Tesla T4,50,0.973492083058331,0.772934364818491,0.6411267347669668,0.294979621483634,0.2686286359540502,0.2596056920499787,0.0739007847883022,0.0720837455529359,0.0868728864234915,0.1143532551271709,0.1252751815179613,0.1083510110227749,True,True
baseline,54,full_enc1e-02_head1e-02,baseline_seed54\diagnostic\full_enc1e-02_head1e-02\010pct,full,0.01,0.01,0.1,54,1741,1495,700,45,0.06429755261966161,0.8334494804671553,0.8334494804671553,0.1695865801073111,0.8234939157435239,0.17363552063265417,44,,241.7051354959999,156.28771039899993,81.72822651900196,2724.19677734375,15712.115,nvml_counter,65.02521265822786,556.9855734514429,1804672,72620,Tesla T4,50,0.9171934321298691,0.7940551865217417,0.6585864059710675,0.153761968926343,0.077886247180018,0.076106054499324,0.1073726567408542,0.094867345273123,0.1111000968308539,0.1381915414277465,0.1487537695383667,0.131969714802627,True,True
baseline,54,full_enc1e-02_head1e-02,baseline_seed54\diagnostic\full_enc1e-02_head1e-02\025pct,full,0.01,0.01,0.25,54,4355,3736,1750,45,0.06787189074925014,0.8382356510435213,0.8382356510435213,0.19772560756501995,0.8416347274520881,0.19953851402299197,44,,474.18382613799986,388.8886313469993,81.63958864800134,2844.65576171875,30921.211,nvml_counter,65.34940973718226,559.9289422418344,1804672,72620,Tesla T4,50,0.9316920302927176,0.8110183266219924,0.5923500556878141,0.1182534127699481,0.1082338626139529,0.1101095628400991,0.1459837994777644,0.1367579709141733,0.1583069288332281,0.230589661726785,0.3307827675787362,0.2254955423395513,True,True
baseline,54,full_enc1e-02_head1e-02,baseline_seed54\diagnostic\full_enc1e-02_head1e-02\100pct,full,0.01,0.01,1.0,54,17441,15031,6850,47,0.03928808922315166,0.9344425767842378,0.9344425767842378,0.3540585603064905,0.9306302784611643,0.3598219919307352,44,,1641.259017282,1555.6038100839933,81.6171642570016,3445.43994140625,107239.015,nvml_counter,65.35894117647058,560.5861816145298,1804672,72620,Tesla T4,50,0.5595232027504853,0.4282767718578478,0.2853040681651873,0.0264376655122182,0.0246012916974811,0.0241435544372298,0.5803563378093475,0.4329331590455583,0.4512012492809649,0.501775912515022,0.5984616143301094,0.4994910662240646,True,True
baseline,71,full_enc1e-04_head1e-02,baseline_seed71\diagnostic\full_enc1e-04_head1e-02\001pct,full,0.0001,0.01,0.01,71,173,151,100,5,0.10094110667705536,0.5682891274220042,0.5682891274220042,0.04265233452255918,0.5330383843303536,0.04162149063598037,44,,96.0172286909999,16.483392136000475,76.55618894399981,2651.05224609375,6235.999,nvml_counter,64.38256475583864,524.7706254047071,1804672,72620,Tesla T4,50,0.953077092031524,0.7821086131004416,0.5788441289746237,0.3850836498813212,0.3720238522221488,0.4136290860455407,0.0002283866480985,0.0002168668727912,0.0002385566821209,0.0002398417448797,0.0002475001319509,0.0002379037323508,True,True
baseline,71,full_enc1e-04_head1e-02,baseline_seed71\diagnostic\full_enc1e-04_head1e-02\005pct,full,0.0001,0.01,0.05,71,868,749,350,38,0.10039067268371582,0.6519125593106403,0.6519125593106403,0.06710411503869913,0.6474714658130276,0.06772972800748057,44,,158.95238289400004,75.72748631500053,79.82617661700033,2684.04345703125,10424.559,nvml_counter,65.7919242618742,573.1076272553244,1804672,72620,Tesla T4,50,0.9417469022386346,0.837071348744347,0.6898995087849159,0.5693415143248277,0.5554378602073744,0.613608410522842,0.0020051964881033,0.0018191445378887,0.0020259113983306,0.0023993772201756,0.0026419529962868,0.0023215674003396,True,True
baseline,71,full_enc1e-04_head1e-02,baseline_seed71\diagnostic\full_enc1e-04_head1e-02\010pct,full,0.0001,0.01,0.1,71,1739,1507,700,48,0.09689513274601527,0.7142982723166907,0.7142982723166907,0.08582002712082992,0.7100638085472302,0.0821617519993206,44,,235.22959880699977,151.5809266860001,79.94826899000077,2724.1962890625,15481.99,nvml_counter,66.14414843750001,573.6209818806354,1804672,72620,Tesla T4,50,0.939153212287656,0.8282381047135445,0.6951846514317519,0.551073999736936,0.5326203441400834,0.591597205873433,0.0035219215123557,0.0032744370670545,0.0036795630678125,0.0043607908626648,0.0045901137602083,0.0041946123689984,True,True
baseline,71,full_enc1e-04_head1e-02,baseline_seed71\diagnostic\full_enc1e-04_head1e-02\025pct,full,0.0001,0.01,0.25,71,4360,3767,1750,50,0.0884033271244594,0.7608376640862471,0.7608376640862471,0.10570800701716308,0.7632209547970755,0.11155771267912738,44,,460.58004160899964,376.9998089620003,79.8308396180023,2844.65625,30473.791,nvml_counter,66.22867524401065,578.2496298876727,1804672,72620,Tesla T4,50,0.9321959249044118,0.8150864409268554,0.6789312694869217,0.5395563568147367,0.5233271247449153,0.576219305654402,0.0069121129650805,0.0065618915345158,0.0074444245375005,0.0084137997217345,0.0085413136933392,0.0081216629437211,True,True
baseline,71,full_enc1e-04_head1e-02,baseline_seed71\diagnostic\full_enc1e-04_head1e-02\100pct,full,0.0001,0.01,1.0,71,17441,15031,6850,45,0.06752778491834655,0.8743591373673293,0.8743591373673293,0.21875493383687716,0.8610006270483609,0.2147850080118369,44,,1590.9461185679997,1507.046129117,79.83436971699939,3445.43994140625,105692.035,nvml_counter,66.54428191284227,578.6485119144605,1804672,72620,Tesla T4,50,0.9399214386258992,0.8470597980643843,0.7056099628510314,0.5240640514269929,0.5067612647795072,0.5681373939608007,0.0277482917399108,0.0230191326716124,0.02644601665791,0.0301364512046635,0.0325326138089005,0.0292365198820166,True,True
baseline,71,full_enc1e-03_head1e-02,baseline_seed71\diagnostic\full_enc1e-03_head1e-02\001pct,full,0.001,0.01,0.01,71,173,151,100,5,0.10238787531852722,0.563547219028297,0.563547219028297,0.04738747951043392,0.547192863397012,0.04164636557815888,44,,99.11031484800014,16.350042678000364,79.82143880599983,2650.48193359375,6447.934,nvml_counter,65.29182751540041,529.0506067998783,1804672,72620,Tesla T4,50,0.953094944167206,0.7903778411530766,0.5841152349851411,0.3994436648878834,0.3850844027869124,0.427573634145682,0.0023756894120081,0.0021752613847966,0.0023799952850489,0.0024031427341714,0.0024580795276894,0.0023815929412481,True,True
baseline,71,full_enc1e-03_head1e-02,baseline_seed71\diagnostic\full_enc1e-03_head1e-02\005pct,full,0.001,0.01,0.05,71,868,749,350,50,0.09144053288868495,0.7338141170666387,0.7338141170666387,0.08185244196793019,0.7133369402395885,0.08192232478368734,44,,159.6299738140001,75.76858805200072,79.8077649300003,2684.04345703125,10453.974,nvml_counter,65.51709974424553,572.796736956668,1804672,72620,Tesla T4,50,0.9414888048476904,0.8491045461017616,0.7220365094751594,0.3969491095443193,0.3701121929227718,0.3987059937788882,0.0154509263980343,0.0145499222159732,0.0163304417651117,0.018785971247165,0.021825242794714,0.0183661187063757,True,True
baseline,71,full_enc1e-03_head1e-02,baseline_seed71\diagnostic\full_enc1e-03_head1e-02\010pct,full,0.001,0.01,0.1,71,1739,1507,700,48,0.08519050904682704,0.7767962021350706,0.7767962021350706,0.12597078393043645,0.7650461294038834,0.12447211776669284,44,,235.5822971020002,151.65535272299985,79.99663754799849,2724.1962890625,15501.664,nvml_counter,65.9658726169844,573.3394729483443,1804672,72620,Tesla T4,50,0.9429770565057104,0.8681284325969445,0.7006057555201395,0.3150346761338867,0.289977651518061,0.3027604166693419,0.0235650443334978,0.0221145225380626,0.0254617612696444,0.0289935507034184,0.0324709361190943,0.0282164639815385,True,True
baseline,71,full_enc1e-03_head1e-02,baseline_seed71\diagnostic\full_enc1e-03_head1e-02\025pct,full,0.001,0.01,0.25,71,4360,3767,1750,48,0.07255368232727051,0.8240812627809716,0.8240812627809716,0.16951394754696864,0.8316518783342631,0.16765971698961887,44,,460.45619351899995,376.8220273529996,79.77810800799944,2844.65625,30464.423,nvml_counter,66.17807234798046,578.522443423356,1804672,72620,Tesla T4,50,0.9390864277158032,0.8622207683889135,0.7546068337901396,0.4926370133345176,0.4732917421512529,0.5137555478819302,0.0473169726176879,0.0442815079567033,0.0523502902684648,0.0590439325016708,0.0633842963670773,0.057173224810061,True,True
baseline,71,full_enc1e-03_head1e-02,baseline_seed71\diagnostic\full_enc1e-03_head1e-02\100pct,full,0.001,0.01,1.0,71,17441,15031,6850,47,0.047416822753683495,0.9182676517489571,0.9182676517489571,0.2944082116985983,0.9183978307349893,0.31592084380323604,44,,1590.6271663159996,1506.408172579001,79.90854401399883,3445.43994140625,105666.739,nvml_counter,66.54332818930041,578.8935667462775,1804672,72620,Tesla T4,50,0.9168422587470167,0.825712610578309,0.7188503412074448,0.1775853308861687,0.134264190198838,0.1446878469878827,0.1185357224603453,0.0940891372981741,0.1066762868412791,0.1344810188308055,0.1541860403905031,0.129474364746997,True,True
baseline,71,full_enc1e-02_head1e-02,baseline_seed71\diagnostic\full_enc1e-02_head1e-02\001pct,full,0.01,0.01,0.01,71,173,151,100,50,0.10212823748588562,0.6522291259562961,0.6522291259562961,0.0750861218008347,0.6488935280238571,0.0723032020440385,44,,99.6215854909999,16.3623972529997,79.80391383599931,2650.73193359375,6469.736,nvml_counter,64.42348163265305,528.651142387721,1804672,72620,Tesla T4,50,0.9572019809693444,0.8718651338673674,0.780287216674313,0.4755546474773232,0.4512619950457133,0.4884663899650149,0.098190374119971,0.0936659052440258,0.1037317706604073,0.120206576298831,0.1346997678015641,0.1169725041295736,True,True
baseline,71,full_enc1e-02_head1e-02,baseline_seed71\diagnostic\full_enc1e-02_head1e-02\005pct,full,0.01,0.01,0.05,71,868,749,350,49,0.07800864321844918,0.7749698185668326,0.7749698185668326,0.12237870189833644,0.7702566038003894,0.11787859104515563,44,,159.18023275300015,75.7149346169997,79.84311955400085,2684.04345703125,10426.86,nvml_counter,65.45090653008963,573.2026345863835,1804672,72620,Tesla T4,50,0.9054998142167364,0.6144599195945166,0.4440324605674429,0.3132953054060765,0.3083672181278135,0.3169475039314127,0.1003944729693204,0.0957714722672901,0.1247709272836408,0.1545188965084574,0.1526273541805829,0.1453564997563988,True,True
baseline,71,full_enc1e-02_head1e-02,baseline_seed71\diagnostic\full_enc1e-02_head1e-02\010pct,full,0.01,0.01,0.1,71,1739,1507,700,49,0.05957056794847761,0.8359622138153849,0.8359622138153849,0.18685113403791356,0.8303253691772419,0.18403015699307587,44,,235.21008902600033,151.49912827799972,79.98963598100045,2724.1962890625,15484.425,nvml_counter,65.83981944444446,573.9306951023997,1804672,72620,Tesla T4,50,0.9415357195066036,0.7736095421072186,0.5585159191388662,0.2058665173123337,0.1910766749252949,0.1821149030893022,0.0978451094758832,0.0851251301656127,0.1046547019241377,0.1424925515495883,0.1676769690011556,0.1355749115393935,True,True
baseline,71,full_enc1e-02_head1e-02,baseline_seed71\diagnostic\full_enc1e-02_head1e-02\025pct,full,0.01,0.01,0.25,71,4360,3767,1750,46,0.05706713540213448,0.8550033315801283,0.8550033315801283,0.22468319305704085,0.8693021523849911,0.21535002276090032,44,,460.146570461,376.6784463580002,79.76685162299918,2844.65625,30452.4,nvml_counter,66.42043738898757,578.7429626191298,1804672,72620,Tesla T4,50,0.8592274769422753,0.6836993584491388,0.4143903020271446,0.0582361868842001,0.0547055832499986,0.0532562396205729,0.1730995309564649,0.1545980470922038,0.1762457075916534,0.2189515353945958,0.2369077141374244,0.2095472587231512,True,True
baseline,71,full_enc1e-02_head1e-02,baseline_seed71\diagnostic\full_enc1e-02_head1e-02\100pct,full,0.01,0.01,1.0,71,17441,15031,6850,47,0.041738638912674285,0.9325993297900791,0.9325993297900791,0.3355755286155938,0.9299006609389437,0.3500854331307116,44,,1590.0938563930004,1506.3144484350023,79.90509247800037,3445.43994140625,105668.304,nvml_counter,66.59838247780779,578.9295859878549,1804672,72620,Tesla T4,50,0.6356086392497765,0.4801139349450659,0.2581261853686924,0.0979259470794734,0.0928118931536463,0.0909847319158561,0.5464655603250433,0.4258968222450867,0.4520893676414159,0.5266129041437936,0.583200288401949,0.5139580194003486,True,True
mask,22,frozen_head1e-02,mask_seed22\diagnostic\frozen_head1e-02\001pct,frozen,0.0,0.01,0.01,22,173,144,100,48,0.08062297105789185,0.7185368112288723,0.7185368112288723,0.10841752083731669,0.7207608860593905,0.11748074888588764,44,091b9100d5352610cee5234abc40ca881b90c5b99ee3fe056861c7f520d1fe78,95.16514982900026,2.0348624599973846,88.60051102699799,574.001953125,6023.46,nvml_counter,63.7288547008547,4250.901557253711,0,72620,Tesla T4,50,1.0000000000000002,1.0000000000000002,1.0,1.0000000000000002,1.0,0.9999999999999998,0.0,0.0,0.0,0.0,0.0,0.0,True,True
mask,22,frozen_head1e-02,mask_seed22\diagnostic\frozen_head1e-02\005pct,frozen,0.0,0.01,0.05,22,869,761,350,37,0.07742865596498762,0.7987582161842922,0.7987582161842922,0.16143402731796377,0.7975566018908001,0.15260478648962383,44,091b9100d5352610cee5234abc40ca881b90c5b99ee3fe056861c7f520d1fe78,98.32922075599981,5.587317869997605,88.57379165500242,605.501953125,6261.472,nvml_counter,63.62361570247934,7776.539837354667,0,72620,Tesla T4,50,1.0000000000000002,1.0000000000000002,1.0,1.0000000000000002,1.0,0.9999999999999998,0.0,0.0,0.0,0.0,0.0,0.0,True,True
mask,22,frozen_head1e-02,mask_seed22\diagnostic\frozen_head1e-02\010pct,frozen,0.0,0.01,0.1,22,1742,1516,700,48,0.07739846195493426,0.8251291301586338,0.8251291301586338,0.17432386194262237,0.8166319299143161,0.17357196737740108,44,091b9100d5352610cee5234abc40ca881b90c5b99ee3fe056861c7f520d1fe78,104.1054127110001,11.177857748999486,88.52871863800101,645.484375,6636.049,nvml_counter,64.52767382812499,7792.19077177791,0,72620,Tesla T4,50,1.0000000000000002,1.0000000000000002,1.0,1.0000000000000002,1.0,0.9999999999999998,0.0,0.0,0.0,0.0,0.0,0.0,True,True
mask,22,frozen_head1e-02,mask_seed22\diagnostic\frozen_head1e-02\025pct,frozen,0.0,0.01,0.25,22,4348,3768,1700,25,0.07488474425147562,0.83785582666934,0.83785582666934,0.19307125422256624,0.8437669562776899,0.19296249240148694,44,091b9100d5352610cee5234abc40ca881b90c5b99ee3fe056861c7f520d1fe78,119.48446002000037,27.048788362000778,88.54050333400119,766.23291015625,7677.505,nvml_counter,64.38244463373084,8037.328589010376,0,72620,Tesla T4,50,1.0000000000000002,1.0000000000000002,1.0,1.0000000000000002,1.0,0.9999999999999998,0.0,0.0,0.0,0.0,0.0,0.0,True,True
mask,22,frozen_head1e-02,mask_seed22\diagnostic\frozen_head1e-02\100pct,frozen,0.0,0.01,1.0,22,17441,15031,6850,50,0.07441020882042655,0.8700066043399853,0.8700066043399853,0.2342585840486201,0.876957198825052,0.22351164658771278,44,091b9100d5352610cee5234abc40ca881b90c5b99ee3fe056861c7f520d1fe78,205.48138872100026,112.84924233200582,88.58992841598592,1366.20361328125,13412.602,nvml_counter,65.30366336633664,7727.5662820526795,0,72620,Tesla T4,50,1.0000000000000002,1.0000000000000002,1.0,1.0000000000000002,1.0,0.9999999999999998,0.0,0.0,0.0,0.0,0.0,0.0,True,True
mask,22,partial_enc1e-04_head1e-02,mask_seed22\diagnostic\partial_enc1e-04_head1e-02\001pct,partial,0.0001,0.01,0.01,22,173,144,100,48,0.08186256885528564,0.7157506707822295,0.7157506707822295,0.10621869542590129,0.7219426107458071,0.11789386433299932,44,091b9100d5352610cee5234abc40ca881b90c5b99ee3fe056861c7f520d1fe78,95.75294798100003,2.0824448459998166,88.88283001500167,573.88720703125,6059.962,nvml_counter,63.603536170212756,4153.77147520418,162048,72620,Tesla T4,50,1.0000000000000002,1.0000000000000002,1.0,1.0000000000000002,0.9994412573954587,0.9994697970187536,0.0,0.0,0.0,0.0,0.0023027996425089,0.0007104217826257,True,True
mask,22,partial_enc1e-04_head1e-02,mask_seed22\diagnostic\partial_enc1e-04_head1e-02\005pct,partial,0.0001,0.01,0.05,22,869,761,350,50,0.07629419224602836,0.8022433679547972,0.8022433679547972,0.15891121807194522,0.7920404351763408,0.15556681076169682,44,091b9100d5352610cee5234abc40ca881b90c5b99ee3fe056861c7f520d1fe78,100.21046929000022,6.985235543997987,88.86203988299894,607.365234375,6377.63,nvml_counter,63.404127789046655,6220.262684961868,162048,72620,Tesla T4,50,1.0000000000000002,1.0000000000000002,1.0,1.0000000000000002,0.9994912140306162,0.9995380879059343,0.0,0.0,0.0,0.0,0.0038994914034921,0.0012030068022697,True,True
mask,22,partial_enc1e-04_head1e-02,mask_seed22\diagnostic\partial_enc1e-04_head1e-02\010pct,partial,0.0001,0.01,0.1,22,1742,1516,700,49,0.07714368615831647,0.8203632101531714,0.8203632101531714,0.17744491732725012,0.8134742722280759,0.16681330344435713,44,091b9100d5352610cee5234abc40ca881b90c5b99ee3fe056861c7f520d1fe78,107.24361811400013,13.98130699200101,88.75930360199982,647.34765625,6838.684,nvml_counter,63.6083586337761,6229.746621673617,162048,72620,Tesla T4,50,1.0000000000000002,1.0000000000000002,1.0,1.0000000000000002,0.999501871894434,0.999569231221704,0.0,0.0,0.0,0.0,0.0070090930609006,0.0021623298419004,True,True
mask,22,partial_enc1e-04_head1e-02,mask_seed22\diagnostic\partial_enc1e-04_head1e-02\025pct,partial,0.0001,0.01,0.25,22,4348,3768,1700,24,0.07443700117223404,0.8407066643406583,0.8407066643406583,0.19873483382138957,0.8425884517941019,0.199920012645769,44,091b9100d5352610cee5234abc40ca881b90c5b99ee3fe056861c7f520d1fe78,127.02186575499945,34.12601691499731,88.81032437899557,768.09619140625,8177.73,nvml_counter,64.46485096153846,6370.50613148057,162048,72620,Tesla T4,50,1.0000000000000002,1.0000000000000002,1.0,1.0000000000000002,0.9994441654870884,0.9995600839145808,0.0,0.0,0.0,0.0,0.0109824902425599,0.0033881368364676,True,True
mask,22,partial_enc1e-04_head1e-02,mask_seed22\diagnostic\partial_enc1e-04_head1e-02\100pct,partial,0.0001,0.01,1.0,22,17441,15031,6850,42,0.0722830695827512,0.8754271109037716,0.8754271109037716,0.2299645172596427,0.8804547539810333,0.23385394856450475,44,091b9100d5352610cee5234abc40ca881b90c5b99ee3fe056861c7f520d1fe78,226.6731939850015,133.7875393139966,88.52946133399564,1368.06689453125,14854.275,nvml_counter,65.43132675044883,6518.170559616293,162048,72620,Tesla T4,50,1.0000000000000002,1.0000000000000002,1.0,1.0000000000000002,0.99542453699477,0.9990311538126174,0.0,0.0,0.0,0.0,0.071500365644249,0.0220581140806657,True,True
mask,22,partial_enc1e-03_head1e-02,mask_seed22\diagnostic\partial_enc1e-03_head1e-02\001pct,partial,0.001,0.01,0.01,22,173,144,100,48,0.08116841316223145,0.7274161294342019,0.7274161294342019,0.10771959188730391,0.7253406914911585,0.11176805172338287,44,091b9100d5352610cee5234abc40ca881b90c5b99ee3fe056861c7f520d1fe78,95.50161386200034,2.047225303000232,88.79941366500043,574.42724609375,6047.113,nvml_counter,63.109163829787235,4225.231090746742,162048,72620,Tesla T4,50,1.0000000000000002,1.0000000000000002,1.0,1.0000000000000002,0.99923084991128,0.9993489347283736,0.0,0.0,0.0,0.0,0.0227672201129387,0.0070237674174918,True,True
mask,22,partial_enc1e-03_head1e-02,mask_seed22\diagnostic\partial_enc1e-03_head1e-02\005pct,partial,0.001,0.01,0.05,22,869,761,350,50,0.07487073966435023,0.8053496033047991,0.8053496033047991,0.16285393419032654,0.7915781920045497,0.1551355122593441,44,091b9100d5352610cee5234abc40ca881b90c5b99ee3fe056861c7f520d1fe78,100.31576408000001,7.110871255996244,88.76376340799834,607.365234375,6381.074,nvml_counter,63.86060446247465,6110.362350233915,162048,72620,Tesla T4,50,1.0000000000000002,1.0000000000000002,1.0,1.0000000000000002,0.9984419825369072,0.9993659941602184,0.0,0.0,0.0,0.0,0.0370911341448828,0.0114427452360155,True,True
mask,22,partial_enc1e-03_head1e-02,mask_seed22\diagnostic\partial_enc1e-03_head1e-02\010pct,partial,0.001,0.01,0.1,22,1742,1516,700,48,0.07494488784245082,0.8249674670647104,0.8249674670647104,0.18271789832464622,0.8170231438147121,0.17277081614473272,44,091b9100d5352610cee5234abc40ca881b90c5b99ee3fe056861c7f520d1fe78,106.39168308300032,13.603789913998298,88.57402133999858,647.34765625,6792.948,nvml_counter,63.87610133843212,6402.62754354756,162048,72620,Tesla T4,50,1.0000000000000002,1.0000000000000002,1.0,1.0000000000000002,0.995107020505294,0.9990105365050508,0.0,0.0,0.0,0.0,0.0626673026238382,0.0193330830961339,True,True
mask,22,partial_enc1e-03_head1e-02,mask_seed22\diagnostic\partial_enc1e-03_head1e-02\025pct,partial,0.001,0.01,0.25,22,4348,3768,1700,34,0.07093252153957591,0.8473445346409814,0.8473445346409814,0.2084022955518998,0.8536722992051665,0.20658739856610653,44,091b9100d5352610cee5234abc40ca881b90c5b99ee3fe056861c7f520d1fe78,125.726383238999,33.10722516599981,88.59408249299759,768.09619140625,8092.166,nvml_counter,64.44802427184466,6566.542466484437,162048,72620,Tesla T4,50,1.0000000000000002,1.0000000000000002,1.0,1.0000000000000002,0.989720470188711,0.9980830657038372,0.0,0.0,0.0,0.0,0.1177294911308034,0.0363199617599559,True,True
mask,22,partial_enc1e-03_head1e-02,mask_seed22\diagnostic\partial_enc1e-03_head1e-02\100pct,partial,0.001,0.01,1.0,22,17441,15031,6850,46,0.06618590250502537,0.8863174299307875,0.8863174299307875,0.25146184767392066,0.8863967749523163,0.24676677827402338,44,091b9100d5352610cee5234abc40ca881b90c5b99ee3fe056861c7f520d1fe78,227.25785508400077,134.35347054499107,88.44822266200026,1368.06689453125,14882.96,nvml_counter,65.61590241718889,6490.714355666576,162048,72620,Tesla T4,50,1.0000000000000002,1.0000000000000002,1.0,1.0000000000000002,0.9592323481511408,0.9955711976596447,0.0,0.0,0.0,0.0,0.3446236010163455,0.1063175920516403,True,True
mask,22,partial_enc1e-02_head1e-02,mask_seed22\diagnostic\partial_enc1e-02_head1e-02\001pct,partial,0.01,0.01,0.01,22,173,144,100,47,0.0822119265794754,0.7336464716855999,0.7336464716855999,0.10526997814538146,0.7306130119100007,0.1157131389189915,44,091b9100d5352610cee5234abc40ca881b90c5b99ee3fe056861c7f520d1fe78,95.33368923799935,2.0426741609999226,88.70558317199811,574.42724609375,6043.911,nvml_counter,63.051605543710025,4234.645037936782,162048,72620,Tesla T4,50,1.0000000000000002,1.0000000000000002,1.0,1.0000000000000002,0.9946876574405236,0.9977239767678524,0.0,0.0,0.0,0.0,0.1952721710397758,0.0602421510262738,True,True
mask,22,partial_enc1e-02_head1e-02,mask_seed22\diagnostic\partial_enc1e-02_head1e-02\005pct,partial,0.01,0.01,0.05,22,869,761,350,40,0.06788967336927142,0.8110303001103429,0.8110303001103429,0.17510272893331094,0.7992639810689376,0.1684470165976256,44,091b9100d5352610cee5234abc40ca881b90c5b99ee3fe056861c7f520d1fe78,99.73672601199996,6.952671977999671,88.67582465300347,607.365234375,6350.526,nvml_counter,63.887759674134415,6249.395935474702,162048,72620,Tesla T4,50,1.0000000000000002,1.0000000000000002,1.0,1.0000000000000002,0.9749540389438917,0.9964219030029682,0.0,0.0,0.0,0.0,0.2757457042213199,0.0850685188273106,True,True
mask,22,partial_enc1e-02_head1e-02,mask_seed22\diagnostic\partial_enc1e-02_head1e-02\010pct,partial,0.01,0.01,0.1,22,1742,1516,700,45,0.06886052233832222,0.8339239798212742,0.8339239798212742,0.18066195259370402,0.8156688990182722,0.17520315349845952,44,091b9100d5352610cee5234abc40ca881b90c5b99ee3fe056861c7f520d1fe78,106.62278331300058,13.884693864998553,88.56000147600207,647.34765625,6815.51,nvml_counter,64.23119274809162,6273.094736324536,162048,72620,Tesla T4,50,1.0000000000000002,1.0000000000000002,1.0,1.0000000000000002,0.9039149921456494,0.9851191595015628,0.0,0.0,0.0,0.0,0.3940551980491333,0.1215674134576436,True,True
mask,22,partial_enc1e-02_head1e-02,mask_seed22\diagnostic\partial_enc1e-02_head1e-02\025pct,partial,0.01,0.01,0.25,22,4348,3768,1700,50,0.06514843772439395,0.8532508664797324,0.8532508664797324,0.211410905222059,0.8419988231480218,0.20894627200290164,44,091b9100d5352610cee5234abc40ca881b90c5b99ee3fe056861c7f520d1fe78,127.06466140500015,33.93611306800085,88.82497574999434,768.09619140625,8186.437,nvml_counter,64.56646474358975,6406.154987884913,162048,72620,Tesla T4,50,1.0000000000000002,1.0000000000000002,1.0,1.0000000000000002,0.8696584869870583,0.9794744235688636,0.0,0.0,0.0,0.0,0.6391596473010113,0.197182997441885,True,True
mask,22,partial_enc1e-02_head1e-02,mask_seed22\diagnostic\partial_enc1e-02_head1e-02\100pct,partial,0.01,0.01,1.0,22,17441,15031,6850,42,0.06366978944653143,0.8930342520470892,0.8930342520470892,0.2538883057149201,0.8866795313204626,0.25622394613831645,44,091b9100d5352610cee5234abc40ca881b90c5b99ee3fe056861c7f520d1fe78,225.19740801199987,132.51151035500516,88.41343633600263,1368.06689453125,14737.51,nvml_counter,65.60025925925926,6580.937743926796,162048,72620,Tesla T4,50,1.0000000000000002,1.0000000000000002,1.0,1.0000000000000002,0.7059678031898168,0.9694989603440018,0.0,0.0,0.0,0.0,1.5671829171106133,0.483481437604046,True,True
mask,22,full_enc1e-04_head1e-02,mask_seed22\diagnostic\full_enc1e-04_head1e-02\001pct,full,0.0001,0.01,0.01,22,173,144,100,48,0.07677553594112396,0.7244419659228106,0.7244419659228106,0.10351922310722844,0.7103910949843076,0.10572621970565338,44,091b9100d5352610cee5234abc40ca881b90c5b99ee3fe056861c7f520d1fe78,111.93384484200033,18.109450343003118,89.19780934000119,2649.265625,7106.032,nvml_counter,63.64964480874317,477.65116202668565,1804672,72620,Tesla T4,50,0.995403373405866,0.9374381528824696,0.9108616674513434,0.2892615035512541,0.2863767964216854,0.1637488054390299,0.0035295657745804,0.0032977200910637,0.0036025174489465,0.0026502610326622,0.0023279912504237,0.002829467114926,True,True
mask,22,full_enc1e-04_head1e-02,mask_seed22\diagnostic\full_enc1e-04_head1e-02\005pct,full,0.0001,0.01,0.05,22,869,761,350,36,0.07096701860427856,0.8127360900232418,0.8127360900232418,0.15717734210688217,0.8023268438528348,0.16636281615691648,44,091b9100d5352610cee5234abc40ca881b90c5b99ee3fe056861c7f520d1fe78,178.11776986400037,84.39354450999963,89.21530135800003,2682.77734375,11413.09,nvml_counter,64.24410665137614,514.8498057792998,1804672,72620,Tesla T4,50,0.9965460196088226,0.9547979562948328,0.9231115222871916,0.2397170604182025,0.236269082268571,0.1283195506887096,0.0053113278703126,0.0052095446182106,0.0056532441353673,0.00467050228962,0.0031664167315301,0.0047401339961888,True,True
mask,22,full_enc1e-04_head1e-02,mask_seed22\diagnostic\full_enc1e-04_head1e-02\010pct,full,0.0001,0.01,0.1,22,1742,1516,700,49,0.06985718011856079,0.8307294013575582,0.8307294013575582,0.18410741820510693,0.8286092420171903,0.1827717806094281,44,091b9100d5352610cee5234abc40ca881b90c5b99ee3fe056861c7f520d1fe78,262.4449214850001,169.1968652029982,89.222808694999,2723.2060546875,16871.372,nvml_counter,64.66089797507787,514.7849512193951,1804672,72620,Tesla T4,50,0.9957618869561355,0.949199623369936,0.9110194126084334,0.1505626245317974,0.1539710499819387,0.063725868689659,0.0086738708079784,0.0082309579036815,0.008784071375653,0.0078292534164242,0.0049780231210606,0.0077744693536884,True,True
mask,22,full_enc1e-04_head1e-02,mask_seed22\diagnostic\full_enc1e-04_head1e-02\025pct,full,0.0001,0.01,0.25,22,4348,3768,1700,50,0.06514890053692986,0.8617396651762433,0.8617396651762433,0.2135906113464558,0.8594104152612556,0.23157614753200442,44,091b9100d5352610cee5234abc40ca881b90c5b99ee3fe056861c7f520d1fe78,515.4055368499994,421.8861944630007,89.41834930999357,2843.60791015625,33248.201,nvml_counter,64.53650694720127,515.3048448923964,1804672,72620,Tesla T4,50,0.9942528698041242,0.9526028247317808,0.900636851932917,0.1500203242737903,0.1529803344792005,0.0618863662495247,0.0165538220449579,0.0143802587028976,0.0151019180355781,0.0139176903104031,0.009945312476844,0.0138110202101646,True,True
mask,22,full_enc1e-04_head1e-02,mask_seed22\diagnostic\full_enc1e-04_head1e-02\100pct,full,0.0001,0.01,1.0,22,17441,15031,6850,47,0.053980040724260096,0.9198774424977304,0.9198774424977304,0.30027036468054064,0.9161061192296949,0.3202976693790179,44,091b9100d5352610cee5234abc40ca881b90c5b99ee3fe056861c7f520d1fe78,1778.2156840030002,1684.4542201449967,89.06320894300916,3443.72607421875,115108.767,nvml_counter,64.91242464018423,517.7047791331097,1804672,72620,Tesla T4,50,0.9804223179529128,0.9153308366408236,0.7828501086990985,0.1039125018038363,0.1036707720348949,0.0372694358825969,0.0590373042741885,0.0423872165206802,0.0411335011396738,0.04128461846917,0.0338561839549544,0.040945278523776,True,True
mask,22,full_enc1e-03_head1e-02,mask_seed22\diagnostic\full_enc1e-03_head1e-02\001pct,full,0.001,0.01,0.01,22,173,144,100,47,0.07218663394451141,0.7475335746382613,0.7475335746382613,0.10749335448255898,0.7281443798049193,0.10521948778451655,44,091b9100d5352610cee5234abc40ca881b90c5b99ee3fe056861c7f520d1fe78,111.36922407100064,18.102653965998798,88.94561562300169,2649.265625,7089.515,nvml_counter,63.38192504570384,477.8304891783719,1804672,72620,Tesla T4,50,0.9907200931533,0.9270418548462644,0.8721033993436307,0.1279792905478102,0.1439540368809917,0.0616797396074686,0.0264270430923962,0.0245609558198328,0.0269167697906501,0.0235720567281226,0.0207423996398586,0.0238611192969386,True,True
mask,22,full_enc1e-03_head1e-02,mask_seed22\diagnostic\full_enc1e-03_head1e-02\005pct,full,0.001,0.01,0.05,22,869,761,350,33,0.060885846614837646,0.8286337493567625,0.8286337493567625,0.16931218533442116,0.8153306440054483,0.17120961359317344,44,091b9100d5352610cee5234abc40ca881b90c5b99ee3fe056861c7f520d1fe78,177.55653927299954,84.20208647300115,89.03702736900323,2682.77734375,11384.319,nvml_counter,64.3774724137931,516.0204671879712,1804672,72620,Tesla T4,50,0.9915098518546674,0.9169448481578067,0.8116450647872421,0.0629163733615074,0.0729932839481971,0.0262309921617806,0.0365793620733941,0.0323462325376163,0.0358929438853663,0.0333070460000201,0.0248072158140932,0.032839340351208,True,True
mask,22,full_enc1e-03_head1e-02,mask_seed22\diagnostic\full_enc1e-03_head1e-02\010pct,full,0.001,0.01,0.1,22,1742,1516,700,48,0.05842622263090951,0.8484038594529166,0.8484038594529166,0.19435460837204177,0.8430951208708787,0.19638310444229504,44,091b9100d5352610cee5234abc40ca881b90c5b99ee3fe056861c7f520d1fe78,262.46171946699997,168.83900266599994,89.27474434699616,2723.2060546875,16875.034,nvml_counter,64.72789252336449,515.876063141066,1804672,72620,Tesla T4,50,0.9903327897789284,0.9185026955689783,0.7822559778395213,0.1136628083854662,0.117863397615049,0.0652373884143042,0.0471096730334864,0.0412665824272102,0.0488672914689689,0.0482611802745577,0.0334634218671785,0.0464156654601606,True,True
mask,22,full_enc1e-03_head1e-02,mask_seed22\diagnostic\full_enc1e-03_head1e-02\025pct,full,0.001,0.01,0.25,22,4348,3768,1700,39,0.048337796155144185,0.8858074972174332,0.8858074972174332,0.24129167168703994,0.8690848016240509,0.2535073893106619,44,091b9100d5352610cee5234abc40ca881b90c5b99ee3fe056861c7f520d1fe78,514.8984801049992,421.2980993619967,89.3539021919878,2843.60791015625,33233.393,nvml_counter,64.86543918918917,516.0241651439328,1804672,72620,Tesla T4,50,0.9696817701628104,0.9236630576925048,0.7743808435093937,0.0305239636680788,0.0374117142270312,0.0119604462934696,0.0779016700536461,0.0714766874204745,0.079183779231212,0.080537499746807,0.0593879251820886,0.0776675580514977,True,True
mask,22,full_enc1e-03_head1e-02,mask_seed22\diagnostic\full_enc1e-03_head1e-02\100pct,full,0.001,0.01,1.0,22,17441,15031,6850,37,0.03799229990826906,0.9315684678418541,0.9315684678418541,0.3231827427212639,0.9269888068646274,0.3490882993706637,44,091b9100d5352610cee5234abc40ca881b90c5b99ee3fe056861c7f520d1fe78,1778.8856815880008,1685.5579415189932,89.17594767600531,3443.72607421875,115166.412,nvml_counter,64.924653660221,517.3657805047775,1804672,72620,Tesla T4,50,0.9349734182883236,0.7794370957783037,0.5940850947398078,0.0685230879198946,0.0685882615296058,0.0400373810897353,0.1685610913016052,0.1310612028343059,0.1362374744513873,0.1738960135229554,0.1675346203351361,0.165279322254853,True,True
mask,22,full_enc1e-02_head1e-02,mask_seed22\diagnostic\full_enc1e-02_head1e-02\001pct,full,0.01,0.01,0.01,22,173,144,100,49,0.08623865246772766,0.7291359363537897,0.7291359363537897,0.07973989906416991,0.6966409435941869,0.07521058552224798,44,091b9100d5352610cee5234abc40ca881b90c5b99ee3fe056861c7f520d1fe78,111.62950334000016,18.189956249000716,89.00776998600031,2649.265625,7092.564,nvml_counter,63.40035583941605,475.53715256875324,1804672,72620,Tesla T4,50,0.7808119185906737,0.4024916214093301,0.2413660777949318,0.0181040446489434,0.0208019903767327,0.0089806572015105,0.258552119564103,0.2204401617773861,0.2347004753092713,0.2018480422792063,0.1645917069993555,0.2053100188354742,True,True
mask,22,full_enc1e-02_head1e-02,mask_seed22\diagnostic\full_enc1e-02_head1e-02\005pct,full,0.01,0.01,0.05,22,869,761,350,46,0.08041905505316597,0.7795100866718037,0.7795100866718037,0.12786553188873445,0.7651140371351022,0.12038301738414185,44,091b9100d5352610cee5234abc40ca881b90c5b99ee3fe056861c7f520d1fe78,176.8516419130001,84.06443001800017,88.82858297899838,2682.77734375,11348.392,nvml_counter,64.7866920415225,516.8654565396605,1804672,72620,Tesla T4,50,0.5547004319322092,0.5315355179293514,0.3644933090695906,0.0224056245298041,0.0197036089639459,0.0094002489611588,0.4909475320353192,0.3484841953309105,0.3704750060526816,0.2728450655014826,0.1631176903987315,0.2890845761033647,True,True
mask,22,full_enc1e-02_head1e-02,mask_seed22\diagnostic\full_enc1e-02_head1e-02\010pct,full,0.01,0.01,0.1,22,1742,1516,700,39,0.06620163576943534,0.8266866790746344,0.8266866790746344,0.1636332866101038,0.831376315226158,0.16653897473264553,44,091b9100d5352610cee5234abc40ca881b90c5b99ee3fe056861c7f520d1fe78,262.49152276099994,169.22991124699638,89.41955923999922,2723.2060546875,16884.335,nvml_counter,64.66923190661478,514.6844275825141,1804672,72620,Tesla T4,50,0.8419387401733969,0.7345576486471552,0.4939608306372201,0.0164268088655459,0.0115100146007367,0.0062459834332977,0.285858768367806,0.2437419984948973,0.2910193347820329,0.2873258882088891,0.1616892869945033,0.2738782549931042,True,True
mask,22,full_enc1e-02_head1e-02,mask_seed22\diagnostic\full_enc1e-02_head1e-02\025pct,full,0.01,0.01,0.25,22,4348,3768,1700,36,0.06054996742921717,0.8465557787844049,0.8465557787844049,0.21154053455267913,0.8341536431438605,0.20750487401718107,44,091b9100d5352610cee5234abc40ca881b90c5b99ee3fe056861c7f520d1fe78,513.6825557860011,420.63538731199515,89.36882516199512,2843.60791015625,33162.279,nvml_counter,64.729403187251,516.8371624395675,1804672,72620,Tesla T4,50,0.7900814673369504,0.6195671334156924,0.5392392235082106,0.0126992120665154,0.0097015273149217,0.0055721705200506,0.476521620594988,0.3576810059902508,0.3565341495515125,0.4025425418405393,0.3272307061986223,0.3871424576463517,True,True
mask,22,full_enc1e-02_head1e-02,mask_seed22\diagnostic\full_enc1e-02_head1e-02\100pct,full,0.01,0.01,1.0,22,17441,15031,6850,46,0.040545112025128664,0.9327250670826746,0.9327250670826746,0.3473424415663591,0.9276734995816678,0.35305304343691374,44,091b9100d5352610cee5234abc40ca881b90c5b99ee3fe056861c7f520d1fe78,1784.1943841049997,1690.9643369569985,89.06724417500845,3443.72607421875,115464.798,nvml_counter,64.6742433145874,515.7116450896365,1804672,72620,Tesla T4,50,0.5938619273727894,0.4963246843948899,0.4358286233560147,0.0033218959482987,0.0037560693789719,0.001832150746627,0.8295104889359111,0.5898788157480738,0.650118963967826,0.722573476541274,0.6151859625956313,0.6931703777472721,True,True
mask,54,frozen_head1e-02,mask_seed54\diagnostic\frozen_head1e-02\001pct,frozen,0.0,0.01,0.01,54,173,158,100,36,0.0907006561756134,0.7312845912814595,0.7312845912814595,0.1161473155009697,0.7459977806341356,0.12988003318430788,44,111c5ab6bad2a50126f847a4d3cdddde4040663b07df0dd68521650a20e0a080,86.17521747499995,1.726264921994698,80.62968389900107,574.001953125,5545.429,nvml_counter,65.11200000000001,5010.818380069341,0,72620,Tesla T4,50,1.0,1.0,1.0,1.0,0.9999999999999998,1.0000000000000002,0.0,0.0,0.0,0.0,0.0,0.0,True,True
mask,54,frozen_head1e-02,mask_seed54\diagnostic\frozen_head1e-02\005pct,frozen,0.0,0.01,0.05,54,870,742,350,50,0.07817734139306205,0.7944764798412696,0.7944764798412696,0.1604264179939845,0.8099349163958532,0.1565959661867918,44,111c5ab6bad2a50126f847a4d3cdddde4040663b07df0dd68521650a20e0a080,88.993483061,4.983720728000662,80.11437989600381,605.53759765625,5776.355,nvml_counter,66.17121689497718,8728.418459645722,0,72620,Tesla T4,50,1.0,1.0,1.0,1.0,0.9999999999999998,1.0000000000000002,0.0,0.0,0.0,0.0,0.0,0.0,True,True
mask,54,frozen_head1e-02,mask_seed54\diagnostic\frozen_head1e-02\010pct,frozen,0.0,0.01,0.1,54,1741,1495,700,29,0.07659852504730225,0.8135981061525661,0.8135981061525661,0.16533508814772865,0.809527568821138,0.17375865988370143,44,111c5ab6bad2a50126f847a4d3cdddde4040663b07df0dd68521650a20e0a080,93.9374406930001,9.933019348001835,80.4025140270005,645.4267578125,6104.499,nvml_counter,65.58536147186146,8763.699832872198,0,72620,Tesla T4,50,1.0,1.0,1.0,1.0,0.9999999999999998,1.0000000000000002,0.0,0.0,0.0,0.0,0.0,0.0,True,True
mask,54,frozen_head1e-02,mask_seed54\diagnostic\frozen_head1e-02\025pct,frozen,0.0,0.01,0.25,54,4355,3736,1750,48,0.07639633587428502,0.8281421973604939,0.8281421973604939,0.19249348269574762,0.8590258678170261,0.190621099614514,44,111c5ab6bad2a50126f847a4d3cdddde4040663b07df0dd68521650a20e0a080,110.1727692909999,26.057298924998577,80.35390971900233,764.82958984375,7196.405,nvml_counter,65.65720848708487,8356.583720621069,0,72620,Tesla T4,50,1.0,1.0,1.0,1.0,0.9999999999999998,1.0000000000000002,0.0,0.0,0.0,0.0,0.0,0.0,True,True
mask,54,frozen_head1e-02,mask_seed54\diagnostic\frozen_head1e-02\100pct,frozen,0.0,0.01,1.0,54,17441,15031,6850,36,0.073582718842221,0.8714820599352237,0.8714820599352237,0.22384077143635625,0.8791444189813064,0.23454155982203398,44,111c5ab6bad2a50126f847a4d3cdddde4040663b07df0dd68521650a20e0a080,179.10685170999932,95.29438730499533,80.1946833449947,1366.20361328125,11897.467,nvml_counter,66.48017139614075,9151.116079994852,0,72620,Tesla T4,50,1.0,1.0,1.0,1.0,0.9999999999999998,1.0000000000000002,0.0,0.0,0.0,0.0,0.0,0.0,True,True
mask,54,partial_enc1e-04_head1e-02,mask_seed54\diagnostic\partial_enc1e-04_head1e-02\001pct,partial,0.0001,0.01,0.01,54,173,158,100,36,0.09128023684024811,0.7355595244078326,0.7355595244078326,0.11866272114718573,0.7518856921816339,0.1220319545965129,44,111c5ab6bad2a50126f847a4d3cdddde4040663b07df0dd68521650a20e0a080,85.89808116699987,1.7790700550012843,80.39642639099839,573.88720703125,5555.72,nvml_counter,64.7661607565012,4862.090717385357,162048,72620,Tesla T4,50,1.0,1.0,1.0,1.0,0.992096191393842,0.9996300823969224,0.0,0.0,0.0,0.0,0.0021583582787648,0.0006666618265926,True,True
mask,54,partial_enc1e-04_head1e-02,mask_seed54\diagnostic\partial_enc1e-04_head1e-02\005pct,partial,0.0001,0.01,0.05,54,870,742,350,50,0.07773791892187935,0.7901575104109196,0.7901575104109196,0.16154041464096025,0.8074211857713809,0.15817558557194428,44,111c5ab6bad2a50126f847a4d3cdddde4040663b07df0dd68521650a20e0a080,89.89057282500016,5.949334842998724,80.15731220099588,607.40087890625,5837.171,nvml_counter,64.71889819004525,7311.741757348139,162048,72620,Tesla T4,50,1.0,1.0,1.0,1.0,0.991952199875554,0.999623613312848,0.0,0.0,0.0,0.0,0.0038684845887917,0.0011948762295318,True,True
mask,54,partial_enc1e-04_head1e-02,mask_seed54\diagnostic\partial_enc1e-04_head1e-02\010pct,partial,0.0001,0.01,0.1,54,1741,1495,700,43,0.07636583702904838,0.8161170529962333,0.8161170529962333,0.17414461066859294,0.8253738638616149,0.17848710161672734,44,111c5ab6bad2a50126f847a4d3cdddde4040663b07df0dd68521650a20e0a080,96.01163478400031,11.9682707009988,80.41529586499928,647.2900390625,6240.77,nvml_counter,65.34106553911204,7273.398319168644,162048,72620,Tesla T4,50,1.0,1.0,1.0,1.0,0.9914013340014416,0.9995988760211888,0.0,0.0,0.0,0.0,0.0069868060319574,0.002158046195175,True,True
mask,54,partial_enc1e-04_head1e-02,mask_seed54\diagnostic\partial_enc1e-04_head1e-02\025pct,partial,0.0001,0.01,0.25,54,4355,3736,1750,43,0.0761136872427804,0.8360382001882679,0.8360382001882679,0.19862859972936311,0.8522201352450125,0.19306193723110718,44,111c5ab6bad2a50126f847a4d3cdddde4040663b07df0dd68521650a20e0a080,114.86016929099969,30.698456095003166,80.28589234200263,766.69287109375,7508.095,nvml_counter,65.61742123893804,7093.190593237798,162048,72620,Tesla T4,50,1.0,1.0,1.0,1.0,0.9928379923871936,0.9996873436306812,0.0,0.0,0.0,0.0,0.0047136570027458,0.0014559284333368,True,True
mask,54,partial_enc1e-04_head1e-02,mask_seed54\diagnostic\partial_enc1e-04_head1e-02\100pct,partial,0.0001,0.01,1.0,54,17441,15031,6850,36,0.0714677824591198,0.8749576170960672,0.8749576170960672,0.23602346359020016,0.8841590450102966,0.2350108382626737,44,111c5ab6bad2a50126f847a4d3cdddde4040663b07df0dd68521650a20e0a080,199.34350314399853,115.52255145398885,80.22390367998923,1368.06689453125,13247.075,nvml_counter,66.83781039755351,7548.742553070482,162048,72620,Tesla T4,50,1.0,1.0,1.0,1.0,0.969038805557513,0.9993475277289616,0.0,0.0,0.0,0.0,0.0678374602606608,0.0209532613809864,True,True
mask,54,partial_enc1e-03_head1e-02,mask_seed54\diagnostic\partial_enc1e-03_head1e-02\001pct,partial,0.001,0.01,0.01,54,173,158,100,32,0.09129071235656738,0.7368521949972219,0.7368521949972219,0.11785459362524481,0.7522854064124211,0.12064648576170471,44,111c5ab6bad2a50126f847a4d3cdddde4040663b07df0dd68521650a20e0a080,85.87911161400007,1.773265918004654,80.38355917499939,574.42724609375,5539.868,nvml_counter,64.73743735224586,4878.004991904038,162048,72620,Tesla T4,50,1.0,1.0,1.0,1.0,0.9903055544146812,0.9995727917378172,0.0,0.0,0.0,0.0,0.0209022700385199,0.0064561781335886,True,True
mask,54,partial_enc1e-03_head1e-02,mask_seed54\diagnostic\partial_enc1e-03_head1e-02\005pct,partial,0.001,0.01,0.05,54,870,742,350,50,0.07666294915335518,0.7943224617531502,0.7943224617531502,0.1651723388969766,0.8089186277218299,0.15946182802844844,44,111c5ab6bad2a50126f847a4d3cdddde4040663b07df0dd68521650a20e0a080,90.02684284600036,5.968925415993908,80.22539646800215,607.40087890625,5839.656,nvml_counter,65.39809029345372,7287.7439351881485,162048,72620,Tesla T4,50,1.0,1.0,1.0,1.0,0.9810583780218268,0.9992414181322958,0.0,0.0,0.0,0.0,0.0371129237818213,0.0114632356462803,True,True
mask,54,partial_enc1e-03_head1e-02,mask_seed54\diagnostic\partial_enc1e-03_head1e-02\010pct,partial,0.001,0.01,0.1,54,1741,1495,700,43,0.0737971408026559,0.8207757228657887,0.8207757228657887,0.17812602864987248,0.8230744681966027,0.18065860149904558,44,111c5ab6bad2a50126f847a4d3cdddde4040663b07df0dd68521650a20e0a080,96.04836414300007,12.007731785000033,80.36276844199892,647.2900390625,6236.013,nvml_counter,65.16148202959832,7249.495704820972,162048,72620,Tesla T4,50,1.0,1.0,1.0,1.0,0.9657678918078796,0.9989026541267748,0.0,0.0,0.0,0.0,0.0618664312524015,0.0191089628025495,True,True
mask,54,partial_enc1e-03_head1e-02,mask_seed54\diagnostic\partial_enc1e-03_head1e-02\025pct,partial,0.001,0.01,0.25,54,4355,3736,1750,49,0.07465896606445313,0.8380133206976539,0.8380133206976539,0.19234588427061364,0.8609665757925821,0.19731959559184364,44,111c5ab6bad2a50126f847a4d3cdddde4040663b07df0dd68521650a20e0a080,113.1434177000001,29.32443019799848,80.13627094599906,766.69287109375,7404.397,nvml_counter,65.4091418312388,7425.549227376373,162048,72620,Tesla T4,50,1.0,1.0,1.0,1.0,0.9876475669952566,0.9995567653585182,0.0,0.0,0.0,0.0,0.0517068455768754,0.0159709258925021,True,True
mask,54,partial_enc1e-03_head1e-02,mask_seed54\diagnostic\partial_enc1e-03_head1e-02\100pct,partial,0.001,0.01,1.0,54,17441,15031,6850,41,0.0653846281288314,0.8924320173426934,0.8924320173426934,0.25459827212295155,0.8920037195039082,0.2527370781574935,44,111c5ab6bad2a50126f847a4d3cdddde4040663b07df0dd68521650a20e0a080,198.63500245100113,114.80114151699672,80.0965064519969,1368.06689453125,13199.126,nvml_counter,66.64659509202454,7596.178822585051,162048,72620,Tesla T4,50,1.0,1.0,1.0,1.0,0.8376124258033952,0.9962197962543992,0.0,0.0,0.0,0.0,0.3304921606347668,0.1020805997090519,True,True
mask,54,partial_enc1e-02_head1e-02,mask_seed54\diagnostic\partial_enc1e-02_head1e-02\001pct,partial,0.01,0.01,0.01,54,173,158,100,35,0.0912523865699768,0.7321506531220422,0.7321506531220422,0.11647908184339023,0.7230532830872293,0.12629527605233018,44,111c5ab6bad2a50126f847a4d3cdddde4040663b07df0dd68521650a20e0a080,85.98262613999941,1.7632890340055383,80.36543002000144,574.42724609375,5552.479,nvml_counter,64.71172104018912,4905.605282618023,162048,72620,Tesla T4,50,1.0,1.0,1.0,1.0,0.9704640374856384,0.9978889335412215,0.0,0.0,0.0,0.0,0.1863911357282566,0.0575714681977547,True,True
mask,54,partial_enc1e-02_head1e-02,mask_seed54\diagnostic\partial_enc1e-02_head1e-02\005pct,partial,0.01,0.01,0.05,54,870,742,350,38,0.0706062912940979,0.8047501644123835,0.8047501644123835,0.16657198458117745,0.8037465105268577,0.1577164841039477,44,111c5ab6bad2a50126f847a4d3cdddde4040663b07df0dd68521650a20e0a080,89.88821270199969,6.01700791499934,80.2671676280006,607.40087890625,5829.389,nvml_counter,65.36940406320541,7229.506860305463,162048,72620,Tesla T4,50,1.0,1.0,1.0,1.0,0.7984090582607847,0.9927491789296348,0.0,0.0,0.0,0.0,0.2712875058096913,0.0837937917602544,True,True
mask,54,partial_enc1e-02_head1e-02,mask_seed54\diagnostic\partial_enc1e-02_head1e-02\010pct,partial,0.01,0.01,0.1,54,1741,1495,700,41,0.06734977449689593,0.8339751715266136,0.8339751715266136,0.18112256308246247,0.8234098930676109,0.18301794034405033,44,111c5ab6bad2a50126f847a4d3cdddde4040663b07df0dd68521650a20e0a080,95.84440534500027,11.873673581994808,80.45019146099912,647.2900390625,6233.677,nvml_counter,65.6328093220339,7331.345215014356,162048,72620,Tesla T4,50,1.0,1.0,1.0,1.0,0.7564932331644039,0.991638857356457,0.0,0.0,0.0,0.0,0.3654328103994967,0.1128728753120707,True,True
mask,54,partial_enc1e-02_head1e-02,mask_seed54\diagnostic\partial_enc1e-02_head1e-02\025pct,partial,0.01,0.01,0.25,54,4355,3736,1750,36,0.07395121710641044,0.8412274398257331,0.8412274398257331,0.200486378838007,0.8557136241377414,0.19859897361607537,44,111c5ab6bad2a50126f847a4d3cdddde4040663b07df0dd68521650a20e0a080,113.13154173200019,29.441077511000003,80.138629064003,766.69287109375,7405.174,nvml_counter,65.80579712746858,7396.128756450662,162048,72620,Tesla T4,50,1.0,1.0,1.0,1.0,0.8755119390922151,0.9960827054779146,0.0,0.0,0.0,0.0,0.4858549226743915,0.1500681946069118,True,True
mask,54,partial_enc1e-02_head1e-02,mask_seed54\diagnostic\partial_enc1e-02_head1e-02\100pct,partial,0.01,0.01,1.0,54,17441,15031,6850,39,0.06254518467144374,0.8899463242480163,0.8899463242480163,0.25120978963164947,0.8863518618495863,0.26248296204643107,44,111c5ab6bad2a50126f847a4d3cdddde4040663b07df0dd68521650a20e0a080,198.84347194399925,115.09607574398797,80.19392257199979,1368.06689453125,13217.958,nvml_counter,66.91482226762002,7576.713579181707,162048,72620,Tesla T4,50,1.0,1.0,1.0,1.0,0.5667136074760522,0.9721951383858318,0.0,0.0,0.0,0.0,1.525607163802326,0.4712211445568081,True,True
mask,54,full_enc1e-04_head1e-02,mask_seed54\diagnostic\full_enc1e-04_head1e-02\001pct,full,0.0001,0.01,0.01,54,173,158,100,33,0.09234020113945007,0.7270602946670317,0.7270602946670317,0.10991348072314538,0.7218898336084233,0.10845046869247182,44,111c5ab6bad2a50126f847a4d3cdddde4040663b07df0dd68521650a20e0a080,100.46651611800007,16.559044608001386,80.27290399100366,2649.265625,6526.402,nvml_counter,65.9003016194332,522.3731323134604,1804672,72620,Tesla T4,50,0.9963094042592536,0.9677757352916918,0.9264052944517772,0.571139045337357,0.474293503842936,0.1814500025162452,0.003084925321301,0.0028439266325397,0.0030677115543565,0.0026662336292483,0.0022818389590786,0.0027044036048645,True,True
mask,54,full_enc1e-04_head1e-02,mask_seed54\diagnostic\full_enc1e-04_head1e-02\005pct,full,0.0001,0.01,0.05,54,870,742,350,30,0.07369644301278251,0.81756682001363,0.81756682001363,0.15619335798597758,0.8162450646676214,0.15868354380613933,44,111c5ab6bad2a50126f847a4d3cdddde4040663b07df0dd68521650a20e0a080,161.76084885,77.427278045001,80.69281891100309,2682.82373046875,10565.009,nvml_counter,65.94723299748111,561.8175028020183,1804672,72620,Tesla T4,50,0.9962568437559864,0.9635346457243116,0.9132131922187288,0.5306852308755121,0.4291422975994464,0.0690159843471862,0.0057484194625362,0.0055083153984144,0.0058272800334923,0.0046410315080622,0.002913903713783,0.0047677369596777,True,True
mask,54,full_enc1e-04_head1e-02,mask_seed54\diagnostic\full_enc1e-04_head1e-02\010pct,full,0.0001,0.01,0.1,54,1741,1495,700,44,0.07147214242390224,0.8380524819742811,0.8380524819742811,0.1837930115721597,0.8328493292981816,0.17479548392340738,44,111c5ab6bad2a50126f847a4d3cdddde4040663b07df0dd68521650a20e0a080,239.26978224199956,154.70000916700337,80.6293911649991,2723.16015625,15695.97,nvml_counter,65.58028985507246,562.7019705346421,1804672,72620,Tesla T4,50,0.9958314642921042,0.9657427947534322,0.9118452555330026,0.5244442472883054,0.4178815264622155,0.0827813938158332,0.0107347089283256,0.0089192142203674,0.0081105024394655,0.0071663877191601,0.0050608160725477,0.0073538177926098,True,True
mask,54,full_enc1e-04_head1e-02,mask_seed54\diagnostic\full_enc1e-04_head1e-02\025pct,full,0.0001,0.01,0.25,54,4355,3736,1750,43,0.07348818778991699,0.8440807854171037,0.8440807854171037,0.1962548089808747,0.86229750164512,0.21340015735524623,44,111c5ab6bad2a50126f847a4d3cdddde4040663b07df0dd68521650a20e0a080,469.0915242990004,384.43831143600346,80.91174186500302,2843.60986328125,30857.181,nvml_counter,65.89263850174216,566.4107700052895,1804672,72620,Tesla T4,50,0.9941856332957786,0.963370140299138,0.8996518960592756,0.5030188205526912,0.4147248028053209,0.1236609305500816,0.0106777639947444,0.0095932992481476,0.0094745934371693,0.0088269931651976,0.0088548343677056,0.0090066971159879,True,True
mask,54,full_enc1e-04_head1e-02,mask_seed54\diagnostic\full_enc1e-04_head1e-02\100pct,full,0.0001,0.01,1.0,54,17441,15031,6850,50,0.05326208755047652,0.9194808328999947,0.9194808328999947,0.2981699078093892,0.921862331656422,0.30593532963930764,44,111c5ab6bad2a50126f847a4d3cdddde4040663b07df0dd68521650a20e0a080,1622.761643148,1538.3671813839992,80.43342055200083,3443.72607421875,107102.175,nvml_counter,66.08670908403678,566.8672671601432,1804672,72620,Tesla T4,50,0.9605929585332954,0.9142133220738814,0.7783621271822029,0.2890609428104236,0.2333470673551141,0.0429853626417871,0.0646071244380736,0.0457155390359726,0.0386941323756586,0.039541141117127,0.0342658977706245,0.03997818372837,True,True
mask,54,full_enc1e-03_head1e-02,mask_seed54\diagnostic\full_enc1e-03_head1e-02\001pct,full,0.001,0.01,0.01,54,173,158,100,29,0.07983443140983582,0.7326644387860776,0.7326644387860776,0.11198443915051738,0.7190984489186234,0.11152908509152569,44,111c5ab6bad2a50126f847a4d3cdddde4040663b07df0dd68521650a20e0a080,100.30942071500067,16.530892270999175,80.14199204099532,2649.265625,6523.502,nvml_counter,65.78525708502023,523.2627409456326,1804672,72620,Tesla T4,50,0.992300547258118,0.928801245516466,0.8324425265472386,0.0730358547774878,0.0635778419045134,0.010549083492407,0.030659999418106,0.0267927545420291,0.0274972801994963,0.022884724685386,0.019995272146763,0.0237161445718641,True,True
mask,54,full_enc1e-03_head1e-02,mask_seed54\diagnostic\full_enc1e-03_head1e-02\005pct,full,0.001,0.01,0.05,54,870,742,350,34,0.05997811044965472,0.8229871467132288,0.8229871467132288,0.1710776139739514,0.8193450384557805,0.16850876036606557,44,111c5ab6bad2a50126f847a4d3cdddde4040663b07df0dd68521650a20e0a080,162.32645063499967,77.50541673899806,80.95261233200108,2682.82373046875,10593.208,nvml_counter,65.35417440401505,561.2510948297668,1804672,72620,Tesla T4,50,0.9843434605447948,0.9190122943383602,0.8454285593158204,0.301671536166401,0.2510331312352373,0.0283605463172681,0.0401990597882996,0.0362021276953073,0.038594262269911,0.0304642248010167,0.0241304064179355,0.031705491795507,True,True
mask,54,full_enc1e-03_head1e-02,mask_seed54\diagnostic\full_enc1e-03_head1e-02\010pct,full,0.001,0.01,0.1,54,1741,1495,700,34,0.05494874715805054,0.8433431190520111,0.8433431190520111,0.19588297001471178,0.8335679811764684,0.1960114286416292,44,111c5ab6bad2a50126f847a4d3cdddde4040663b07df0dd68521650a20e0a080,239.16935118699985,154.6740375779982,80.78426743699765,2723.16015625,15687.376,nvml_counter,65.75528473998294,562.7964548097019,1804672,72620,Tesla T4,50,0.9876824687907768,0.923648375663378,0.768007631249797,0.0907261686156981,0.0759536305049875,0.0100767301706023,0.0505105763983378,0.0430932939378813,0.0406463388208249,0.0377205491308179,0.0321569862539616,0.0383101559234514,True,True
mask,54,full_enc1e-03_head1e-02,mask_seed54\diagnostic\full_enc1e-03_head1e-02\025pct,full,0.001,0.01,0.25,54,4355,3736,1750,36,0.06892918859209334,0.8572105401338309,0.8572105401338309,0.20876269160074645,0.856966766787825,0.21325787228310758,44,111c5ab6bad2a50126f847a4d3cdddde4040663b07df0dd68521650a20e0a080,469.43500461499934,384.67341845700685,80.84677897800066,2843.60986328125,30867.083,nvml_counter,65.87259678120921,566.0645876531677,1804672,72620,Tesla T4,50,0.9769616167016424,0.9073224932006552,0.7713177593014777,0.228576449908546,0.2027899634151103,0.0234335488822238,0.0639210179622024,0.0569807791885432,0.0558578431450875,0.0502841812471822,0.0537734990606452,0.0521524800943689,True,True
mask,54,full_enc1e-03_head1e-02,mask_seed54\diagnostic\full_enc1e-03_head1e-02\100pct,full,0.001,0.01,1.0,54,17441,15031,6850,45,0.036616307975601975,0.9279135990338635,0.9279135990338635,0.3305514243525999,0.9260349471405888,0.37549693829834374,44,111c5ab6bad2a50126f847a4d3cdddde4040663b07df0dd68521650a20e0a080,1622.4826607180003,1538.2950181569977,80.46806128499702,3443.72607421875,107106.354,nvml_counter,66.18859702620968,566.8938595697896,1804672,72620,Tesla T4,50,0.9073791639272624,0.7686228410244499,0.5530542036202687,0.1668886945929491,0.1496201359171581,0.0285946161198713,0.2156255489657069,0.1704144356117371,0.1641007510445243,0.1734809132216998,0.1633955527108125,0.1716289796567589,True,True
mask,54,full_enc1e-02_head1e-02,mask_seed54\diagnostic\full_enc1e-02_head1e-02\001pct,full,0.01,0.01,0.01,54,173,158,100,46,0.09264802932739258,0.6610332454363159,0.6610332454363159,0.09204124385529716,0.662638048627136,0.0783730271063654,44,111c5ab6bad2a50126f847a4d3cdddde4040663b07df0dd68521650a20e0a080,100.0521174380001,16.57926382700589,79.97032949100048,2649.265625,6515.935,nvml_counter,65.6647093495935,521.7360728592819,1804672,72620,Tesla T4,50,0.7388249368794108,0.6261335816913971,0.5375086372577487,0.1322849809347729,0.1205605900306014,0.0197248056865998,0.2564697865490544,0.2128926192762312,0.2248559703356722,0.1996775773042742,0.1625942084663983,0.2015371605067908,True,True
mask,54,full_enc1e-02_head1e-02,mask_seed54\diagnostic\full_enc1e-02_head1e-02\005pct,full,0.01,0.01,0.05,54,870,742,350,38,0.09658009665352958,0.7453149131998011,0.7453149131998011,0.08555407219842799,0.6908134155780945,0.08120000024240494,44,111c5ab6bad2a50126f847a4d3cdddde4040663b07df0dd68521650a20e0a080,161.30878035399928,77.43937082100183,80.52232411600016,2682.82373046875,10546.068,nvml_counter,65.66049116161616,561.7297705136139,1804672,72620,Tesla T4,50,0.6093012504049619,0.6480961020491054,0.4772355794026373,0.1073312590231531,0.0986215387743972,0.0145643418315364,0.5397573519035624,0.4975431686036832,0.4907348652659409,0.3447810841009047,0.1565117711097382,0.3725027990309485,True,True
mask,54,full_enc1e-02_head1e-02,mask_seed54\diagnostic\full_enc1e-02_head1e-02\010pct,full,0.01,0.01,0.1,54,1741,1495,700,42,0.08666961533682686,0.7598548856884743,0.7598548856884743,0.10270092540016669,0.7317854442228633,0.10741688002362702,44,111c5ab6bad2a50126f847a4d3cdddde4040663b07df0dd68521650a20e0a080,238.49918643099954,154.5849012999979,80.51492522300032,2723.16015625,15652.304,nvml_counter,66.08403849443968,563.1209727984034,1804672,72620,Tesla T4,50,0.6140673568455752,0.4052373858290722,0.2908715560383251,0.0065437676473646,0.0046936217640463,0.0006906018313366,0.5997394866105613,0.4273338277138478,0.3538987019046918,0.3097685380044779,0.1910937374687463,0.324230379023755,True,True
mask,54,full_enc1e-02_head1e-02,mask_seed54\diagnostic\full_enc1e-02_head1e-02\025pct,full,0.01,0.01,0.25,54,4355,3736,1750,33,0.07862528392246791,0.8180544749930909,0.8180544749930909,0.16049749715523448,0.8086689774289085,0.15861805302322218,44,111c5ab6bad2a50126f847a4d3cdddde4040663b07df0dd68521650a20e0a080,468.2844153419992,384.2123671569989,80.63791300100274,2843.60986328125,30816.906,nvml_counter,66.00560532054078,566.7438599419728,1804672,72620,Tesla T4,50,0.7963663908860648,0.6024812206393535,0.4666787308407784,0.0504706877993954,0.0411564668441656,0.006471152487235,0.4833849720440258,0.3659284003780348,0.3668473483743155,0.3870633169132322,0.3983673781383965,0.3847954945932204,True,True
mask,54,full_enc1e-02_head1e-02,mask_seed54\diagnostic\full_enc1e-02_head1e-02\100pct,full,0.01,0.01,1.0,54,17441,15031,6850,47,0.04197993939810426,0.9312642768463815,0.9312642768463815,0.3526637728994619,0.9311120249258529,0.3602367914721144,44,111c5ab6bad2a50126f847a4d3cdddde4040663b07df0dd68521650a20e0a080,1622.395337889,1538.2507494780002,80.31523808199563,3443.72607421875,107078.614,nvml_counter,66.16741625708885,566.9101739725639,1804672,72620,Tesla T4,50,0.5592584474702457,0.4730908436479888,0.4350740428575336,0.0745754128732627,0.0495109786824333,0.0090695810435752,0.9487945446054968,0.6335298912630709,0.5790471048026891,0.6586054736863823,0.7830280042897635,0.6638593519077687,True,True
mask,71,frozen_head1e-02,mask_seed71\diagnostic\frozen_head1e-02\001pct,frozen,0.0,0.01,0.01,71,173,151,100,31,0.0850372314453125,0.7014139260092669,0.7014139260092669,0.1031404195760573,0.697795864600936,0.09880416823781207,44,fce9ea57db6f1a5f50d0b20eb0427d7f3565d19307d0d7fb2ffb91471f3cbb12,86.37508565099961,1.8015559290015517,80.95619460300168,574.001953125,5517.758,nvml_counter,64.44043529411765,4801.405196892197,0,72620,Tesla T4,50,1.0,1.0,1.0000000000000002,1.0,1.0,1.0,0.0,0.0,0.0,0.0,0.0,0.0,True,True
mask,71,frozen_head1e-02,mask_seed71\diagnostic\frozen_head1e-02\005pct,frozen,0.0,0.01,0.05,71,868,749,350,48,0.07992082834243774,0.7695084318956212,0.7695084318956212,0.16013794019910302,0.8015077349823982,0.17068043684960885,44,fce9ea57db6f1a5f50d0b20eb0427d7f3565d19307d0d7fb2ffb91471f3cbb12,90.16862354299974,5.261546056000952,80.93479340799968,605.4677734375,5786.11,nvml_counter,64.30988963963964,8248.526105839364,0,72620,Tesla T4,50,1.0,1.0,1.0000000000000002,1.0,1.0,1.0,0.0,0.0,0.0,0.0,0.0,0.0,True,True
mask,71,frozen_head1e-02,mask_seed71\diagnostic\frozen_head1e-02\010pct,frozen,0.0,0.01,0.1,71,1739,1507,700,48,0.07849186658859253,0.8250612536259235,0.8250612536259235,0.17246088349737393,0.8248375656143598,0.17675943391766455,44,fce9ea57db6f1a5f50d0b20eb0427d7f3565d19307d0d7fb2ffb91471f3cbb12,94.75980924199939,10.286139396002909,80.76617799099768,645.3115234375,6102.301,nvml_counter,64.15628693790151,8453.122853243452,0,72620,Tesla T4,50,1.0,1.0,1.0000000000000002,1.0,1.0,1.0,0.0,0.0,0.0,0.0,0.0,0.0,True,True
mask,71,frozen_head1e-02,mask_seed71\diagnostic\frozen_head1e-02\025pct,frozen,0.0,0.01,0.25,71,4360,3767,1750,39,0.07586789812360491,0.8540022517697334,0.8540022517697334,0.1965570060069128,0.8524662374069845,0.19961370429663236,44,fce9ea57db6f1a5f50d0b20eb0427d7f3565d19307d0d7fb2ffb91471f3cbb12,109.27798212200014,25.18358736600112,80.48692334300358,764.8876953125,7091.336,nvml_counter,65.63469144981413,8656.431541374006,0,72620,Tesla T4,50,1.0,1.0,1.0000000000000002,1.0,1.0,1.0,0.0,0.0,0.0,0.0,0.0,0.0,True,True
mask,71,frozen_head1e-02,mask_seed71\diagnostic\frozen_head1e-02\100pct,frozen,0.0,0.01,1.0,71,17441,15031,6850,44,0.07390716998246465,0.8710936783348054,0.8710936783348054,0.22608589076868604,0.880571659989911,0.22721809778541255,44,fce9ea57db6f1a5f50d0b20eb0427d7f3565d19307d0d7fb2ffb91471f3cbb12,182.18216403400038,98.24820339200232,80.41493025299496,1366.20361328125,12003.734,nvml_counter,65.92645596432553,8875.989279117823,0,72620,Tesla T4,50,1.0,1.0,1.0000000000000002,1.0,1.0,1.0,0.0,0.0,0.0,0.0,0.0,0.0,True,True
mask,71,partial_enc1e-04_head1e-02,mask_seed71\diagnostic\partial_enc1e-04_head1e-02\001pct,partial,0.0001,0.01,0.01,71,173,151,100,36,0.08529159426689148,0.7028180996513105,0.7028180996513105,0.09739254530598704,0.6934926885521805,0.10198926830603497,44,fce9ea57db6f1a5f50d0b20eb0427d7f3565d19307d0d7fb2ffb91471f3cbb12,86.5045532059994,1.9124028210026154,80.80688532100157,573.88720703125,5527.019,nvml_counter,64.68867370892019,4523.105647514713,162048,72620,Tesla T4,50,1.0,1.0,1.0000000000000002,1.0,0.9937179567795988,0.9992766845544786,0.0,0.0,0.0,0.0,0.0023277985682015,0.0007167020560298,True,True
mask,71,partial_enc1e-04_head1e-02,mask_seed71\diagnostic\partial_enc1e-04_head1e-02\005pct,partial,0.0001,0.01,0.05,71,868,749,350,46,0.07960990497044154,0.7717634008972586,0.7717634008972586,0.16343257431680294,0.7974698788516286,0.1589098058258514,44,fce9ea57db6f1a5f50d0b20eb0427d7f3565d19307d0d7fb2ffb91471f3cbb12,90.97172025300006,6.256728813000336,80.99011261199848,607.3310546875,5841.326,nvml_counter,64.28569419642858,6936.532059663949,162048,72620,Tesla T4,50,1.0,1.0,1.0000000000000002,1.0,0.9935618602116206,0.9992490738479164,0.0,0.0,0.0,0.0,0.0035745045155731,0.0011005482908165,True,True
mask,71,partial_enc1e-04_head1e-02,mask_seed71\diagnostic\partial_enc1e-04_head1e-02\010pct,partial,0.0001,0.01,0.1,71,1739,1507,700,48,0.07777926751545497,0.8256980457535064,0.8256980457535064,0.17290019287186187,0.8212150097174065,0.17736786779652763,44,fce9ea57db6f1a5f50d0b20eb0427d7f3565d19307d0d7fb2ffb91471f3cbb12,97.0434250139997,12.343678970000838,80.94093135799994,647.1748046875,6251.169,nvml_counter,64.74923849372385,7044.0911669297975,162048,72620,Tesla T4,50,1.0,1.0,1.0000000000000002,1.0,0.9932553430224328,0.9992552206894432,0.0,0.0,0.0,0.0,0.0064631326445803,0.0019899232339262,True,True
mask,71,partial_enc1e-04_head1e-02,mask_seed71\diagnostic\partial_enc1e-04_head1e-02\025pct,partial,0.0001,0.01,0.25,71,4360,3767,1750,41,0.07475333895002093,0.8501039483653604,0.8501039483653604,0.20142510129812738,0.8591145399626078,0.20351752167149206,44,fce9ea57db6f1a5f50d0b20eb0427d7f3565d19307d0d7fb2ffb91471f3cbb12,114.86215542300033,30.37602254600006,80.75833391599826,766.7509765625,7450.98,nvml_counter,64.82890282685513,7176.713135166751,162048,72620,Tesla T4,50,1.0,1.0,1.0000000000000002,1.0,0.9921913405396664,0.9994498566965349,0.0,0.0,0.0,0.0,0.0135918066173227,0.0041847588880174,True,True
mask,71,partial_enc1e-04_head1e-02,mask_seed71\diagnostic\partial_enc1e-04_head1e-02\100pct,partial,0.0001,0.01,1.0,71,17441,15031,6850,48,0.07153145588227432,0.8768236451919499,0.8768236451919499,0.23975697143897093,0.8800145862171618,0.23103137232088697,44,fce9ea57db6f1a5f50d0b20eb0427d7f3565d19307d0d7fb2ffb91471f3cbb12,203.69510082600027,119.53312254400407,80.37228577199312,1368.06689453125,13431.394,nvml_counter,66.24441276171487,7295.467410541122,162048,72620,Tesla T4,50,1.0,1.0,1.0000000000000002,1.0,0.9501004916727008,0.9981675595159948,0.0,0.0,0.0,0.0,0.0710084165896928,0.0218626640897788,True,True
mask,71,partial_enc1e-03_head1e-02,mask_seed71\diagnostic\partial_enc1e-03_head1e-02\001pct,partial,0.001,0.01,0.01,71,173,151,100,32,0.08485613763332367,0.703186828739272,0.703186828739272,0.09757663169560789,0.6894057022048533,0.11554127762667177,44,fce9ea57db6f1a5f50d0b20eb0427d7f3565d19307d0d7fb2ffb91471f3cbb12,86.35009393699966,1.8776455640008862,80.84547778599881,574.42724609375,5522.634,nvml_counter,64.25832235294118,4606.833241503036,162048,72620,Tesla T4,50,1.0,1.0,1.0000000000000002,1.0,0.9914492894833028,0.9991072195097648,0.0,0.0,0.0,0.0,0.022362953624153,0.0068852928514833,True,True
mask,71,partial_enc1e-03_head1e-02,mask_seed71\diagnostic\partial_enc1e-03_head1e-02\005pct,partial,0.001,0.01,0.05,71,868,749,350,48,0.07855124132973808,0.7731840410998104,0.7731840410998104,0.16503242158698994,0.7993596282187142,0.15715169982361737,44,fce9ea57db6f1a5f50d0b20eb0427d7f3565d19307d0d7fb2ffb91471f3cbb12,91.24340245999974,6.451132179995511,81.04136276099598,607.3310546875,5851.074,nvml_counter,64.53195322939867,6727.501280252825,162048,72620,Tesla T4,50,1.0,1.0,1.0000000000000002,1.0,0.9863851785538468,0.9989700060179936,0.0,0.0,0.0,0.0,0.0349974593520889,0.0107753099499682,True,True
mask,71,partial_enc1e-03_head1e-02,mask_seed71\diagnostic\partial_enc1e-03_head1e-02\010pct,partial,0.001,0.01,0.1,71,1739,1507,700,48,0.07632086958203997,0.8244040678345687,0.8244040678345687,0.17728388826471517,0.8274969921794654,0.17771078015048797,44,fce9ea57db6f1a5f50d0b20eb0427d7f3565d19307d0d7fb2ffb91471f3cbb12,96.91445740899962,12.359400603998438,80.85564579499896,647.1748046875,6243.244,nvml_counter,64.91464779874214,7035.1308114303265,162048,72620,Tesla T4,50,1.0,1.0,1.0000000000000002,1.0,0.9591918786761552,0.9976701905257028,0.0,0.0,0.0,0.0,0.0593189253054557,0.0182636059273585,True,True
mask,71,partial_enc1e-03_head1e-02,mask_seed71\diagnostic\partial_enc1e-03_head1e-02\025pct,partial,0.001,0.01,0.25,71,4360,3767,1750,41,0.07226721899850028,0.8514382985958854,0.8514382985958854,0.20847908282904398,0.8605414291772436,0.20726866459958349,44,fce9ea57db6f1a5f50d0b20eb0427d7f3565d19307d0d7fb2ffb91471f3cbb12,114.70736421500078,30.438932203999684,80.62635472400143,766.7509765625,7436.523,nvml_counter,65.66877522123893,7161.880664504872,162048,72620,Tesla T4,50,1.0,1.0,1.0000000000000002,1.0,0.9249916110024956,0.997102927167498,0.0,0.0,0.0,0.0,0.0995746327214621,0.0306578691879804,True,True
mask,71,partial_enc1e-03_head1e-02,mask_seed71\diagnostic\partial_enc1e-03_head1e-02\100pct,partial,0.001,0.01,1.0,71,17441,15031,6850,39,0.06579193059545364,0.8890128541159686,0.8890128541159686,0.24707189551931918,0.8875241872221614,0.2427912980588317,44,fce9ea57db6f1a5f50d0b20eb0427d7f3565d19307d0d7fb2ffb91471f3cbb12,204.00056668700017,119.73170962101176,80.37872679500106,1368.06689453125,13445.404,nvml_counter,65.9315547808765,7283.3671444290785,162048,72620,Tesla T4,50,1.0,1.0,1.0000000000000002,1.0,0.7637248302638224,0.9908386868436284,0.0,0.0,0.0,0.0,0.3264686686568464,0.1005158991211468,True,True
mask,71,partial_enc1e-02_head1e-02,mask_seed71\diagnostic\partial_enc1e-02_head1e-02\001pct,partial,0.01,0.01,0.01,71,173,151,100,31,0.08249655365943909,0.7202395098754952,0.7202395098754952,0.09434926843008781,0.684507229898768,0.10421821295835808,44,fce9ea57db6f1a5f50d0b20eb0427d7f3565d19307d0d7fb2ffb91471f3cbb12,86.17996726000001,1.8596355890022096,80.62758352900073,574.42724609375,5520.425,nvml_counter,64.06977830188679,4651.4489457803775,162048,72620,Tesla T4,50,1.0,1.0,1.0000000000000002,1.0,0.932056164407775,0.9958242632142776,0.0,0.0,0.0,0.0,0.1998302329596037,0.0615254003398269,True,True
mask,71,partial_enc1e-02_head1e-02,mask_seed71\diagnostic\partial_enc1e-02_head1e-02\005pct,partial,0.01,0.01,0.05,71,868,749,350,22,0.07274118491581508,0.7811347204432171,0.7811347204432171,0.13639078540038893,0.8011584226318719,0.14667045576146895,44,fce9ea57db6f1a5f50d0b20eb0427d7f3565d19307d0d7fb2ffb91471f3cbb12,91.02895646500019,6.4693744750002224,81.13099478399636,607.3310546875,5839.854,nvml_counter,64.18465625,6708.531121163535,162048,72620,Tesla T4,50,1.0,1.0,1.0000000000000002,1.0,0.930397009984796,0.992893519779704,0.0,0.0,0.0,0.0,0.2087822104626056,0.0642816099060574,True,True
mask,71,partial_enc1e-02_head1e-02,mask_seed71\diagnostic\partial_enc1e-02_head1e-02\010pct,partial,0.01,0.01,0.1,71,1739,1507,700,37,0.06882752690996442,0.8247885482353826,0.8247885482353826,0.18172968706900716,0.8284200685581148,0.18015180107619358,44,fce9ea57db6f1a5f50d0b20eb0427d7f3565d19307d0d7fb2ffb91471f3cbb12,97.00173639199966,12.449881790003019,80.87010123100026,647.1748046875,6245.783,nvml_counter,64.62752092050209,6984.002054527051,162048,72620,Tesla T4,50,1.0,1.0,1.0000000000000002,1.0,0.7108544520096548,0.9756595502004892,0.0,0.0,0.0,0.0,0.3788193471794077,0.1166340630568976,True,True
mask,71,partial_enc1e-02_head1e-02,mask_seed71\diagnostic\partial_enc1e-02_head1e-02\025pct,partial,0.01,0.01,0.25,71,4360,3767,1750,38,0.06864010947091238,0.8536829713862238,0.8536829713862238,0.21378118399413015,0.8553527406488167,0.20216015738303642,44,fce9ea57db6f1a5f50d0b20eb0427d7f3565d19307d0d7fb2ffb91471f3cbb12,114.78506127699984,30.676000561000365,80.61350375200072,766.7509765625,7454.799,nvml_counter,65.0517539823009,7106.532664403201,162048,72620,Tesla T4,50,1.0,1.0,1.0000000000000002,1.0,0.6912891730157946,0.977922252220841,0.0,0.0,0.0,0.0,0.5292633910864252,0.1629540312270439,True,True
mask,71,partial_enc1e-02_head1e-02,mask_seed71\diagnostic\partial_enc1e-02_head1e-02\100pct,partial,0.01,0.01,1.0,71,17441,15031,6850,34,0.06262961617351448,0.8915478561535551,0.8915478561535551,0.2565104709495834,0.8873608033453743,0.25396484924005286,44,fce9ea57db6f1a5f50d0b20eb0427d7f3565d19307d0d7fb2ffb91471f3cbb12,203.35483700400073,119.34738992099119,80.34018625399767,1368.06689453125,13414.016,nvml_counter,66.134994005994,7306.820874568796,162048,72620,Tesla T4,50,1.0,1.0,1.0000000000000002,1.0,0.5454508963861027,0.9489650909767032,0.0,0.0,0.0,0.0,1.421102472044002,0.4375408926941502,True,True
mask,71,full_enc1e-04_head1e-02,mask_seed71\diagnostic\full_enc1e-04_head1e-02\001pct,full,0.0001,0.01,0.01,71,173,151,100,39,0.08717668801546097,0.726756384492936,0.726756384492936,0.10666336641956015,0.7031283013891891,0.10447636175029991,44,fce9ea57db6f1a5f50d0b20eb0427d7f3565d19307d0d7fb2ffb91471f3cbb12,101.62209593099942,16.788109626001642,80.83963000700078,2649.265625,6523.033,nvml_counter,64.596526,515.2456228069161,1804672,72620,Tesla T4,50,0.9927124537139358,0.8568002547667934,0.8416118012277762,0.6539214624286073,0.6199947425871878,0.2008798927103051,0.0033937553589656,0.0034124673941288,0.0038860793425814,0.0029629822158211,0.0023041149822517,0.0030822052497558,True,True
mask,71,full_enc1e-04_head1e-02,mask_seed71\diagnostic\full_enc1e-04_head1e-02\005pct,full,0.0001,0.01,0.05,71,868,749,350,22,0.07641806772777013,0.7756076384272492,0.7756076384272492,0.1304832126809843,0.7935343166252697,0.1344396219628013,44,fce9ea57db6f1a5f50d0b20eb0427d7f3565d19307d0d7fb2ffb91471f3cbb12,162.99452431200007,78.12076304100174,81.33630718300083,2682.7314453125,10521.349,nvml_counter,64.89732249999999,555.5501291919214,1804672,72620,Tesla T4,50,0.9922244853556834,0.8396237248978534,0.8109667402408518,0.5887968254291882,0.5529582380526867,0.1809310748512895,0.0050072154810974,0.00464200513542,0.0048228997788941,0.0039620440979972,0.0024315734304755,0.0040420430141379,True,True
mask,71,full_enc1e-04_head1e-02,mask_seed71\diagnostic\full_enc1e-04_head1e-02\010pct,full,0.0001,0.01,0.1,71,1739,1507,700,50,0.07451035295213972,0.8217283080459269,0.8217283080459269,0.18015124520016398,0.8379585288399741,0.18514085638170139,44,fce9ea57db6f1a5f50d0b20eb0427d7f3565d19307d0d7fb2ffb91471f3cbb12,241.21784920399932,156.1850793090025,81.1555061550007,2723.068359375,15608.185,nvml_counter,64.96835448392555,556.7113093304823,1804672,72620,Tesla T4,50,0.990625103243438,0.8538620583807595,0.8218295671064574,0.6010992769048048,0.5577154948611814,0.1553840554929365,0.0100727210464262,0.0086254815136635,0.0082192198367408,0.0071129223479363,0.0046683391693638,0.0072653710354519,True,True
mask,71,full_enc1e-04_head1e-02,mask_seed71\diagnostic\full_enc1e-04_head1e-02\025pct,full,0.0001,0.01,0.25,71,4360,3767,1750,48,0.06922425542558942,0.86431891972367,0.86431891972367,0.2202382869055219,0.8550546375711747,0.2116320068295354,44,fce9ea57db6f1a5f50d0b20eb0427d7f3565d19307d0d7fb2ffb91471f3cbb12,473.7104181549994,388.90163504099746,80.94905792099871,2843.6103515625,30726.827,nvml_counter,64.84032945235015,560.553055985529,1804672,72620,Tesla T4,50,0.9911423079577926,0.9302859872263212,0.8804988371640374,0.5181228472664405,0.4717412530048067,0.0715808940394851,0.0178581811147416,0.0146735036964332,0.0130901153767852,0.0111671347094099,0.0089724170034437,0.0117134957651943,True,True
mask,71,full_enc1e-04_head1e-02,mask_seed71\diagnostic\full_enc1e-04_head1e-02\100pct,full,0.0001,0.01,1.0,71,17441,15031,6850,46,0.053748102953834254,0.9207022564016213,0.9207022564016213,0.3019143569028041,0.9240251125153581,0.3098920529066814,44,fce9ea57db6f1a5f50d0b20eb0427d7f3565d19307d0d7fb2ffb91471f3cbb12,1639.3862218289996,1554.1949203670029,80.8561242700016,3443.72607421875,106617.687,nvml_counter,65.02567635683094,561.0943573242903,1804672,72620,Tesla T4,50,0.9631556051628534,0.907991654038393,0.7951168728274187,0.3572377730698642,0.313349420497727,0.0563979703250785,0.0691651637345235,0.0481393528168434,0.041251088775712,0.0380999254628982,0.0325844421398293,0.0395714591303331,True,True
mask,71,full_enc1e-03_head1e-02,mask_seed71\diagnostic\full_enc1e-03_head1e-02\001pct,full,0.001,0.01,0.01,71,173,151,100,46,0.10052652657032013,0.7232024556359817,0.7232024556359817,0.10108370449682648,0.7122665991529353,0.11368327408425753,44,fce9ea57db6f1a5f50d0b20eb0427d7f3565d19307d0d7fb2ffb91471f3cbb12,101.49097368900038,16.865057906000402,80.785444465002,2649.265625,6508.736,nvml_counter,64.15224448897796,512.8947702529041,1804672,72620,Tesla T4,50,0.9886741706983286,0.8981106678087416,0.8434195145034434,0.5184882995921466,0.4778899773498229,0.0870525741595807,0.0280466797091647,0.0259563717171482,0.0290247377732354,0.0238414762287287,0.0202947004686814,0.0244549808618904,True,True
mask,71,full_enc1e-03_head1e-02,mask_seed71\diagnostic\full_enc1e-03_head1e-02\005pct,full,0.001,0.01,0.05,71,868,749,350,47,0.06537273100444249,0.8074933854066777,0.8074933854066777,0.16747743317670905,0.8088626439302588,0.1728363778905438,44,fce9ea57db6f1a5f50d0b20eb0427d7f3565d19307d0d7fb2ffb91471f3cbb12,163.07942942499994,78.02489389499806,81.09771505099525,2682.7314453125,10529.357,nvml_counter,64.665465,556.232733342842,1804672,72620,Tesla T4,50,0.9826641331630932,0.9170287001291276,0.78518907479421,0.3274899039689923,0.3232977128871591,0.0262573782782779,0.0445656334616613,0.0386637565757498,0.0370217200850176,0.0326830082348259,0.0244617318922006,0.0333428599053411,True,True
mask,71,full_enc1e-03_head1e-02,mask_seed71\diagnostic\full_enc1e-03_head1e-02\010pct,full,0.001,0.01,0.1,71,1739,1507,700,25,0.05881427441324506,0.8462031761196485,0.8462031761196485,0.19849445094530935,0.8387285479579955,0.19445868454621718,44,fce9ea57db6f1a5f50d0b20eb0427d7f3565d19307d0d7fb2ffb91471f3cbb12,240.99044233299992,156.3215315080015,80.99927988900072,2723.068359375,15605.232,nvml_counter,64.88140897544453,556.2253591121538,1804672,72620,Tesla T4,50,0.9773871188356988,0.9049802269065542,0.8099293046619256,0.1763258298981055,0.1645551015829738,0.0186060383727021,0.0431624846855523,0.0375846312990199,0.0362149825990891,0.0335539701875146,0.0260333581311578,0.0337895473926463,True,True
mask,71,full_enc1e-03_head1e-02,mask_seed71\diagnostic\full_enc1e-03_head1e-02\025pct,full,0.001,0.01,0.25,71,4360,3767,1750,40,0.0523017236164638,0.8896719418001156,0.8896719418001156,0.2436187207523589,0.8893140055113651,0.23764138321341288,44,fce9ea57db6f1a5f50d0b20eb0427d7f3565d19307d0d7fb2ffb91471f3cbb12,473.94384610200086,388.89170591600123,81.04581378399052,2843.6103515625,30737.799,nvml_counter,64.89902155172413,560.5673679424959,1804672,72620,Tesla T4,50,0.9518016235894866,0.8871332202298733,0.7269594386638137,0.271020962635058,0.257279267654877,0.0333564232718196,0.0957210804757615,0.0764008782972819,0.0713294669768799,0.0641013607012801,0.0485553813313644,0.0654556409091569,True,True
mask,71,full_enc1e-03_head1e-02,mask_seed71\diagnostic\full_enc1e-03_head1e-02\100pct,full,0.001,0.01,1.0,71,17441,15031,6850,39,0.038061023628624686,0.9328008419193108,0.9328008419193108,0.3193992001473412,0.9257721142730951,0.33007401222857297,44,fce9ea57db6f1a5f50d0b20eb0427d7f3565d19307d0d7fb2ffb91471f3cbb12,1639.1622675109993,1554.5546838630016,80.75686780299111,3443.72607421875,106603.525,nvml_counter,65.0267317194909,560.9645058178289,1804672,72620,Tesla T4,50,0.8096541722644087,0.6964577924282932,0.5592871078424476,0.2110211677648161,0.2026192908791111,0.031200469195649,0.2166905037854418,0.1642465262262074,0.1506490404530824,0.1563743736950878,0.1580085388611751,0.1574186777249156,True,True
mask,71,full_enc1e-02_head1e-02,mask_seed71\diagnostic\full_enc1e-02_head1e-02\001pct,full,0.01,0.01,0.01,71,173,151,100,48,0.08649379014968872,0.7323441231095543,0.7323441231095543,0.08253260081149133,0.7139457894399468,0.08294269451492119,44,fce9ea57db6f1a5f50d0b20eb0427d7f3565d19307d0d7fb2ffb91471f3cbb12,101.27453628699914,16.808645008000894,80.7596714980009,2649.265625,6502.834,nvml_counter,64.98038353413655,514.6161392475485,1804672,72620,Tesla T4,50,0.5604059136275445,0.4410750025870083,0.3470097574502218,0.0432194171518309,0.0416085087774163,0.005140749992305,0.2572018395783342,0.2137419406260103,0.2014902715400044,0.1804524685763503,0.1629724732895869,0.1860378047807397,True,True
mask,71,full_enc1e-02_head1e-02,mask_seed71\diagnostic\full_enc1e-02_head1e-02\005pct,full,0.01,0.01,0.05,71,868,749,350,40,0.08674827643803187,0.7610286979000843,0.7610286979000843,0.11066847358328111,0.7440764618210753,0.10959349197576497,44,fce9ea57db6f1a5f50d0b20eb0427d7f3565d19307d0d7fb2ffb91471f3cbb12,162.3101217100002,78.02660235400253,80.86418934199992,2682.7314453125,10496.386,nvml_counter,65.03598618090453,556.2205541527557,1804672,72620,Tesla T4,50,0.5695150353508509,0.3286143522173672,0.2432964439806239,0.0192903837210184,0.0119109198173528,0.001569974251084,0.4552514962081753,0.389979525018619,0.3908740883396454,0.2308973544165672,0.1463592035197404,0.2710960463208247,True,True
mask,71,full_enc1e-02_head1e-02,mask_seed71\diagnostic\full_enc1e-02_head1e-02\010pct,full,0.01,0.01,0.1,71,1739,1507,700,46,0.06647812042917524,0.846478396504337,0.846478396504337,0.19699886071224598,0.8311971554988328,0.17007826131207285,44,fce9ea57db6f1a5f50d0b20eb0427d7f3565d19307d0d7fb2ffb91471f3cbb12,241.06862753699988,156.4188469380024,80.91075927900147,2723.068359375,15605.946,nvml_counter,64.91721742808798,555.8793054807724,1804672,72620,Tesla T4,50,0.6042929244882909,0.5143918860774087,0.3801464858721793,0.0836969324250009,0.0723681556139945,0.005172909088343,0.3891132845295442,0.2963543795887363,0.2704461143166344,0.2556017829057875,0.1786740051060691,0.2573720033691905,True,True
mask,71,full_enc1e-02_head1e-02,mask_seed71\diagnostic\full_enc1e-02_head1e-02\025pct,full,0.01,0.01,0.25,71,4360,3767,1750,42,0.07513822146824428,0.839633363736268,0.839633363736268,0.17165976243083733,0.8111940927410838,0.16742076668972156,44,fce9ea57db6f1a5f50d0b20eb0427d7f3565d19307d0d7fb2ffb91471f3cbb12,471.8765411460008,387.6626694239985,80.48920559399994,2843.6103515625,30643.198,nvml_counter,65.0742012987013,562.3445773716394,1804672,72620,Tesla T4,50,0.7306232280966378,0.6039634497978086,0.5299232410014872,0.0551973696863355,0.0320734684615446,0.0048558714699699,0.9682298768357273,0.864061343116636,0.8215876458973255,0.6025148022637354,0.2806482862308442,0.646113488918841,True,True
mask,71,full_enc1e-02_head1e-02,mask_seed71\diagnostic\full_enc1e-02_head1e-02\100pct,full,0.01,0.01,1.0,71,17441,15031,6850,49,0.04168511829236998,0.9375254347286396,0.9375254347286396,0.34334996286203184,0.9330186167881501,0.36045666638066703,44,fce9ea57db6f1a5f50d0b20eb0427d7f3565d19307d0d7fb2ffb91471f3cbb12,1639.0257269850008,1554.2377278049898,80.55809851299819,3443.72607421875,106597.56,nvml_counter,65.09106377137152,561.0789034387769,1804672,72620,Tesla T4,50,0.5615709526520902,0.5205847838586353,0.4027701275516501,0.1476039876736911,0.1321090979073552,0.023967265776647,0.8642620848824702,0.596733446299986,0.6113126800339092,0.693821484805847,0.7237673265093008,0.6800796709261436,True,True
denoise,22,frozen_head1e-02,denoise_seed22\diagnostic\frozen_head1e-02\001pct,frozen,0.0,0.01,0.01,22,173,144,100,49,0.08446891605854034,0.6932841953098275,0.6932841953098275,0.08656625723521832,0.6753650594557754,0.0896154549197863,44,508aa5a413456ad0ffb285157ef486f4a522b0b5545cf7df92f0a32b80de7289,91.0433301739995,1.76768854799775,85.32147824500043,574.001953125,5810.351,nvml_counter,63.85072098214285,4893.395960390082,0,72620,Tesla T4,50,1.0000000000000002,1.0,1.0,1.0000000000000002,1.0000000000000002,1.0,0.0,0.0,0.0,0.0,0.0,0.0,True,True
denoise,22,frozen_head1e-02,denoise_seed22\diagnostic\frozen_head1e-02\005pct,frozen,0.0,0.01,0.05,22,869,761,350,35,0.08235699789864677,0.7919975676242202,0.7919975676242202,0.14525507265533658,0.7839222808346265,0.14375156936734737,44,508aa5a413456ad0ffb285157ef486f4a522b0b5545cf7df92f0a32b80de7289,94.56499607400019,5.133975684998404,85.29710888699992,605.501953125,6070.442,nvml_counter,65.11642150537635,8463.226681606986,0,72620,Tesla T4,50,1.0000000000000002,1.0,1.0,1.0000000000000002,1.0000000000000002,1.0,0.0,0.0,0.0,0.0,0.0,0.0,True,True
denoise,22,frozen_head1e-02,denoise_seed22\diagnostic\frozen_head1e-02\010pct,frozen,0.0,0.01,0.1,22,1742,1516,700,41,0.07645412002290998,0.8036514106936465,0.8036514106936465,0.17302490345278743,0.8130615645625761,0.17468810619362743,44,508aa5a413456ad0ffb285157ef486f4a522b0b5545cf7df92f0a32b80de7289,99.33551011700001,10.059266400995512,85.26952404700387,645.484375,6384.259,nvml_counter,64.18855419222903,8658.68310152122,0,72620,Tesla T4,50,1.0000000000000002,1.0,1.0,1.0000000000000002,1.0000000000000002,1.0,0.0,0.0,0.0,0.0,0.0,0.0,True,True
denoise,22,frozen_head1e-02,denoise_seed22\diagnostic\frozen_head1e-02\025pct,frozen,0.0,0.01,0.25,22,4348,3768,1700,42,0.07387258024776683,0.8432578592179624,0.8432578592179624,0.2159330965418348,0.8469309733185937,0.2071543630161633,44,508aa5a413456ad0ffb285157ef486f4a522b0b5545cf7df92f0a32b80de7289,113.0573511800003,23.918221671998253,85.2046156020051,766.23291015625,7317.333,nvml_counter,64.39955395683454,9089.304505213964,0,72620,Tesla T4,50,1.0000000000000002,1.0,1.0,1.0000000000000002,1.0000000000000002,1.0,0.0,0.0,0.0,0.0,0.0,0.0,True,True
denoise,22,frozen_head1e-02,denoise_seed22\diagnostic\frozen_head1e-02\100pct,frozen,0.0,0.01,1.0,22,17441,15031,6850,41,0.07248082822256714,0.8811198430840925,0.8811198430840925,0.24235734674856807,0.8798690520247786,0.24712849447074534,44,508aa5a413456ad0ffb285157ef486f4a522b0b5545cf7df92f0a32b80de7289,182.96616787700077,94.35858322199783,84.92266323000513,1366.20361328125,12024.714,nvml_counter,65.71190888888889,9241.872548555804,0,72620,Tesla T4,50,1.0000000000000002,1.0,1.0,1.0000000000000002,1.0000000000000002,1.0,0.0,0.0,0.0,0.0,0.0,0.0,True,True
denoise,22,partial_enc1e-04_head1e-02,denoise_seed22\diagnostic\partial_enc1e-04_head1e-02\001pct,partial,0.0001,0.01,0.01,22,173,144,100,48,0.08538475632667542,0.7154036224027517,0.7154036224027517,0.08425709635205997,0.7138742018169628,0.09003385857173962,44,508aa5a413456ad0ffb285157ef486f4a522b0b5545cf7df92f0a32b80de7289,91.52484129500044,1.841313155001444,85.32846019099725,573.88720703125,5844.696,nvml_counter,64.03936080178174,4697.734318849863,162048,72620,Tesla T4,50,1.0000000000000002,1.0,1.0,1.0000000000000002,0.999995425165242,0.9999067023041732,0.0,0.0,0.0,0.0,0.0025033058027129,0.0007592671936237,True,True
denoise,22,partial_enc1e-04_head1e-02,denoise_seed22\diagnostic\partial_enc1e-04_head1e-02\005pct,partial,0.0001,0.01,0.05,22,869,761,350,42,0.08005859170641218,0.8156851645455773,0.8156851645455773,0.15608328445569822,0.7860999713706964,0.15636653489404584,44,508aa5a413456ad0ffb285157ef486f4a522b0b5545cf7df92f0a32b80de7289,95.4034573200006,6.0517565779991855,85.229113882001,607.365234375,6116.883,nvml_counter,64.52050959488272,7179.733593046354,162048,72620,Tesla T4,50,1.0000000000000002,1.0,1.0,1.0000000000000002,0.9999867341557253,0.9997408455942484,0.0,0.0,0.0,0.0,0.0040910541701242,0.0012408404979313,True,True
denoise,22,partial_enc1e-04_head1e-02,denoise_seed22\diagnostic\partial_enc1e-04_head1e-02\010pct,partial,0.0001,0.01,0.1,22,1742,1516,700,49,0.07721020494188581,0.8208221329346466,0.8208221329346466,0.17501076867861542,0.8204910308611932,0.1724415953357094,44,508aa5a413456ad0ffb285157ef486f4a522b0b5545cf7df92f0a32b80de7289,101.17424751099952,11.865612590004275,85.16987070299638,647.34765625,6502.97,nvml_counter,64.29141365461847,7340.539676255233,162048,72620,Tesla T4,50,1.0000000000000002,1.0,1.0,1.0000000000000002,0.9999869548928962,0.99974717861437,0.0,0.0,0.0,0.0,0.0066843513599031,0.0020274026020825,True,True
denoise,22,partial_enc1e-04_head1e-02,denoise_seed22\diagnostic\partial_enc1e-04_head1e-02\025pct,partial,0.0001,0.01,0.25,22,4348,3768,1700,45,0.07312937343821806,0.859675341462193,0.859675341462193,0.2037413309506326,0.8492592768166577,0.19659872090354674,44,508aa5a413456ad0ffb285157ef486f4a522b0b5545cf7df92f0a32b80de7289,118.29717764900033,28.881205330005287,85.3321014639996,768.09619140625,7654.789,nvml_counter,65.16876632302404,7527.386669493971,162048,72620,Tesla T4,50,1.0000000000000002,1.0,1.0,1.0000000000000002,0.999983986680218,0.9996498035175686,0.0,0.0,0.0,0.0,0.0157042245523585,0.0047631825448507,True,True
denoise,22,partial_enc1e-04_head1e-02,denoise_seed22\diagnostic\partial_enc1e-04_head1e-02\100pct,partial,0.0001,0.01,1.0,22,17441,15031,6850,42,0.06995292301595646,0.8851059609348018,0.8851059609348018,0.22704033142347416,0.889936245512212,0.22853894569918676,44,508aa5a413456ad0ffb285157ef486f4a522b0b5545cf7df92f0a32b80de7289,202.20179706700037,113.44664608999665,84.92843616699975,1368.06689453125,13307.468,nvml_counter,65.83563819095478,7686.873345803517,162048,72620,Tesla T4,50,1.0000000000000002,1.0,1.0,1.0000000000000002,0.999983220840006,0.9996248789243164,0.0,0.0,0.0,0.0,0.0615657825957962,0.0186732595450774,True,True
denoise,22,partial_enc1e-03_head1e-02,denoise_seed22\diagnostic\partial_enc1e-03_head1e-02\001pct,partial,0.001,0.01,0.01,22,173,144,100,47,0.08464077115058899,0.7233466129557938,0.7233466129557938,0.08382441695111663,0.7181968897387645,0.09057894655841366,44,508aa5a413456ad0ffb285157ef486f4a522b0b5545cf7df92f0a32b80de7289,91.1247514380002,1.828484002992809,85.28654672000266,574.42724609375,5824.318,nvml_counter,64.257796875,4730.694928608581,162048,72620,Tesla T4,50,1.0000000000000002,1.0,1.0,1.0000000000000002,0.999989332038464,0.9998179420569924,0.0,0.0,0.0,0.0,0.0246981119474127,0.0074910808442952,True,True
denoise,22,partial_enc1e-03_head1e-02,denoise_seed22\diagnostic\partial_enc1e-03_head1e-02\005pct,partial,0.001,0.01,0.05,22,869,761,350,33,0.07931351661682129,0.81450418939035,0.81450418939035,0.14388145997922905,0.7920758282340578,0.14787772486430945,44,508aa5a413456ad0ffb285157ef486f4a522b0b5545cf7df92f0a32b80de7289,95.32494886999939,6.09510524399866,85.25857778299724,607.365234375,6117.502,nvml_counter,63.90139232409382,7128.671000846389,162048,72620,Tesla T4,50,1.0000000000000002,1.0,1.0,1.0000000000000002,0.999981990635988,0.9996673826808214,0.0,0.0,0.0,0.0,0.0365532295477146,0.011086806888115,True,True
denoise,22,partial_enc1e-03_head1e-02,denoise_seed22\diagnostic\partial_enc1e-03_head1e-02\010pct,partial,0.001,0.01,0.1,22,1742,1516,700,42,0.07527081455503191,0.8249019298084929,0.8249019298084929,0.1739451699345712,0.8213615007485594,0.17499757743899763,44,508aa5a413456ad0ffb285157ef486f4a522b0b5545cf7df92f0a32b80de7289,101.31714696400013,11.993605099993147,85.19737751200319,647.34765625,6518.694,nvml_counter,63.75581124497992,7262.203422059458,162048,72620,Tesla T4,50,1.0000000000000002,1.0,1.0,1.0000000000000002,0.9999805746683674,0.9996630259878092,0.0,0.0,0.0,0.0,0.0605222469469278,0.0183567491200611,True,True
denoise,22,partial_enc1e-03_head1e-02,denoise_seed22\diagnostic\partial_enc1e-03_head1e-02\025pct,partial,0.001,0.01,0.25,22,4348,3768,1700,42,0.07038568749147303,0.8647526639116044,0.8647526639116044,0.22703954657300685,0.8608402260864907,0.2132627304128248,44,508aa5a413456ad0ffb285157ef486f4a522b0b5545cf7df92f0a32b80de7289,118.49367581699971,29.097210729003564,85.3298799059994,768.09619140625,7667.011,nvml_counter,64.79661063464837,7471.506531150069,162048,72620,Tesla T4,50,1.0000000000000002,1.0,1.0,1.0000000000000002,0.9999816577243223,0.9996601556842124,0.0,0.0,0.0,0.0,0.1123699475262906,0.0340824579296167,True,True
denoise,22,partial_enc1e-03_head1e-02,denoise_seed22\diagnostic\partial_enc1e-03_head1e-02\100pct,partial,0.001,0.01,1.0,22,17441,15031,6850,42,0.06515935215636762,0.8923682436364473,0.8923682436364473,0.24974383380345244,0.8936376451005629,0.24822273263882097,44,508aa5a413456ad0ffb285157ef486f4a522b0b5545cf7df92f0a32b80de7289,201.96306781800013,113.33006927399401,84.86357262900674,1368.06689453125,13290.776,nvml_counter,65.85366398390342,7694.780437234855,162048,72620,Tesla T4,50,1.0000000000000002,1.0,1.0,1.0000000000000002,0.9999761731284224,0.9995527194334564,0.0,0.0,0.0,0.0,0.2936383358476286,0.0890622132372891,True,True
denoise,22,partial_enc1e-02_head1e-02,denoise_seed22\diagnostic\partial_enc1e-02_head1e-02\001pct,partial,0.01,0.01,0.01,22,173,144,100,46,0.08673994243144989,0.7094332083302306,0.7094332083302306,0.07875123830346203,0.7096566823837227,0.08095537652224011,44,508aa5a413456ad0ffb285157ef486f4a522b0b5545cf7df92f0a32b80de7289,91.42074065700035,1.8030032529950404,85.2202031379984,574.42724609375,5841.588,nvml_counter,63.65328888888889,4797.5509670496385,162048,72620,Tesla T4,50,1.0000000000000002,1.0,1.0,1.0000000000000002,0.9999257817620724,0.9987143008895394,0.0,0.0,0.0,0.0,0.2091881557286811,0.0634479829700802,True,True
denoise,22,partial_enc1e-02_head1e-02,denoise_seed22\diagnostic\partial_enc1e-02_head1e-02\005pct,partial,0.01,0.01,0.05,22,869,761,350,48,0.07560443026678902,0.8153714370018793,0.8153714370018793,0.155100509383728,0.795079344316975,0.16022148155251653,44,508aa5a413456ad0ffb285157ef486f4a522b0b5545cf7df92f0a32b80de7289,95.6245791679994,6.112845898997875,85.19387034299598,607.365234375,6131.912,nvml_counter,63.64759872611465,7107.982225942107,162048,72620,Tesla T4,50,1.0000000000000002,1.0,1.0,1.0000000000000002,0.9999701288176434,0.9994270802816572,0.0,0.0,0.0,0.0,0.2640481598821614,0.0800873409544927,True,True
denoise,22,partial_enc1e-02_head1e-02,denoise_seed22\diagnostic\partial_enc1e-02_head1e-02\010pct,partial,0.01,0.01,0.1,22,1742,1516,700,49,0.07163136345999581,0.8247948255948113,0.8247948255948113,0.17828513935834067,0.8231779355848615,0.179851272290064,44,508aa5a413456ad0ffb285157ef486f4a522b0b5545cf7df92f0a32b80de7289,101.17542140299975,11.793688122997992,85.31903242699718,647.34765625,6507.962,nvml_counter,64.70959036144578,7385.306368255812,162048,72620,Tesla T4,50,1.0000000000000002,1.0,1.0,1.0000000000000002,0.99996701344425,0.999482412263839,0.0,0.0,0.0,0.0,0.3614578503473001,0.1096322660016306,True,True
denoise,22,partial_enc1e-02_head1e-02,denoise_seed22\diagnostic\partial_enc1e-02_head1e-02\025pct,partial,0.01,0.01,0.25,22,4348,3768,1700,42,0.06685358636519488,0.8565216544824736,0.8565216544824736,0.22249368741192468,0.8621095926795362,0.22206726698353518,44,508aa5a413456ad0ffb285157ef486f4a522b0b5545cf7df92f0a32b80de7289,117.86011193000013,28.58625020599993,85.28168111200284,768.09619140625,7635.099,nvml_counter,64.92584827586207,7605.054822978153,162048,72620,Tesla T4,50,1.0000000000000002,1.0,1.0,1.0000000000000002,0.999975087769714,0.999486803426435,0.0,0.0,0.0,0.0,0.5609245772636673,0.1701316831335544,True,True
denoise,22,partial_enc1e-02_head1e-02,denoise_seed22\diagnostic\partial_enc1e-02_head1e-02\100pct,partial,0.01,0.01,1.0,22,17441,15031,6850,47,0.0641174455628778,0.8909322681058494,0.8909322681058494,0.23605962233191657,0.8879723425509929,0.24157025251506956,44,508aa5a413456ad0ffb285157ef486f4a522b0b5545cf7df92f0a32b80de7289,202.82822370600115,114.23475240999869,84.88517829699958,1368.06689453125,13347.333,nvml_counter,65.85363527054108,7633.841555239994,162048,72620,Tesla T4,50,1.0000000000000002,1.0,1.0,1.0000000000000002,0.9999745448045512,0.9995350432323516,0.0,0.0,0.0,0.0,1.3175162102043745,0.3996103210368833,True,True
denoise,22,full_enc1e-04_head1e-02,denoise_seed22\diagnostic\full_enc1e-04_head1e-02\001pct,full,0.0001,0.01,0.01,22,173,144,100,50,0.08464711904525757,0.7081343497138171,0.7081343497138171,0.09623443855552911,0.7013513752441916,0.09470945460399408,44,508aa5a413456ad0ffb285157ef486f4a522b0b5545cf7df92f0a32b80de7289,106.81260398599989,17.110145808004745,85.60616308100543,2649.265625,6851.489,nvml_counter,64.34230095238095,505.5480004123178,1804672,72620,Tesla T4,50,0.9992294114876016,0.9984929342275528,0.9978492437301822,0.944465723775036,0.9448664646301596,0.9377834041056404,0.0031314558587476,0.0027154599403571,0.0027563736107491,0.0024128299301156,0.0021623072279322,0.0024752751394083,True,True
denoise,22,full_enc1e-04_head1e-02,denoise_seed22\diagnostic\full_enc1e-04_head1e-02\005pct,full,0.0001,0.01,0.05,22,869,761,350,37,0.07304257154464722,0.8257169873011169,0.8257169873011169,0.16893217853129935,0.7962595462879603,0.17625473516209975,44,508aa5a413456ad0ffb285157ef486f4a522b0b5545cf7df92f0a32b80de7289,169.85794686100053,79.91337899299833,85.58185828999831,2682.77734375,10938.307,nvml_counter,64.52231850961537,543.7137128666141,1804672,72620,Tesla T4,50,0.9994542333261484,0.9966550406037366,0.9938737761937536,0.7515661471091701,0.752284805673612,0.7394897602676492,0.0073282353678813,0.0066520729954403,0.0064081967685437,0.0050235700799924,0.0033741557952327,0.0053017122182923,True,True
denoise,22,full_enc1e-04_head1e-02,denoise_seed22\diagnostic\full_enc1e-04_head1e-02\010pct,full,0.0001,0.01,0.1,22,1742,1516,700,33,0.07012878145490374,0.8361192398072412,0.8361192398072412,0.19422058967607497,0.8456459461967714,0.19471064121487053,44,508aa5a413456ad0ffb285157ef486f4a522b0b5545cf7df92f0a32b80de7289,249.60920218899992,159.98503652,85.54498474600132,2723.2060546875,16126.049,nvml_counter,64.60017103109656,544.4259156643783,1804672,72620,Tesla T4,50,0.9990272021956672,0.9968159614185094,0.9946595501559896,0.9014818260283368,0.9018782860540834,0.9023348200766828,0.0071386464315178,0.0066163053298799,0.0068682150258558,0.0078635240979391,0.0054058902176107,0.0074227200907506,True,True
denoise,22,full_enc1e-04_head1e-02,denoise_seed22\diagnostic\full_enc1e-04_head1e-02\025pct,full,0.0001,0.01,0.25,22,4348,3768,1700,50,0.06497225340674906,0.8697436492484265,0.8697436492484265,0.21951251241584666,0.8643748975439256,0.2258316692374926,44,508aa5a413456ad0ffb285157ef486f4a522b0b5545cf7df92f0a32b80de7289,486.180763245,396.4448348019969,85.78347061099794,2843.60791015625,31475.546,nvml_counter,64.7146351010101,548.3738995075563,1804672,72620,Tesla T4,50,0.9976766967100164,0.991215651604208,0.9843383211622916,0.7848110744996908,0.7858097778734914,0.7783969045451933,0.01124561461295,0.0099511536185092,0.0099846009424717,0.0176830951930978,0.0130693217360463,0.015819828697693,True,True
denoise,22,full_enc1e-04_head1e-02,denoise_seed22\diagnostic\full_enc1e-04_head1e-02\100pct,full,0.0001,0.01,1.0,22,17441,15031,6850,48,0.05609502235468287,0.91594083512744,0.91594083512744,0.29919280332505854,0.9157132448417507,0.3202646221456433,44,508aa5a413456ad0ffb285157ef486f4a522b0b5545cf7df92f0a32b80de7289,1679.6285735330002,1589.963637455994,85.40178701200057,3443.72607421875,109018.408,nvml_counter,64.80618288222384,548.4716627830024,1804672,72620,Tesla T4,50,0.9932138632023498,0.9698753937186152,0.9612443001451688,0.7369776672293766,0.7339943624051662,0.7015193259041963,0.0514360028246994,0.0329722972505624,0.0296509386270667,0.0446109482027867,0.0411345394892469,0.0417562866590234,True,True
denoise,22,full_enc1e-03_head1e-02,denoise_seed22\diagnostic\full_enc1e-03_head1e-02\001pct,full,0.001,0.01,0.01,22,173,144,100,50,0.07905451953411102,0.7363517140612015,0.7363517140612015,0.1019690107992755,0.7191797428842575,0.10198230928188634,44,508aa5a413456ad0ffb285157ef486f4a522b0b5545cf7df92f0a32b80de7289,106.91786482000043,17.140977431002284,85.69585507800093,2649.265625,6851.555,nvml_counter,64.46210456273764,504.6386668916003,1804672,72620,Tesla T4,50,0.9953192155682584,0.9830120721904584,0.9775315813048332,0.5944371098727064,0.5916939887698038,0.4664649074655965,0.0270824776005129,0.0237797094823398,0.0253797507523383,0.0225744060079358,0.0198818265201525,0.0228658017162376,True,True
denoise,22,full_enc1e-03_head1e-02,denoise_seed22\diagnostic\full_enc1e-03_head1e-02\005pct,full,0.001,0.01,0.05,22,869,761,350,40,0.06531319873673576,0.8325350075163306,0.8325350075163306,0.18120862480216907,0.8032040845360242,0.1827088539337957,44,508aa5a413456ad0ffb285157ef486f4a522b0b5545cf7df92f0a32b80de7289,169.85587680800018,79.94854255200153,85.72362373299893,2682.77734375,10941.556,nvml_counter,63.91561944777911,543.4745726820285,1804672,72620,Tesla T4,50,0.973873673670697,0.9002519144189379,0.8882515059833538,0.0007744526526468,0.000683668976957,0.0004712757259573,0.0774096915760731,0.0711653180719071,0.0752437415892302,0.0489557907387652,0.0263149374381923,0.0542119752686911,True,True
denoise,22,full_enc1e-03_head1e-02,denoise_seed22\diagnostic\full_enc1e-03_head1e-02\010pct,full,0.001,0.01,0.1,22,1742,1516,700,39,0.06136499983923776,0.849107246858357,0.849107246858357,0.2133027057042283,0.8320765272498238,0.19470827162639576,44,508aa5a413456ad0ffb285157ef486f4a522b0b5545cf7df92f0a32b80de7289,249.8731091769996,160.25751645900345,85.7492283420006,2723.2060546875,16133.653,nvml_counter,64.47969174161896,543.5002483785628,1804672,72620,Tesla T4,50,0.9451042501231822,0.6644931655965728,0.6622641512700594,0.0158355248894839,0.0157610818205276,0.0149279519512297,0.0951232288825376,0.0828038825779509,0.0715170622307054,0.0552636404923097,0.0402925645213243,0.0602189179864469,True,True
denoise,22,full_enc1e-03_head1e-02,denoise_seed22\diagnostic\full_enc1e-03_head1e-02\025pct,full,0.001,0.01,0.25,22,4348,3768,1700,42,0.049121667357052076,0.8778682229414166,0.8778682229414166,0.2538866834905345,0.8685526049334306,0.25817850246991747,44,508aa5a413456ad0ffb285157ef486f4a522b0b5545cf7df92f0a32b80de7289,485.611843488,396.3527746880018,85.58030017000237,2843.60791015625,31458.787,nvml_counter,64.73150842459984,548.5012692824755,1804672,72620,Tesla T4,50,0.9683193709755544,0.8744794063965431,0.8022634728458417,0.007692826197237,0.0077369256258618,0.006800510807075,0.0865298265686518,0.0772953850001799,0.0784286182093142,0.0955288511123852,0.0711957790547371,0.0897467697880999,True,True
denoise,22,full_enc1e-03_head1e-02,denoise_seed22\diagnostic\full_enc1e-03_head1e-02\100pct,full,0.001,0.01,1.0,22,17441,15031,6850,41,0.04004966777606602,0.929091905626251,0.929091905626251,0.31971548038167064,0.9269896192968894,0.3395663200954796,44,508aa5a413456ad0ffb285157ef486f4a522b0b5545cf7df92f0a32b80de7289,1679.8401442160011,1590.5642510109956,85.3538435540031,3443.72607421875,109049.757,nvml_counter,64.81824570383912,548.2645541955987,1804672,72620,Tesla T4,50,0.9035604886686076,0.7772357507838752,0.7374877559900711,0.0012640919402978,0.0015505404015617,0.0017350091799572,0.1915164618577796,0.1454449476005205,0.146399730492977,0.2023237429588972,0.2050132585594677,0.1913531079426121,True,True
denoise,22,full_enc1e-02_head1e-02,denoise_seed22\diagnostic\full_enc1e-02_head1e-02\001pct,full,0.01,0.01,0.01,22,173,144,100,31,0.09991440176963806,0.6925685450425899,0.6925685450425899,0.07688980840581461,0.6969451897916978,0.08431293006218146,44,508aa5a413456ad0ffb285157ef486f4a522b0b5545cf7df92f0a32b80de7289,105.92061216999991,17.06570109299355,85.43703705799999,2649.265625,6807.662,nvml_counter,64.53920192307692,506.86461416761375,1804672,72620,Tesla T4,50,0.7598792590788025,0.5752006546530309,0.4084235780603368,7.14166966818513e-05,5.7973024684833e-05,4.75156948007057e-05,0.2527335135863109,0.2030438121312777,0.2100874950694101,0.172375701163761,0.1566470549162536,0.1802042469724244,True,True
denoise,22,full_enc1e-02_head1e-02,denoise_seed22\diagnostic\full_enc1e-02_head1e-02\005pct,full,0.01,0.01,0.05,22,869,761,350,37,0.06695885743413653,0.8316934184197268,0.8316934184197268,0.14967148001277,0.7935750858293097,0.1491470456343621,44,508aa5a413456ad0ffb285157ef486f4a522b0b5545cf7df92f0a32b80de7289,169.59588655700009,79.87020294600461,85.79001103500195,2682.77734375,10926.669,nvml_counter,64.54629482551142,544.0076323503761,1804672,72620,Tesla T4,50,0.7459215423607967,0.5672839902762608,0.4387454884831478,6.600464673468412e-05,4.142815070607332e-05,2.7315138455015887e-05,0.390028876149759,0.2888142591259668,0.2421933451861269,0.1974632736798225,0.1684223252769985,0.2148104004469659,True,True
denoise,22,full_enc1e-02_head1e-02,denoise_seed22\diagnostic\full_enc1e-02_head1e-02\010pct,full,0.01,0.01,0.1,22,1742,1516,700,41,0.07239599738802228,0.8333082408529758,0.8333082408529758,0.1575316494699992,0.8283713946500256,0.1620677673163954,44,508aa5a413456ad0ffb285157ef486f4a522b0b5545cf7df92f0a32b80de7289,249.29242894599975,160.13271712300593,85.50309945800291,2723.2060546875,16107.086,nvml_counter,64.582552006552,543.9238249675994,1804672,72620,Tesla T4,50,0.7849416632735151,0.6425101708062265,0.5572448104931583,0.0025346035449475,0.0013236175881181,0.001465019044953,0.4899171208131208,0.3428107591145335,0.3412033953878453,0.2670617428920706,0.2337936801445463,0.2856546299039882,True,True
denoise,22,full_enc1e-02_head1e-02,denoise_seed22\diagnostic\full_enc1e-02_head1e-02\025pct,full,0.01,0.01,0.25,22,4348,3768,1700,33,0.050726981724009794,0.8711621389955511,0.8711621389955511,0.22281271096010602,0.8617093057924873,0.21443003474706834,44,508aa5a413456ad0ffb285157ef486f4a522b0b5545cf7df92f0a32b80de7289,485.9233367900015,396.3013453179956,85.70543348699175,2843.60791015625,31467.344,nvml_counter,64.67432000000001,548.572450152942,1804672,72620,Tesla T4,50,0.7608356858034712,0.4297420054649919,0.2929314589379367,5.383440496114592e-05,2.5405609962967747e-05,2.6300130991212745e-05,0.336277040651347,0.3109558864596242,0.2925714705624028,0.3583625971063663,0.2888967677469783,0.3402583323100475,True,True
denoise,22,full_enc1e-02_head1e-02,denoise_seed22\diagnostic\full_enc1e-02_head1e-02\100pct,full,0.01,0.01,1.0,22,17441,15031,6850,45,0.0402836834427214,0.938292778943924,0.938292778943924,0.3677323013272707,0.9332880604103546,0.36214621751300896,44,508aa5a413456ad0ffb285157ef486f4a522b0b5545cf7df92f0a32b80de7289,1679.9088381810016,1590.4489064690024,85.4960999370087,3443.72607421875,109023.209,nvml_counter,64.81071788934926,548.3043161292501,1804672,72620,Tesla T4,50,0.5303580264703405,0.4493031948165971,0.3452156723443061,0.0043108179109487,0.0026218791329441,0.0036356454531279,0.8320650804684582,0.6034876820117344,0.5660708900987889,0.6438017517332064,0.6000076900904996,0.62918440287398,True,True
denoise,54,frozen_head1e-02,denoise_seed54\diagnostic\frozen_head1e-02\001pct,frozen,0.0,0.01,0.01,54,173,158,100,49,0.10633790493011475,0.6940417865226908,0.6940417865226908,0.09047022902526532,0.7058042046870346,0.09448734898896828,44,d6a789214ebbb50bdaed8474a9b679039ec88aa2b0d1ce98a23e71afde841ecb,91.97707952600013,1.922568589000548,86.01342702499551,574.001953125,5863.467,nvml_counter,64.13072123893807,4499.189287440051,0,72620,Tesla T4,50,1.0,1.0,1.0000000000000002,1.0000000000000002,1.0,1.0000000000000002,0.0,0.0,0.0,0.0,0.0,0.0,True,True
denoise,54,frozen_head1e-02,denoise_seed54\diagnostic\frozen_head1e-02\005pct,frozen,0.0,0.01,0.05,54,870,742,350,46,0.08703936849321638,0.7956623896598813,0.7956623896598813,0.1478067762345211,0.7764743107305102,0.14743084630777525,44,d6a789214ebbb50bdaed8474a9b679039ec88aa2b0d1ce98a23e71afde841ecb,95.63190897899949,5.418076586003735,85.91264126900569,605.53759765625,6103.29,nvml_counter,63.80264468085106,8028.679423316296,0,72620,Tesla T4,50,1.0,1.0,1.0000000000000002,1.0000000000000002,1.0,1.0000000000000002,0.0,0.0,0.0,0.0,0.0,0.0,True,True
denoise,54,frozen_head1e-02,denoise_seed54\diagnostic\frozen_head1e-02\010pct,frozen,0.0,0.01,0.1,54,1741,1495,700,48,0.08077868393489293,0.820030039372951,0.820030039372951,0.1766696418897207,0.8082464403304765,0.17984066300522053,44,d6a789214ebbb50bdaed8474a9b679039ec88aa2b0d1ce98a23e71afde841ecb,99.49267456399957,9.76087352700415,85.73069718299757,645.4267578125,6383.429,nvml_counter,64.75852857142858,8918.259186451907,0,72620,Tesla T4,50,1.0,1.0,1.0000000000000002,1.0000000000000002,1.0,1.0000000000000002,0.0,0.0,0.0,0.0,0.0,0.0,True,True
denoise,54,frozen_head1e-02,denoise_seed54\diagnostic\frozen_head1e-02\025pct,frozen,0.0,0.01,0.25,54,4355,3736,1750,38,0.08076515878949847,0.8349138221202701,0.8349138221202701,0.20689765096855472,0.8381753371929551,0.1995203221197972,44,d6a789214ebbb50bdaed8474a9b679039ec88aa2b0d1ce98a23e71afde841ecb,114.17770816400025,24.258597920001193,85.81221801799529,764.82958984375,7356.261,nvml_counter,64.65666192170819,8976.198901440437,0,72620,Tesla T4,50,1.0,1.0,1.0000000000000002,1.0000000000000002,1.0,1.0000000000000002,0.0,0.0,0.0,0.0,0.0,0.0,True,True
denoise,54,frozen_head1e-02,denoise_seed54\diagnostic\frozen_head1e-02\100pct,frozen,0.0,0.01,1.0,54,17441,15031,6850,36,0.07183879657383382,0.8855026810561977,0.8855026810561977,0.24914376350357392,0.8784316951908102,0.24318657061665333,44,d6a789214ebbb50bdaed8474a9b679039ec88aa2b0d1ce98a23e71afde841ecb,182.64620195099997,93.30701021100322,85.45322346699504,1366.20361328125,11949.696,nvml_counter,65.3374872080089,9346.02874990805,0,72620,Tesla T4,50,1.0,1.0,1.0000000000000002,1.0000000000000002,1.0,1.0000000000000002,0.0,0.0,0.0,0.0,0.0,0.0,True,True
denoise,54,partial_enc1e-04_head1e-02,denoise_seed54\diagnostic\partial_enc1e-04_head1e-02\001pct,partial,0.0001,0.01,0.01,54,173,158,100,49,0.10577256232500076,0.7061279683470003,0.7061279683470003,0.08736674965170384,0.7119995776487898,0.09252046156936301,44,d6a789214ebbb50bdaed8474a9b679039ec88aa2b0d1ce98a23e71afde841ecb,92.0922594499998,1.9178696360031608,85.85677271600343,573.88720703125,5872.453,nvml_counter,63.78636423841059,4510.2127056073505,162048,72620,Tesla T4,50,1.0,1.0,1.0000000000000002,1.0000000000000002,0.999990602758404,0.9997899930650164,0.0,0.0,0.0,0.0,0.0025367058243875,0.0007696397726999,True,True
denoise,54,partial_enc1e-04_head1e-02,denoise_seed54\diagnostic\partial_enc1e-04_head1e-02\005pct,partial,0.0001,0.01,0.05,54,870,742,350,36,0.08698239496776036,0.7943089537012011,0.7943089537012011,0.14772464448000788,0.7690781562266698,0.16441657311912483,44,d6a789214ebbb50bdaed8474a9b679039ec88aa2b0d1ce98a23e71afde841ecb,96.20474867800021,6.20844453600057,85.98423764699601,607.40087890625,6152.548,nvml_counter,63.590894291754765,7006.585908557113,162048,72620,Tesla T4,50,1.0,1.0,1.0000000000000002,1.0000000000000002,0.999982444249672,0.9996071951990564,0.0,0.0,0.0,0.0,0.0049303432495275,0.0014958724111477,True,True
denoise,54,partial_enc1e-04_head1e-02,denoise_seed54\diagnostic\partial_enc1e-04_head1e-02\010pct,partial,0.0001,0.01,0.1,54,1741,1495,700,47,0.08009945494788033,0.8103223736248499,0.8103223736248499,0.1841633436529536,0.8049460484375325,0.177703748521025,44,d6a789214ebbb50bdaed8474a9b679039ec88aa2b0d1ce98a23e71afde841ecb,100.70228979899912,11.615214243001901,85.45570592500098,647.2900390625,6469.683,nvml_counter,64.23029435483872,7494.4807886300605,162048,72620,Tesla T4,50,1.0,1.0,1.0000000000000002,1.0000000000000002,0.9999836370139764,0.999613612512992,0.0,0.0,0.0,0.0,0.0076291442428418,0.0023146920642143,True,True
denoise,54,partial_enc1e-04_head1e-02,denoise_seed54\diagnostic\partial_enc1e-04_head1e-02\025pct,partial,0.0001,0.01,0.25,54,4355,3736,1750,50,0.07945777348109655,0.850929944224772,0.850929944224772,0.2018529674748713,0.8465455288233471,0.20175228605170376,44,d6a789214ebbb50bdaed8474a9b679039ec88aa2b0d1ce98a23e71afde841ecb,119.0794637780009,29.19012523999936,85.67080363799869,766.69287109375,7685.575,nvml_counter,64.68899146757678,7459.714482540698,162048,72620,Tesla T4,50,1.0,1.0,1.0000000000000002,1.0000000000000002,0.999983312070038,0.9996160161630464,0.0,0.0,0.0,0.0,0.0054450653580299,0.0016520397533689,True,True
denoise,54,partial_enc1e-04_head1e-02,denoise_seed54\diagnostic\partial_enc1e-04_head1e-02\100pct,partial,0.0001,0.01,1.0,54,17441,15031,6850,50,0.06962064756964245,0.8950800967546235,0.8950800967546235,0.25843455879107874,0.8887991327028266,0.25062390318997585,44,d6a789214ebbb50bdaed8474a9b679039ec88aa2b0d1ce98a23e71afde841ecb,203.27566688200022,113.4946100679972,85.67923734999567,1368.06689453125,13304.095,nvml_counter,65.40581118881119,7683.624794847395,162048,72620,Tesla T4,50,1.0,1.0,1.0000000000000002,1.0000000000000002,0.999992691338542,0.9997553255294842,0.0,0.0,0.0,0.0,0.0673176724630984,0.0204242674239529,True,True
denoise,54,partial_enc1e-03_head1e-02,denoise_seed54\diagnostic\partial_enc1e-03_head1e-02\001pct,partial,0.001,0.01,0.01,54,173,158,100,49,0.10624437034130096,0.7170725277749593,0.7170725277749593,0.08644465026644492,0.7126774806285234,0.08840374955831383,44,d6a789214ebbb50bdaed8474a9b679039ec88aa2b0d1ce98a23e71afde841ecb,92.33291542299958,1.9073967390004327,86.01020015099857,574.42724609375,5879.128,nvml_counter,63.923522026431726,4534.976821095444,162048,72620,Tesla T4,50,1.0,1.0,1.0000000000000002,1.0000000000000002,0.999987428774955,0.9997209967249924,0.0,0.0,0.0,0.0,0.0248427451546108,0.0075373204690198,True,True
denoise,54,partial_enc1e-03_head1e-02,denoise_seed54\diagnostic\partial_enc1e-03_head1e-02\005pct,partial,0.001,0.01,0.05,54,870,742,350,48,0.08588520118168422,0.8006816034186683,0.8006816034186683,0.15260158774268484,0.7853858647912412,0.15246080143068472,44,d6a789214ebbb50bdaed8474a9b679039ec88aa2b0d1ce98a23e71afde841ecb,96.29207670000051,6.013194897003814,85.82712011199601,607.40087890625,6152.916,nvml_counter,64.07760548523207,7234.091152055405,162048,72620,Tesla T4,50,1.0,1.0,1.0000000000000002,1.0000000000000002,0.9999832864659062,0.9995643420743794,0.0,0.0,0.0,0.0,0.0497864532597825,0.0151052732256205,True,True
denoise,54,partial_enc1e-03_head1e-02,denoise_seed54\diagnostic\partial_enc1e-03_head1e-02\010pct,partial,0.001,0.01,0.1,54,1741,1495,700,47,0.0787246823310852,0.8244765559587304,0.8244765559587304,0.18390758842370866,0.8194146356121741,0.18094662071114279,44,d6a789214ebbb50bdaed8474a9b679039ec88aa2b0d1ce98a23e71afde841ecb,100.95728565199988,11.592191908001041,85.38898679599879,647.2900390625,6487.99,nvml_counter,64.00346277665996,7509.3649838489355,162048,72620,Tesla T4,50,1.0,1.0,1.0000000000000002,1.0000000000000002,0.999984270192008,0.999534971141172,0.0,0.0,0.0,0.0,0.0640416956526895,0.0194303318940646,True,True
denoise,54,partial_enc1e-03_head1e-02,denoise_seed54\diagnostic\partial_enc1e-03_head1e-02\025pct,partial,0.001,0.01,0.25,54,4355,3736,1750,49,0.07888609341212681,0.8458999813470015,0.8458999813470015,0.2023139395416475,0.8550101299486911,0.20241409241895747,44,d6a789214ebbb50bdaed8474a9b679039ec88aa2b0d1ce98a23e71afde841ecb,118.37497100899964,28.757671744001527,85.5073059169963,766.69287109375,7644.635,nvml_counter,64.50896740994855,7571.892534917045,162048,72620,Tesla T4,50,1.0,1.0,1.0000000000000002,1.0000000000000002,0.9999822159267951,0.999591293529169,0.0,0.0,0.0,0.0,0.0494053946549142,0.0149896595603635,True,True
denoise,54,partial_enc1e-03_head1e-02,denoise_seed54\diagnostic\partial_enc1e-03_head1e-02\100pct,partial,0.001,0.01,1.0,54,17441,15031,6850,49,0.06402496003756558,0.9022553245918076,0.9022553245918076,0.2726385165899996,0.893371253073547,0.2717983763295219,44,d6a789214ebbb50bdaed8474a9b679039ec88aa2b0d1ce98a23e71afde841ecb,202.85281342399867,112.98111200500352,85.61750682600177,1368.06689453125,13273.653,nvml_counter,65.69445691382765,7718.5467953385,162048,72620,Tesla T4,50,1.0,1.0,1.0000000000000002,1.0000000000000002,0.9999502675360044,0.9995277576033552,0.0,0.0,0.0,0.0,0.3151632128055099,0.0956209195150129,True,True
denoise,54,partial_enc1e-02_head1e-02,denoise_seed54\diagnostic\partial_enc1e-02_head1e-02\001pct,partial,0.01,0.01,0.01,54,173,158,100,45,0.10206583142280579,0.7162566385948483,0.7162566385948483,0.09667927075673265,0.7181952953814609,0.09675356321092785,44,d6a789214ebbb50bdaed8474a9b679039ec88aa2b0d1ce98a23e71afde841ecb,92.08915935000005,1.9096119080004428,85.77900070099895,574.42724609375,5873.953,nvml_counter,64.1308407079646,4529.7162024180225,162048,72620,Tesla T4,50,1.0,1.0,1.0000000000000002,1.0000000000000002,0.9999641139070184,0.998743570477538,0.0,0.0,0.0,0.0,0.2022812395306291,0.0613723852868947,True,True
denoise,54,partial_enc1e-02_head1e-02,denoise_seed54\diagnostic\partial_enc1e-02_head1e-02\005pct,partial,0.01,0.01,0.05,54,870,742,350,47,0.08482347215924944,0.7962158705711363,0.7962158705711363,0.15771027722402092,0.7868303055824242,0.17088920765523682,44,d6a789214ebbb50bdaed8474a9b679039ec88aa2b0d1ce98a23e71afde841ecb,95.88452470399989,5.985262172997864,85.96355105699513,607.40087890625,6132.544,nvml_counter,64.16118432203389,7267.852057717293,162048,72620,Tesla T4,50,1.0,1.0,1.0000000000000002,1.0000000000000002,0.9999609247911893,0.9992692857719668,0.0,0.0,0.0,0.0,0.3295321245209948,0.0999804656004648,True,True
denoise,54,partial_enc1e-02_head1e-02,denoise_seed54\diagnostic\partial_enc1e-02_head1e-02\010pct,partial,0.01,0.01,0.1,54,1741,1495,700,47,0.07670990058353969,0.8293996194613396,0.8293996194613396,0.20031497627559905,0.8160733949141125,0.19175033133424718,44,d6a789214ebbb50bdaed8474a9b679039ec88aa2b0d1ce98a23e71afde841ecb,100.8754712459995,11.677421891998165,85.40623513600349,647.2900390625,6486.376,nvml_counter,64.39323541247485,7454.556391394074,162048,72620,Tesla T4,50,1.0,1.0,1.0000000000000002,1.0000000000000002,0.999972501290894,0.9993835456567634,0.0,0.0,0.0,0.0,0.3856229672984298,0.1169984986221684,True,True
denoise,54,partial_enc1e-02_head1e-02,denoise_seed54\diagnostic\partial_enc1e-02_head1e-02\025pct,partial,0.01,0.01,0.25,54,4355,3736,1750,47,0.07705988883972167,0.8580140324642546,0.8580140324642546,0.2159456720468316,0.8503377941903364,0.212433947091156,44,d6a789214ebbb50bdaed8474a9b679039ec88aa2b0d1ce98a23e71afde841ecb,119.55818392699985,29.35420716400222,85.90944540900637,766.69287109375,7710.7,nvml_counter,64.44024489795919,7418.016735503324,162048,72620,Tesla T4,50,1.0,1.0,1.0000000000000002,1.0000000000000002,0.9999798849599956,0.9995602448082396,0.0,0.0,0.0,0.0,0.6145771683488305,0.1864634943505078,True,True
denoise,54,partial_enc1e-02_head1e-02,denoise_seed54\diagnostic\partial_enc1e-02_head1e-02\100pct,partial,0.01,0.01,1.0,54,17441,15031,6850,50,0.06314608998542284,0.9016193363122146,0.9016193363122146,0.27428454685341686,0.891336572443083,0.2679865640958136,44,d6a789214ebbb50bdaed8474a9b679039ec88aa2b0d1ce98a23e71afde841ecb,202.6449208489994,113.26844721400084,85.46427648400277,1368.06689453125,13272.189,nvml_counter,65.54094889779559,7698.966671207337,162048,72620,Tesla T4,50,1.0,1.0,1.0000000000000002,1.0000000000000002,0.9999040052625662,0.9995171926955654,0.0,0.0,0.0,0.0,1.3481184954107857,0.409020865724978,True,True
denoise,54,full_enc1e-04_head1e-02,denoise_seed54\diagnostic\full_enc1e-04_head1e-02\001pct,full,0.0001,0.01,0.01,54,173,158,100,45,0.09493688493967056,0.709082638730274,0.709082638730274,0.10768583843208682,0.7104692495305304,0.11154926084776308,44,d6a789214ebbb50bdaed8474a9b679039ec88aa2b0d1ce98a23e71afde841ecb,108.00568218900025,17.48678086899963,86.13613256699591,2649.265625,6910.357,nvml_counter,64.06721657250472,494.65936954323155,1804672,72620,Tesla T4,50,0.9972502937315808,0.9952523603104272,0.9950394142345944,0.9790182049809508,0.978859400229814,0.972171803708336,0.0040244708531274,0.0036728714965798,0.0038762933206099,0.0026363795832109,0.0021129005977006,0.0029056944337068,True,True
denoise,54,full_enc1e-04_head1e-02,denoise_seed54\diagnostic\full_enc1e-04_head1e-02\005pct,full,0.0001,0.01,0.05,54,870,742,350,40,0.07534062010901314,0.8167746116049397,0.8167746116049397,0.1772420398130904,0.7987073091211232,0.18259153992131588,44,d6a789214ebbb50bdaed8474a9b679039ec88aa2b0d1ce98a23e71afde841ecb,172.81916602599995,82.01398926999809,86.28386998500355,2682.82373046875,11129.461,nvml_counter,64.02848878394333,530.3973186427224,1804672,72620,Tesla T4,50,0.9973650215494736,0.991350410212072,0.9894879687152096,0.3724093437871174,0.3718150915793593,0.3402382931687696,0.0062163640680664,0.0058882473004393,0.0060515667954866,0.0052117753639226,0.0034424727125245,0.0052687392174381,True,True
denoise,54,full_enc1e-04_head1e-02,denoise_seed54\diagnostic\full_enc1e-04_head1e-02\010pct,full,0.0001,0.01,0.1,54,1741,1495,700,48,0.07017466851643153,0.8377897247337728,0.8377897247337728,0.20320879590162794,0.8349333075959581,0.22022040541262058,44,d6a789214ebbb50bdaed8474a9b679039ec88aa2b0d1ce98a23e71afde841ecb,254.07863592600006,163.81297529000312,86.17687612299505,2723.16015625,16421.735,nvml_counter,64.6128159163987,531.3986871057847,1804672,72620,Tesla T4,50,0.999053189060466,0.9946493142933324,0.9907703095655358,0.8124956013172279,0.8114660823588699,0.7480563163357193,0.008545493248575,0.0075679425083933,0.0071301859427272,0.0085183335204752,0.0063532971220523,0.0080906296731132,True,True
denoise,54,full_enc1e-04_head1e-02,denoise_seed54\diagnostic\full_enc1e-04_head1e-02\025pct,full,0.0001,0.01,0.25,54,4355,3736,1750,47,0.07172583171299525,0.8626865700614186,0.8626865700614186,0.2282338609927309,0.85993352389399,0.2212567739621151,44,d6a789214ebbb50bdaed8474a9b679039ec88aa2b0d1ce98a23e71afde841ecb,498.32771153999965,407.7886684410041,86.36158859600255,2843.60986328125,32309.17,nvml_counter,64.57009072249589,533.9775644881669,1804672,72620,Tesla T4,50,0.9974595090681831,0.9901402512057648,0.9828029721334208,0.3948762036887167,0.3943793082640632,0.3870979442562908,0.0122392378752134,0.0108534139307124,0.010921442331518,0.0102067473633916,0.0099781738002702,0.0103631167284835,True,True
denoise,54,full_enc1e-04_head1e-02,denoise_seed54\diagnostic\full_enc1e-04_head1e-02\100pct,full,0.0001,0.01,1.0,54,17441,15031,6850,47,0.05493847993168518,0.9180634059250228,0.9180634059250228,0.29245982381993435,0.9217064541159612,0.2962831672899257,44,d6a789214ebbb50bdaed8474a9b679039ec88aa2b0d1ce98a23e71afde841ecb,1724.7933503050008,1634.681270640007,86.0328974149943,3443.72607421875,112172.421,nvml_counter,64.70666670621738,533.4679094099957,1804672,72620,Tesla T4,50,0.9929423511467204,0.9701085456046722,0.9550771584991302,0.0118576313591149,0.0120844933006771,0.01656120592255,0.0483389043730044,0.0342173395219544,0.0289973653313949,0.0474336551247531,0.0420517254022144,0.0439121863866321,True,True
denoise,54,full_enc1e-03_head1e-02,denoise_seed54\diagnostic\full_enc1e-03_head1e-02\001pct,full,0.001,0.01,0.01,54,173,158,100,47,0.0956650823354721,0.7190621500623458,0.7190621500623458,0.09563759928756745,0.7235106206438605,0.10448198433914833,44,d6a789214ebbb50bdaed8474a9b679039ec88aa2b0d1ce98a23e71afde841ecb,108.01238914799978,17.453114721996826,86.3091056059975,2649.265625,6912.295,nvml_counter,64.0069020715631,495.6135416389646,1804672,72620,Tesla T4,50,0.9816378808607688,0.953782184871874,0.9182708953992584,0.0001610690641529,0.0001657973381419,0.0002946836026377,0.0415282225075439,0.0381321732696313,0.0418158526344519,0.0321647791210091,0.0206733698079481,0.0333570498826592,True,True
denoise,54,full_enc1e-03_head1e-02,denoise_seed54\diagnostic\full_enc1e-03_head1e-02\005pct,full,0.001,0.01,0.05,54,870,742,350,45,0.0717710086277553,0.8109171851159412,0.8109171851159412,0.17195957017106436,0.8051731804912273,0.17774560930830788,44,d6a789214ebbb50bdaed8474a9b679039ec88aa2b0d1ce98a23e71afde841ecb,172.3708392790004,82.03041365600075,86.3473501719991,2682.82373046875,11099.412,nvml_counter,64.36335621301775,530.2911208325701,1804672,72620,Tesla T4,50,0.9752052361437172,0.8988951199560268,0.7669392650634902,0.0001741531365441,0.0001927078916101,0.0001064277089159,0.0753997073615124,0.0687532097665799,0.0763111055759434,0.0519538484086456,0.0290113577317684,0.0559895199958452,True,True
denoise,54,full_enc1e-03_head1e-02,denoise_seed54\diagnostic\full_enc1e-03_head1e-02\010pct,full,0.001,0.01,0.1,54,1741,1495,700,37,0.061478338071278164,0.8360462916363999,0.8360462916363999,0.2011678191758139,0.8335590317817467,0.2079084190029218,44,d6a789214ebbb50bdaed8474a9b679039ec88aa2b0d1ce98a23e71afde841ecb,253.46878346100038,163.84100164700158,85.942969687002,2723.16015625,16395.996,nvml_counter,64.56411039484287,531.3077869698991,1804672,72620,Tesla T4,50,0.962318225525078,0.7150847519313686,0.5485884850940772,0.000164818823145,0.0001837572149903,8.551696640950326e-05,0.042049599825649,0.036706905256999,0.0360229862951697,0.0523985405332725,0.0409764756525138,0.0481790967012416,True,True
denoise,54,full_enc1e-03_head1e-02,denoise_seed54\diagnostic\full_enc1e-03_head1e-02\025pct,full,0.001,0.01,0.25,54,4355,3736,1750,47,0.06699592045375279,0.8723541663660289,0.8723541663660289,0.23692522541844674,0.868762054164565,0.23769991450406297,44,d6a789214ebbb50bdaed8474a9b679039ec88aa2b0d1ce98a23e71afde841ecb,496.565230092001,406.4158460989984,86.0526691569994,2843.60986328125,32194.512,nvml_counter,64.66721737340471,535.7812745002037,1804672,72620,Tesla T4,50,0.970349317742975,0.8988385668234803,0.8307829259192503,0.0001877849449585,0.0001828091165639,0.0001362372081512,0.0845398593714066,0.0752319713818282,0.0781676871723636,0.090392217949348,0.1050449439083784,0.0889831558283095,True,True
denoise,54,full_enc1e-03_head1e-02,denoise_seed54\diagnostic\full_enc1e-03_head1e-02\100pct,full,0.001,0.01,1.0,54,17441,15031,6850,42,0.038723691536562285,0.9347765019386208,0.9347765019386208,0.3301260957375019,0.9255434755554067,0.33490036088740965,44,d6a789214ebbb50bdaed8474a9b679039ec88aa2b0d1ce98a23e71afde841ecb,1723.2537801420003,1633.170630530005,85.97135644099944,3443.72607421875,112084.713,nvml_counter,64.69370055826107,533.9613532708446,1804672,72620,Tesla T4,50,0.9427068724707052,0.8389875099877269,0.7107308879909227,0.003138773808319,0.0031785367008079,0.0025986941131938,0.1864096104996007,0.149723853928163,0.1419697303197264,0.199001509754464,0.199329557724698,0.1883690171742708,True,True
denoise,54,full_enc1e-02_head1e-02,denoise_seed54\diagnostic\full_enc1e-02_head1e-02\001pct,full,0.01,0.01,0.01,54,173,158,100,45,0.1125619113445282,0.6553857169871983,0.6553857169871983,0.08978416480620142,0.6557038799630522,0.08805113999159375,44,d6a789214ebbb50bdaed8474a9b679039ec88aa2b0d1ce98a23e71afde841ecb,107.14427632200022,17.486664898005984,85.93246657600503,2649.265625,6867.241,nvml_counter,64.50349239543726,494.6626501081041,1804672,72620,Tesla T4,50,0.8464074229079468,0.6881625326438471,0.5358826836612838,0.0002204743756458,0.0002364910794924,0.0001629113166064,0.295999262199325,0.2795928786611824,0.299713767340696,0.2162256064846383,0.1735474177603866,0.2322773944553365,True,True
denoise,54,full_enc1e-02_head1e-02,denoise_seed54\diagnostic\full_enc1e-02_head1e-02\005pct,full,0.01,0.01,0.05,54,870,742,350,40,0.08155491522380284,0.7779058297999111,0.7779058297999111,0.1200075230650426,0.7636304294380623,0.11736358753468029,44,d6a789214ebbb50bdaed8474a9b679039ec88aa2b0d1ce98a23e71afde841ecb,171.87345396199999,81.97086854799636,86.21889856999951,2682.82373046875,11082.267,nvml_counter,64.77090510083038,530.67633380668,1804672,72620,Tesla T4,50,0.8075439498428912,0.5511219320801991,0.4622292677266368,0.0009543845145704,0.0005051132912431,0.0005717587736457,0.3494795506955187,0.2831310458850638,0.2937301920542958,0.2279507335160508,0.1460380734236875,0.2383256835069022,True,True
denoise,54,full_enc1e-02_head1e-02,denoise_seed54\diagnostic\full_enc1e-02_head1e-02\010pct,full,0.01,0.01,0.1,54,1741,1495,700,49,0.0679098197392055,0.8334120471440746,0.8334120471440746,0.173066671326222,0.8345436612585757,0.16871993152609419,44,d6a789214ebbb50bdaed8474a9b679039ec88aa2b0d1ce98a23e71afde841ecb,253.9529703369999,163.58086741299758,86.58273010800258,2723.16015625,16413.508,nvml_counter,64.47130225080386,532.1526983973146,1804672,72620,Tesla T4,50,0.733662014380262,0.6167354393594047,0.4384510791836072,0.0012777933266769,0.0005313014055668,0.0005175434535394,0.2605908749895647,0.2126691333600142,0.2288218000340514,0.2642089111390575,0.2056213386220937,0.2502223767725766,True,True
denoise,54,full_enc1e-02_head1e-02,denoise_seed54\diagnostic\full_enc1e-02_head1e-02\025pct,full,0.01,0.01,0.25,54,4355,3736,1750,50,0.07224500519888742,0.8379958693309871,0.8379958693309871,0.18991685826627022,0.8413477037537919,0.19124208502408652,44,d6a789214ebbb50bdaed8474a9b679039ec88aa2b0d1ce98a23e71afde841ecb,495.6245864379998,406.0898372010015,85.86122554900066,2843.60986328125,32142.954,nvml_counter,64.72751505154639,536.2113996766205,1804672,72620,Tesla T4,50,0.7498923169951768,0.4895988864708296,0.2397083556680171,0.0001693241197833,0.0001695321659736,0.0001988121636774,0.6496683351304329,0.5460473401697058,0.5741591863521168,0.5994894646004004,0.6273342895221233,0.5942723146739805,True,True
denoise,54,full_enc1e-02_head1e-02,denoise_seed54\diagnostic\full_enc1e-02_head1e-02\100pct,full,0.01,0.01,1.0,54,17441,15031,6850,45,0.04361540383666101,0.9301447657817015,0.9301447657817015,0.3410527739343981,0.9270033673250136,0.35266832830202954,44,d6a789214ebbb50bdaed8474a9b679039ec88aa2b0d1ce98a23e71afde841ecb,1724.3139349519988,1634.2049903190054,85.94810836800025,3443.72607421875,112130.23,nvml_counter,64.68276934947768,533.6233857845283,1804672,72620,Tesla T4,50,0.6181304808178075,0.5225261391174048,0.4050822618745976,0.0076347763014438,0.0063033802027226,0.0066234350666578,0.96170006933783,0.7198494851785513,0.6774571944492576,0.7005772872888477,0.799726682353627,0.7126970852265196,True,True
denoise,71,frozen_head1e-02,denoise_seed71\diagnostic\frozen_head1e-02\001pct,frozen,0.0,0.01,0.01,71,173,151,100,46,0.1033165231347084,0.7058598807746802,0.7058598807746802,0.0825076458746793,0.6832369939007813,0.08402529642085955,44,d04e3f817bab0ae98ade52e583c3a97d92eb1c481d48e27e93323ab845f79dd9,91.91876130199944,1.866368697001235,85.85387587300374,574.001953125,5818.021,nvml_counter,63.29440707964602,4634.6683878154845,0,72620,Tesla T4,50,1.0,1.0000000000000002,1.0,1.0,1.0,1.0,0.0,0.0,0.0,0.0,0.0,0.0,True,True
denoise,71,frozen_head1e-02,denoise_seed71\diagnostic\frozen_head1e-02\005pct,frozen,0.0,0.01,0.05,71,868,749,350,48,0.083788343838283,0.7671014787965921,0.7671014787965921,0.15002074620665792,0.7919070863736942,0.1519393994797256,44,d04e3f817bab0ae98ade52e583c3a97d92eb1c481d48e27e93323ab845f79dd9,95.12413323800047,4.999056665998069,85.85713774600117,605.4677734375,6050.995,nvml_counter,64.0298782051282,8681.637936851657,0,72620,Tesla T4,50,1.0,1.0000000000000002,1.0,1.0,1.0,1.0,0.0,0.0,0.0,0.0,0.0,0.0,True,True
denoise,71,frozen_head1e-02,denoise_seed71\diagnostic\frozen_head1e-02\010pct,frozen,0.0,0.01,0.1,71,1739,1507,700,50,0.08226969412394933,0.8074174259353661,0.8074174259353661,0.17883910429977487,0.8313666931859302,0.17945114200235626,44,d04e3f817bab0ae98ade52e583c3a97d92eb1c481d48e27e93323ab845f79dd9,99.62515703400004,9.872847440001351,85.82075173600333,645.3115234375,6353.702,nvml_counter,63.5062306122449,8806.983043990813,0,72620,Tesla T4,50,1.0,1.0000000000000002,1.0,1.0,1.0,1.0,0.0,0.0,0.0,0.0,0.0,0.0,True,True
denoise,71,frozen_head1e-02,denoise_seed71\diagnostic\frozen_head1e-02\025pct,frozen,0.0,0.01,0.25,71,4360,3767,1750,39,0.07559800829206194,0.8633958819410413,0.8633958819410413,0.2090122746120846,0.8567539408294597,0.21222924300381016,44,d04e3f817bab0ae98ade52e583c3a97d92eb1c481d48e27e93323ab845f79dd9,113.8528950230002,24.350731669999732,85.57647032699697,764.8876953125,7295.28,nvml_counter,64.65718928571428,8952.503068668671,0,72620,Tesla T4,50,1.0,1.0000000000000002,1.0,1.0,1.0,1.0,0.0,0.0,0.0,0.0,0.0,0.0,True,True
denoise,71,frozen_head1e-02,denoise_seed71\diagnostic\frozen_head1e-02\100pct,frozen,0.0,0.01,1.0,71,17441,15031,6850,45,0.07194134092678989,0.8786908372183446,0.8786908372183446,0.24631978921759326,0.8814646306829202,0.24026738478980175,44,d04e3f817bab0ae98ade52e583c3a97d92eb1c481d48e27e93323ab845f79dd9,183.76300787999935,94.54213224799423,85.3330095540041,1366.20361328125,11948.174,nvml_counter,64.92676327433628,9223.929895218764,0,72620,Tesla T4,50,1.0,1.0000000000000002,1.0,1.0,1.0,1.0,0.0,0.0,0.0,0.0,0.0,0.0,True,True
denoise,71,partial_enc1e-04_head1e-02,denoise_seed71\diagnostic\partial_enc1e-04_head1e-02\001pct,partial,0.0001,0.01,0.01,71,173,151,100,50,0.10155151784420013,0.6786079041991656,0.6786079041991656,0.07991912111235136,0.6792244893049688,0.0833275575543783,44,d04e3f817bab0ae98ade52e583c3a97d92eb1c481d48e27e93323ab845f79dd9,91.94402666800033,1.8190934999965975,85.88301884299835,573.88720703125,5833.417,nvml_counter,63.33239159292035,4755.115666136006,162048,72620,Tesla T4,50,1.0,1.0000000000000002,1.0,1.0,0.999992015324364,0.9999601374675412,0.0,0.0,0.0,0.0,0.0024114420525667,0.0007299459558738,True,True
denoise,71,partial_enc1e-04_head1e-02,denoise_seed71\diagnostic\partial_enc1e-04_head1e-02\005pct,partial,0.0001,0.01,0.05,71,868,749,350,44,0.08493154389517647,0.7826312166045434,0.7826312166045434,0.14656872794928114,0.7967045104761891,0.14910317212724158,44,d04e3f817bab0ae98ade52e583c3a97d92eb1c481d48e27e93323ab845f79dd9,96.62617559899991,6.114263952997135,85.99961928099856,607.3310546875,6144.59,nvml_counter,63.724189473684206,7098.156104092606,162048,72620,Tesla T4,50,1.0,1.0000000000000002,1.0,1.0,0.999992031135634,0.9999601408907643,0.0,0.0,0.0,0.0,0.0036278717751989,0.0010981604670602,True,True
denoise,71,partial_enc1e-04_head1e-02,denoise_seed71\diagnostic\partial_enc1e-04_head1e-02\010pct,partial,0.0001,0.01,0.1,71,1739,1507,700,44,0.081976090158735,0.8255327645085916,0.8255327645085916,0.17679692045115644,0.8300269078102727,0.18686729677825167,44,d04e3f817bab0ae98ade52e583c3a97d92eb1c481d48e27e93323ab845f79dd9,102.11434212099994,12.013672386004146,85.85657333799918,647.1748046875,6509.367,nvml_counter,63.779681274900405,7237.587076312836,162048,72620,Tesla T4,50,1.0,1.0000000000000002,1.0,1.0,0.9999920869267066,0.9999585430115931,0.0,0.0,0.0,0.0,0.0065873424980262,0.0019939952574321,True,True
denoise,71,partial_enc1e-04_head1e-02,denoise_seed71\diagnostic\partial_enc1e-04_head1e-02\025pct,partial,0.0001,0.01,0.25,71,4360,3767,1750,47,0.07478115218026297,0.8599207896329816,0.8599207896329816,0.21097700572577083,0.8514051345153011,0.2066928220461703,44,d04e3f817bab0ae98ade52e583c3a97d92eb1c481d48e27e93323ab845f79dd9,119.46644135599945,29.652084159003607,85.72566456400546,766.7509765625,7657.993,nvml_counter,63.79189795918367,7351.928411878803,162048,72620,Tesla T4,50,1.0,1.0000000000000002,1.0,1.0,0.9999909540508146,0.9999521388826208,0.0,0.0,0.0,0.0,0.010929640482089,0.0033084132627465,True,True
denoise,71,partial_enc1e-04_head1e-02,denoise_seed71\diagnostic\partial_enc1e-04_head1e-02\100pct,partial,0.0001,0.01,1.0,71,17441,15031,6850,41,0.06925458977692318,0.8873031828886204,0.8873031828886204,0.2570220647720665,0.8864501532010806,0.2522001092218811,44,d04e3f817bab0ae98ade52e583c3a97d92eb1c481d48e27e93323ab845f79dd9,204.68811223400007,115.14724214200396,85.39723848699396,1368.06689453125,13317.906,nvml_counter,65.31377358490566,7573.346819062803,162048,72620,Tesla T4,50,1.0,1.0000000000000002,1.0,1.0,0.999993121944156,0.999959063056256,0.0,0.0,0.0,0.0,0.0619067617547768,0.0187392395915339,True,True
denoise,71,partial_enc1e-03_head1e-02,denoise_seed71\diagnostic\partial_enc1e-03_head1e-02\001pct,partial,0.001,0.01,0.01,71,173,151,100,50,0.1010139063000679,0.6789654354434999,0.6789654354434999,0.08097489616154455,0.6798485903121022,0.08225153932068884,44,d04e3f817bab0ae98ade52e583c3a97d92eb1c481d48e27e93323ab845f79dd9,91.57224669100015,1.7843905970021297,85.6830462919952,574.42724609375,5814.748,nvml_counter,63.32622394678492,4847.593354578564,162048,72620,Tesla T4,50,1.0,1.0000000000000002,1.0,1.0,0.9999910493826408,0.9999569400833268,0.0,0.0,0.0,0.0,0.0231620244054184,0.0070111682868729,True,True
denoise,71,partial_enc1e-03_head1e-02,denoise_seed71\diagnostic\partial_enc1e-03_head1e-02\005pct,partial,0.001,0.01,0.05,71,868,749,350,48,0.08447501489094325,0.7892745305978263,0.7892745305978263,0.14382235111019342,0.7879275954331348,0.14007824477912328,44,d04e3f817bab0ae98ade52e583c3a97d92eb1c481d48e27e93323ab845f79dd9,97.94949465799982,6.703273746999912,86.81161449799947,607.3310546875,6217.317,nvml_counter,63.590109958506225,6474.448402084715,162048,72620,Tesla T4,50,1.0,1.0000000000000002,1.0,1.0,0.9999908562268628,0.9999531565883688,0.0,0.0,0.0,0.0,0.0351154921375445,0.0106294950969438,True,True
denoise,71,partial_enc1e-03_head1e-02,denoise_seed71\diagnostic\partial_enc1e-03_head1e-02\010pct,partial,0.001,0.01,0.1,71,1739,1507,700,50,0.08038988283702306,0.826572225017063,0.826572225017063,0.1788289786394185,0.8277457915309263,0.19072813018239254,44,d04e3f817bab0ae98ade52e583c3a97d92eb1c481d48e27e93323ab845f79dd9,101.90490525399946,11.97467426899675,85.80206927300424,647.1748046875,6496.366,nvml_counter,63.59916932270917,7261.157844194518,162048,72620,Tesla T4,50,1.0,1.0000000000000002,1.0,1.0,0.9999910951106744,0.9999508721603768,0.0,0.0,0.0,0.0,0.0585972778716266,0.0177374554624216,True,True
denoise,71,partial_enc1e-03_head1e-02,denoise_seed71\diagnostic\partial_enc1e-03_head1e-02\025pct,partial,0.001,0.01,0.25,71,4360,3767,1750,47,0.0723726681300572,0.8623927051787341,0.8623927051787341,0.21145782335642618,0.8636652905278104,0.22084713973085332,44,d04e3f817bab0ae98ade52e583c3a97d92eb1c481d48e27e93323ab845f79dd9,119.489660706,29.644536596000762,85.66587039199567,766.7509765625,7666.736,nvml_counter,64.07910884353743,7353.800228721052,162048,72620,Tesla T4,50,1.0,1.0000000000000002,1.0,1.0,0.9999908142558468,0.999947093127568,0.0,0.0,0.0,0.0,0.0844775100924951,0.0255714280128267,True,True
denoise,71,partial_enc1e-03_head1e-02,denoise_seed71\diagnostic\partial_enc1e-03_head1e-02\100pct,partial,0.001,0.01,1.0,71,17441,15031,6850,41,0.063360311689168,0.8971306326679975,0.8971306326679975,0.2631850464662177,0.897116366914119,0.267777860952779,44,d04e3f817bab0ae98ade52e583c3a97d92eb1c481d48e27e93323ab845f79dd9,204.77203673300028,115.41007996400549,85.35259933200359,1368.06689453125,13329.856,nvml_counter,64.72660912698413,7556.09908832901,162048,72620,Tesla T4,50,1.0,1.0000000000000002,1.0,1.0,0.9999844839417196,0.9999309828699136,0.0,0.0,0.0,0.0,0.3047311654967215,0.0922424329650842,True,True
denoise,71,partial_enc1e-02_head1e-02,denoise_seed71\diagnostic\partial_enc1e-02_head1e-02\001pct,partial,0.01,0.01,0.01,71,173,151,100,50,0.10070303082466125,0.6902166590740294,0.6902166590740294,0.08246554958941447,0.6935728565906092,0.08510954453983802,44,d04e3f817bab0ae98ade52e583c3a97d92eb1c481d48e27e93323ab845f79dd9,91.96608134999951,1.7757418780010994,85.7439663239993,574.42724609375,5835.181,nvml_counter,63.665117256637174,4871.2034711582355,162048,72620,Tesla T4,50,1.0,1.0000000000000002,1.0,1.0,0.9999817310915072,0.9999129788606722,0.0,0.0,0.0,0.0,0.1918642479499409,0.0580775025129785,True,True
denoise,71,partial_enc1e-02_head1e-02,denoise_seed71\diagnostic\partial_enc1e-02_head1e-02\005pct,partial,0.01,0.01,0.05,71,868,749,350,45,0.08297816344669887,0.792188503350856,0.792188503350856,0.15568591039494437,0.7902998582479372,0.1556898073367309,44,d04e3f817bab0ae98ade52e583c3a97d92eb1c481d48e27e93323ab845f79dd9,97.45124239899997,6.506163305998598,86.67320741600088,607.3310546875,6189.04,nvml_counter,63.667979123173275,6670.598009734211,162048,72620,Tesla T4,50,1.0,1.0000000000000002,1.0,1.0,0.999991315702894,0.9999268926779256,0.0,0.0,0.0,0.0,0.2806102210291059,0.0849409986024985,True,True
denoise,71,partial_enc1e-02_head1e-02,denoise_seed71\diagnostic\partial_enc1e-02_head1e-02\010pct,partial,0.01,0.01,0.1,71,1739,1507,700,47,0.07905561583382743,0.8241495130320936,0.8241495130320936,0.17842090953277223,0.8276867687312073,0.19070235109778821,44,d04e3f817bab0ae98ade52e583c3a97d92eb1c481d48e27e93323ab845f79dd9,101.73581583799933,11.962874015002853,85.76687336800114,647.1748046875,6490.659,nvml_counter,63.4815389221557,7268.320295854864,162048,72620,Tesla T4,50,1.0,1.0000000000000002,1.0,1.0,0.9999783232231924,0.9998851591494085,0.0,0.0,0.0,0.0,0.4045799903284397,0.1224667735446542,True,True
denoise,71,partial_enc1e-02_head1e-02,denoise_seed71\diagnostic\partial_enc1e-02_head1e-02\025pct,partial,0.01,0.01,0.25,71,4360,3767,1750,41,0.07130981172834124,0.8583656458108746,0.8583656458108746,0.2125897594735501,0.8680531095216978,0.2027942936024714,44,d04e3f817bab0ae98ade52e583c3a97d92eb1c481d48e27e93323ab845f79dd9,119.06419467500109,29.575276186003975,85.52986335200148,766.7509765625,7639.034,nvml_counter,63.7763566552901,7371.021613761463,162048,72620,Tesla T4,50,1.0,1.0000000000000002,1.0,1.0,0.999985900992784,0.999915499031429,0.0,0.0,0.0,0.0,0.5166647615166275,0.1563949475004764,True,True
denoise,71,partial_enc1e-02_head1e-02,denoise_seed71\diagnostic\partial_enc1e-02_head1e-02\100pct,partial,0.01,0.01,1.0,71,17441,15031,6850,44,0.06264932312234475,0.8992881801249695,0.8992881801249695,0.25266765153526516,0.8976633931074459,0.2689327173063138,44,d04e3f817bab0ae98ade52e583c3a97d92eb1c481d48e27e93323ab845f79dd9,204.57544647000032,115.34945514199899,85.38337427500664,1368.06689453125,13320.927,nvml_counter,64.92559384309831,7560.070387211432,162048,72620,Tesla T4,50,1.0,1.0000000000000002,1.0,1.0,0.999976192952043,0.9999181895698592,0.0,0.0,0.0,0.0,1.3383621714335756,0.4051235871468301,True,True
denoise,71,full_enc1e-04_head1e-02,denoise_seed71\diagnostic\full_enc1e-04_head1e-02\001pct,full,0.0001,0.01,0.01,71,173,151,100,49,0.09296242892742157,0.7093872481034379,0.7093872481034379,0.1001400582291257,0.696733193870745,0.0947625795485424,44,d04e3f817bab0ae98ade52e583c3a97d92eb1c481d48e27e93323ab845f79dd9,108.63571221799975,18.25523164399874,86.08942221499456,2649.265625,6911.789,nvml_counter,64.0092883895131,473.8367701208337,1804672,72620,Tesla T4,50,0.9980673994079136,0.997292050635254,0.9964752247538142,0.9740689288249678,0.973809666268974,0.9686190864002938,0.0039716156119796,0.0034857077974657,0.0036270435012037,0.002526309123148,0.0021634120015858,0.0027788398175728,True,True
denoise,71,full_enc1e-04_head1e-02,denoise_seed71\diagnostic\full_enc1e-04_head1e-02\005pct,full,0.0001,0.01,0.05,71,868,749,350,44,0.07970994710922241,0.7918228710122105,0.7918228710122105,0.17718478409491256,0.8059848344002081,0.17643901955598235,44,d04e3f817bab0ae98ade52e583c3a97d92eb1c481d48e27e93323ab845f79dd9,178.91492625200044,87.52674354200008,87.00884420399689,2682.7314453125,11444.37,nvml_counter,64.22529794520548,495.8484486421493,1804672,72620,Tesla T4,50,0.9993655909495788,0.9983645959514572,0.9970082905880492,0.9039295649268704,0.9036188819086448,0.909236778488199,0.0048561400991541,0.004488134916889,0.0044022913252943,0.0044433369949088,0.0034386383682963,0.0043653067866534,True,True
denoise,71,full_enc1e-04_head1e-02,denoise_seed71\diagnostic\full_enc1e-04_head1e-02\010pct,full,0.0001,0.01,0.1,71,1739,1507,700,50,0.07403675998960223,0.8333262502153737,0.8333262502153737,0.21508305655222895,0.8534906115648554,0.21823459963973735,44,d04e3f817bab0ae98ade52e583c3a97d92eb1c481d48e27e93323ab845f79dd9,266.0209943339996,175.7127937680043,86.28299839600186,2723.068359375,17085.782,nvml_counter,64.12589485801995,494.8415999508899,1804672,72620,Tesla T4,50,0.9984824273904525,0.9914665768070658,0.9811703978081696,0.8708052492971338,0.8707108194268598,0.8772815697470521,0.0129741632460123,0.0117114451730171,0.0124398489184485,0.009125180824724,0.005787057994344,0.0096749743830643,True,True
denoise,71,full_enc1e-04_head1e-02,denoise_seed71\diagnostic\full_enc1e-04_head1e-02\025pct,full,0.0001,0.01,0.25,71,4360,3767,1750,48,0.06726652554103306,0.8753684419650536,0.8753684419650536,0.25530398330200393,0.87863232051639,0.2435984736740555,44,d04e3f817bab0ae98ade52e583c3a97d92eb1c481d48e27e93323ab845f79dd9,526.4070157269998,436.3816542850036,85.91843348299517,2843.6103515625,33935.323,nvml_counter,64.55755167055166,499.5627058547764,1804672,72620,Tesla T4,50,0.9963921636304632,0.981515144971197,0.9781745238097042,1.71577333341156e-05,1.731856754199817e-05,1.2923233068951118e-05,0.0143637914975264,0.0151698061306135,0.0165763377903232,0.0154891584898964,0.0119245353722842,0.0152846044188845,True,True
denoise,71,full_enc1e-04_head1e-02,denoise_seed71\diagnostic\full_enc1e-04_head1e-02\100pct,full,0.0001,0.01,1.0,71,17441,15031,6850,41,0.05588625469346986,0.9187951803351162,0.9187951803351162,0.30465798831045166,0.9124296152443652,0.3225404595013136,44,d04e3f817bab0ae98ade52e583c3a97d92eb1c481d48e27e93323ab845f79dd9,1835.290869812001,1744.0808507200018,86.95729949299312,3443.72607421875,118650.711,nvml_counter,64.74367975460123,500.00548979136784,1804672,72620,Tesla T4,50,0.9959003313287548,0.984040014672251,0.9733126625993618,0.7685808579064415,0.7713480194792022,0.7637288891547462,0.0353039143052717,0.0263872513649986,0.0241215294268712,0.0481042954138072,0.0400814830034662,0.0431779697529046,True,True
denoise,71,full_enc1e-03_head1e-02,denoise_seed71\diagnostic\full_enc1e-03_head1e-02\001pct,full,0.001,0.01,0.01,71,173,151,100,49,0.08887248486280441,0.7323566796861545,0.7323566796861545,0.09903374327227134,0.7331004587113609,0.09537597821496314,44,d04e3f817bab0ae98ade52e583c3a97d92eb1c481d48e27e93323ab845f79dd9,109.24836620499991,18.41669776600429,86.18581975600137,2649.265625,6939.028,nvml_counter,63.30603351955307,469.6824647884046,1804672,72620,Tesla T4,50,0.9847030220406604,0.9648436194017136,0.9372427249960564,0.766812272491296,0.7654210328967171,0.7433566112550588,0.0329603326202274,0.0264440572285639,0.0250520466528937,0.0204192214779504,0.0205252398292411,0.0218767440981221,True,True
denoise,71,full_enc1e-03_head1e-02,denoise_seed71\diagnostic\full_enc1e-03_head1e-02\005pct,full,0.001,0.01,0.05,71,868,749,350,48,0.06982697333608355,0.8048052475197259,0.8048052475197259,0.18202610538119576,0.8032626736103562,0.18151523589475962,44,d04e3f817bab0ae98ade52e583c3a97d92eb1c481d48e27e93323ab845f79dd9,178.49126542399972,87.51392304300043,86.71444975200029,2682.7314453125,11431.457,nvml_counter,64.45544114285714,495.92108879263907,1804672,72620,Tesla T4,50,0.9787377574857704,0.9637662496841668,0.945477697348077,1.919589923174376e-05,1.813628995509649e-05,2.3557416726027077e-05,0.0412984688545253,0.0364569703672812,0.0376189857232617,0.0347675090999673,0.0287119774127048,0.0348600829144204,True,True
denoise,71,full_enc1e-03_head1e-02,denoise_seed71\diagnostic\full_enc1e-03_head1e-02\010pct,full,0.001,0.01,0.1,71,1739,1507,700,49,0.05909525922366551,0.8388687963062966,0.8388687963062966,0.22535721890173963,0.8464698007056989,0.22320150976100453,44,d04e3f817bab0ae98ade52e583c3a97d92eb1c481d48e27e93323ab845f79dd9,265.60824171400054,175.23124932099836,86.34327074000248,2723.068359375,17068.036,nvml_counter,64.39197615384616,496.20145000918274,1804672,72620,Tesla T4,50,0.9527603421778076,0.8756483608942791,0.7961049626576345,0.0001179111685505,9.027178712197168e-05,4.8719163455707295e-05,0.0807701124392242,0.0830763458238075,0.0914694815681935,0.0610859874537375,0.0401018491208572,0.0666456138819772,True,True
denoise,71,full_enc1e-03_head1e-02,denoise_seed71\diagnostic\full_enc1e-03_head1e-02\025pct,full,0.001,0.01,0.25,71,4360,3767,1750,37,0.05560555798666818,0.8855655609740474,0.8855655609740474,0.2686274574706054,0.8873442759829072,0.2591506113346839,44,d04e3f817bab0ae98ade52e583c3a97d92eb1c481d48e27e93323ab845f79dd9,524.6588191260016,434.9512183730003,85.83640900399587,2843.6103515625,33842.868,nvml_counter,64.54229851909585,501.2056313244998,1804672,72620,Tesla T4,50,0.9777011539674108,0.904971892823598,0.8210898272448903,0.0016663149975963,0.0020110768114433,0.0015853809796397,0.0560541619090785,0.053015315090796,0.0596124250947489,0.0857811460175034,0.0704275670385903,0.0785381513764632,True,True
denoise,71,full_enc1e-03_head1e-02,denoise_seed71\diagnostic\full_enc1e-03_head1e-02\100pct,full,0.001,0.01,1.0,71,17441,15031,6850,39,0.03827454573916693,0.9254636584465415,0.9254636584465415,0.32273146205121184,0.9235496255845654,0.3347042858500784,44,d04e3f817bab0ae98ade52e583c3a97d92eb1c481d48e27e93323ab845f79dd9,1833.824020645001,1743.4877148450068,86.34663565000301,3443.72607421875,118627.912,nvml_counter,64.89089866071429,500.1755920474173,1804672,72620,Tesla T4,50,0.9419607753656912,0.8049839918076435,0.7045159493703117,0.0036366602112336,0.0030542940004722,0.0020456668320101,0.1781607791144706,0.1407410842378718,0.1413246365552113,0.2177837766054493,0.1876891043996809,0.2000263633941735,True,True
denoise,71,full_enc1e-02_head1e-02,denoise_seed71\diagnostic\full_enc1e-02_head1e-02\001pct,full,0.01,0.01,0.01,71,173,151,100,48,0.09812062233686447,0.6129769229551563,0.6129769229551563,0.06188700724436427,0.625475902415778,0.07445220665754665,44,d04e3f817bab0ae98ade52e583c3a97d92eb1c481d48e27e93323ab845f79dd9,107.75479098200049,18.254500271001234,85.95314575300017,2649.265625,6876.111,nvml_counter,63.67405283018868,473.855754558301,1804672,72620,Tesla T4,50,0.5525249768141833,0.4270831162155676,0.4232604388775883,0.0001211821889523,7.96345719368071e-05,6.570596864410465e-05,0.2777751936724524,0.2052312949756719,0.2187835049595304,0.2122101407107828,0.1702728779224095,0.2095011671083046,True,True
denoise,71,full_enc1e-02_head1e-02,denoise_seed71\diagnostic\full_enc1e-02_head1e-02\005pct,full,0.01,0.01,0.05,71,868,749,350,39,0.07803955248423985,0.8042413543914534,0.8042413543914534,0.1422024085998031,0.7938696358533884,0.13697872364722585,44,d04e3f817bab0ae98ade52e583c3a97d92eb1c481d48e27e93323ab845f79dd9,177.019508718,87.12136196599658,86.17573856000035,2682.7314453125,11351.785,nvml_counter,63.92310599078341,498.1556649325454,1804672,72620,Tesla T4,50,0.7346651713393907,0.5342769856709,0.3807492936693946,0.0001550009643528,0.0001483452829193,0.0001274223612237,0.3275771748151017,0.2404956200275313,0.2394449678683786,0.2801983421631337,0.1789601477465631,0.2643052204133519,True,True
denoise,71,full_enc1e-02_head1e-02,denoise_seed71\diagnostic\full_enc1e-02_head1e-02\010pct,full,0.01,0.01,0.1,71,1739,1507,700,37,0.08313918965203422,0.8005339901004944,0.8005339901004944,0.13598521234858094,0.788169063520813,0.13660463478790127,44,d04e3f817bab0ae98ade52e583c3a97d92eb1c481d48e27e93323ab845f79dd9,265.5802711229999,175.70096385900342,86.29555394300223,2723.068359375,17075.758,nvml_counter,64.95411923076922,494.87491753190193,1804672,72620,Tesla T4,50,0.6500674488112543,0.424329596660756,0.2439214511477012,4.099330831617856e-05,2.498736623889269e-05,2.6641920711675915e-05,0.4425827970269834,0.3640448621482134,0.3735722978945664,0.3286350978616194,0.2034433642035773,0.3302158671502156,True,True
denoise,71,full_enc1e-02_head1e-02,denoise_seed71\diagnostic\full_enc1e-02_head1e-02\025pct,full,0.01,0.01,0.25,71,4360,3767,1750,35,0.06549890381949289,0.862867419722861,0.862867419722861,0.20940957413571776,0.8681006509530459,0.21418696615504898,44,d04e3f817bab0ae98ade52e583c3a97d92eb1c481d48e27e93323ab845f79dd9,525.2087250000004,435.8047518790063,85.75776391400177,2843.6103515625,33888.463,nvml_counter,64.56218015564203,500.22400871049695,1804672,72620,Tesla T4,50,0.8351169063298659,0.6452587968005584,0.4863926286783653,6.559311166389702e-05,3.804076408417796e-05,3.700843329195738e-05,0.3418465223036231,0.2706647473538109,0.2741807356899547,0.3744801584734137,0.2943860475816963,0.346938262419273,True,True
denoise,71,full_enc1e-02_head1e-02,denoise_seed71\diagnostic\full_enc1e-02_head1e-02\100pct,full,0.01,0.01,1.0,71,17441,15031,6850,47,0.04398452104443181,0.9325358302844513,0.9325358302844513,0.3297676434684619,0.9283606688644283,0.34052204154662685,44,d04e3f817bab0ae98ade52e583c3a97d92eb1c481d48e27e93323ab845f79dd9,1830.610393769999,1740.263362325999,86.00298119100626,3443.72607421875,118395.995,nvml_counter,64.77484561207378,501.10231524637544,1804672,72620,Tesla T4,50,0.7135693305869291,0.5201611158187774,0.4540107055907849,0.0019397326087683,0.0028126010635539,0.0024348161530509,0.7174089246385614,0.5594603709835549,0.5188747400244906,0.7334366571615782,0.7411501941156594,0.6953062347237264,True,True
simclr,22,frozen_head1e-02,simclr_seed22\diagnostic\frozen_head1e-02\001pct,frozen,0.0,0.01,0.01,22,173,144,100,50,0.06995673477649689,0.6940605720330167,0.6940605720330167,0.11844530396717999,0.7064371095889777,0.11642055886922596,44,46894e9287f68430df1b408d2a1fd81129e8d219fcfbfee9620618ecef05c696,95.24966137299998,1.8484055139979318,88.7595876539981,572.90869140625,6016.764,nvml_counter,63.98149253731343,4679.70904354794,0,72620,Tesla T4,50,1.0000000000000002,1.0,1.0000000000000002,1.0000000000000002,1.0000000000000002,1.0,0.0,0.0,0.0,0.0,0.0,0.0,True,True
simclr,22,frozen_head1e-02,simclr_seed22\diagnostic\frozen_head1e-02\005pct,frozen,0.0,0.01,0.05,22,869,761,350,37,0.0658524078982217,0.8061106864753078,0.8061106864753078,0.16880186688741203,0.8023066848689466,0.17314252218671428,44,46894e9287f68430df1b408d2a1fd81129e8d219fcfbfee9620618ecef05c696,98.15578699199978,5.431646838998859,88.53716896999322,605.83251953125,6220.024,nvml_counter,63.06148240165631,7999.415515757012,0,72620,Tesla T4,50,1.0000000000000002,1.0,1.0000000000000002,1.0000000000000002,1.0000000000000002,1.0,0.0,0.0,0.0,0.0,0.0,0.0,True,True
simclr,22,frozen_head1e-02,simclr_seed22\diagnostic\frozen_head1e-02\010pct,frozen,0.0,0.01,0.1,22,1742,1516,700,33,0.06772009815488543,0.8348881980705097,0.8348881980705097,0.19977273405130005,0.8299100161430623,0.18742808412043094,44,46894e9287f68430df1b408d2a1fd81129e8d219fcfbfee9620618ecef05c696,103.17539360199953,11.064507124001466,88.1353681099954,645.435546875,6567.01,nvml_counter,63.768547244094485,7872.018068573522,0,72620,Tesla T4,50,1.0000000000000002,1.0,1.0000000000000002,1.0000000000000002,1.0000000000000002,1.0,0.0,0.0,0.0,0.0,0.0,0.0,True,True
simclr,22,frozen_head1e-02,simclr_seed22\diagnostic\frozen_head1e-02\025pct,frozen,0.0,0.01,0.25,22,4348,3768,1700,50,0.06786517535938937,0.8603134262143393,0.8603134262143393,0.22836275869251937,0.8498510065943283,0.23963726456424847,44,46894e9287f68430df1b408d2a1fd81129e8d219fcfbfee9620618ecef05c696,118.76299105600083,26.121477692991903,88.40088632399056,766.68408203125,7592.888,nvml_counter,64.32758904109589,8322.653203433661,0,72620,Tesla T4,50,1.0000000000000002,1.0,1.0000000000000002,1.0000000000000002,1.0000000000000002,1.0,0.0,0.0,0.0,0.0,0.0,0.0,True,True
simclr,22,frozen_head1e-02,simclr_seed22\diagnostic\frozen_head1e-02\100pct,frozen,0.0,0.01,1.0,22,17441,15031,6850,41,0.06897694525057382,0.8850648506547544,0.8850648506547544,0.2437034721733056,0.8776425525728517,0.2647820544700252,44,46894e9287f68430df1b408d2a1fd81129e8d219fcfbfee9620618ecef05c696,195.2712601000003,103.13393462200293,88.16329388999293,1366.447265625,12690.938,nvml_counter,64.99293541666667,8455.509849363916,0,72620,Tesla T4,50,1.0000000000000002,1.0,1.0000000000000002,1.0000000000000002,1.0000000000000002,1.0,0.0,0.0,0.0,0.0,0.0,0.0,True,True
simclr,22,partial_enc1e-04_head1e-02,simclr_seed22\diagnostic\partial_enc1e-04_head1e-02\001pct,partial,0.0001,0.01,0.01,22,173,144,100,45,0.06954239308834076,0.6843182394322087,0.6843182394322087,0.11881872888745271,0.6952266664698542,0.11647520530007839,44,46894e9287f68430df1b408d2a1fd81129e8d219fcfbfee9620618ecef05c696,94.85729032600011,1.9582058599989978,88.4215054410015,574.77197265625,5998.329,nvml_counter,63.067635974304075,4417.308811446631,162048,72620,Tesla T4,50,1.0000000000000002,1.0,1.0000000000000002,1.0000000000000002,0.9973150555578556,0.9981555255008442,0.0,0.0,0.0,0.0,0.0025002674288433,0.0007725054637565,True,True
simclr,22,partial_enc1e-04_head1e-02,simclr_seed22\diagnostic\partial_enc1e-04_head1e-02\005pct,partial,0.0001,0.01,0.05,22,869,761,350,37,0.06589005674634661,0.8081205570217666,0.8081205570217666,0.1709666568994599,0.7981120680458527,0.17231092751042187,44,46894e9287f68430df1b408d2a1fd81129e8d219fcfbfee9620618ecef05c696,99.13812669900108,6.5387098340015655,88.47731118799857,607.69580078125,6296.422,nvml_counter,63.663930327868854,6645.041774763911,162048,72620,Tesla T4,50,1.0000000000000002,1.0,1.0000000000000002,1.0000000000000002,0.998558557933382,0.9987709498776608,0.0,0.0,0.0,0.0,0.0036319892953065,0.0011221725894448,True,True
simclr,22,partial_enc1e-04_head1e-02,simclr_seed22\diagnostic\partial_enc1e-04_head1e-02\010pct,partial,0.0001,0.01,0.1,22,1742,1516,700,42,0.06771098290170942,0.83904838480057,0.83904838480057,0.1925931080586693,0.8326845364570311,0.19496322940222252,44,46894e9287f68430df1b408d2a1fd81129e8d219fcfbfee9620618ecef05c696,105.71473886899912,12.942064096005197,88.29504743399411,647.298828125,6728.948,nvml_counter,63.45854038461538,6729.992940375329,162048,72620,Tesla T4,50,1.0000000000000002,1.0,1.0000000000000002,1.0000000000000002,0.9984546271442868,0.9986255288941052,0.0,0.0,0.0,0.0,0.0058966771631968,0.0018218912401244,True,True
simclr,22,partial_enc1e-04_head1e-02,simclr_seed22\diagnostic\partial_enc1e-04_head1e-02\025pct,partial,0.0001,0.01,0.25,22,4348,3768,1700,50,0.06767499446868896,0.8599199130926447,0.8599199130926447,0.22392696308179463,0.8515648007122177,0.23775382600081174,44,46894e9287f68430df1b408d2a1fd81129e8d219fcfbfee9620618ecef05c696,123.88986001599915,31.3269210189992,88.45998384400082,768.54736328125,7943.369,nvml_counter,64.14292118226601,6939.718074053651,162048,72620,Tesla T4,50,1.0000000000000002,1.0,1.0000000000000002,1.0000000000000002,0.9979091057181096,0.9982247248963853,0.0,0.0,0.0,0.0,0.0138088145360345,0.0042664974770408,True,True
simclr,22,partial_enc1e-04_head1e-02,simclr_seed22\diagnostic\partial_enc1e-04_head1e-02\100pct,partial,0.0001,0.01,1.0,22,17441,15031,6850,42,0.06790400595560561,0.887459490493006,0.887459490493006,0.24648919948891723,0.8829840502453205,0.26194655851038134,44,46894e9287f68430df1b408d2a1fd81129e8d219fcfbfee9620618ecef05c696,216.4120563589986,123.8925309069964,88.26295164899238,1368.310546875,14074.092,nvml_counter,64.8309427230047,7038.76168818143,162048,72620,Tesla T4,50,1.0000000000000002,1.0,1.0000000000000002,1.0000000000000002,0.9851840735542926,0.9882190139576712,0.0,0.0,0.0,0.0,0.0681722288338198,0.021063114546491,True,True
simclr,22,partial_enc1e-03_head1e-02,simclr_seed22\diagnostic\partial_enc1e-03_head1e-02\001pct,partial,0.001,0.01,0.01,22,173,144,100,45,0.06911726295948029,0.6798150322914838,0.6798150322914838,0.11724701195380205,0.6934416702752544,0.1171105030573628,44,46894e9287f68430df1b408d2a1fd81129e8d219fcfbfee9620618ecef05c696,95.00193234500057,1.9067105159992934,88.37572953700055,574.77197265625,6006.167,nvml_counter,63.38080942184154,4536.608954226383,162048,72620,Tesla T4,50,1.0000000000000002,1.0,1.0000000000000002,1.0000000000000002,0.9956076537179348,0.996762521188168,0.0,0.0,0.0,0.0,0.0244555600432768,0.0075560132227125,True,True
simclr,22,partial_enc1e-03_head1e-02,simclr_seed22\diagnostic\partial_enc1e-03_head1e-02\005pct,partial,0.001,0.01,0.05,22,869,761,350,31,0.06520406263215202,0.8075548445753887,0.8075548445753887,0.16381999257691993,0.7973544187639304,0.170671803966616,44,46894e9287f68430df1b408d2a1fd81129e8d219fcfbfee9620618ecef05c696,99.1032751269995,6.588186498995128,88.4489097620044,607.69580078125,6289.905,nvml_counter,63.6855112936345,6595.138131962,162048,72620,Tesla T4,50,1.0000000000000002,1.0,1.0000000000000002,1.0000000000000002,0.99387994058879,0.9953144813215308,0.0,0.0,0.0,0.0,0.0334654790164825,0.0103398000906737,True,True
simclr,22,partial_enc1e-03_head1e-02,simclr_seed22\diagnostic\partial_enc1e-03_head1e-02\010pct,partial,0.001,0.01,0.1,22,1742,1516,700,42,0.06677441937582833,0.8375996438237959,0.8375996438237959,0.19688100353407806,0.8293750395371724,0.19597817042800997,44,46894e9287f68430df1b408d2a1fd81129e8d219fcfbfee9620618ecef05c696,105.56555686400134,13.061925587993755,88.23470672700387,647.298828125,6719.985,nvml_counter,63.899429672447006,6668.235813566453,162048,72620,Tesla T4,50,1.0000000000000002,1.0,1.0000000000000002,1.0000000000000002,0.985409521787271,0.9891609382556708,0.0,0.0,0.0,0.0,0.0597601482031843,0.018464041273864,True,True
simclr,22,partial_enc1e-03_head1e-02,simclr_seed22\diagnostic\partial_enc1e-03_head1e-02\025pct,partial,0.001,0.01,0.25,22,4348,3768,1700,41,0.0642230230219224,0.8640619644068561,0.8640619644068561,0.2242185632004194,0.8446301062805207,0.23473366337318857,44,46894e9287f68430df1b408d2a1fd81129e8d219fcfbfee9620618ecef05c696,123.72403048100023,31.25522944399745,88.46640475699132,768.54736328125,7933.068,nvml_counter,64.28248440065681,6955.6360285095125,162048,72620,Tesla T4,50,1.0000000000000002,1.0,1.0000000000000002,1.0000000000000002,0.942469996065212,0.9588979798918176,0.0,0.0,0.0,0.0,0.1308142352006573,0.0404175610432169,True,True
simclr,22,partial_enc1e-03_head1e-02,simclr_seed22\diagnostic\partial_enc1e-03_head1e-02\100pct,partial,0.001,0.01,1.0,22,17441,15031,6850,41,0.06217458126318716,0.8933440438825286,0.8933440438825286,0.2581195612445023,0.8773571257517908,0.26097076628600213,44,46894e9287f68430df1b408d2a1fd81129e8d219fcfbfee9620618ecef05c696,216.00843429400084,123.81402215299568,88.21843176398761,1368.310546875,14050.433,nvml_counter,65.22899811853246,7043.224869331982,162048,72620,Tesla T4,50,1.0000000000000002,1.0,1.0000000000000002,1.0000000000000002,0.8370878494394719,0.8697533246400004,0.0,0.0,0.0,0.0,0.3320478803941044,0.1025925462508998,True,True
simclr,22,partial_enc1e-02_head1e-02,simclr_seed22\diagnostic\partial_enc1e-02_head1e-02\001pct,partial,0.01,0.01,0.01,22,173,144,100,42,0.06803108006715775,0.6968926279437793,0.6968926279437793,0.12176532855910317,0.7130168248199191,0.12364218466142206,44,46894e9287f68430df1b408d2a1fd81129e8d219fcfbfee9620618ecef05c696,95.00144827300028,1.9648566569994728,88.61650321100205,574.77197265625,6008.327,nvml_counter,62.99892933618844,4402.356766935554,162048,72620,Tesla T4,50,1.0000000000000002,1.0,1.0000000000000002,1.0000000000000002,0.9340887646725168,0.9452975358872988,0.0,0.0,0.0,0.0,0.2149013128423553,0.0663978726531569,True,True
simclr,22,partial_enc1e-02_head1e-02,simclr_seed22\diagnostic\partial_enc1e-02_head1e-02\005pct,partial,0.01,0.01,0.05,22,869,761,350,30,0.05545668942587716,0.8172470253458806,0.8172470253458806,0.1775816280132862,0.8036212133188425,0.17010343060245778,44,46894e9287f68430df1b408d2a1fd81129e8d219fcfbfee9620618ecef05c696,99.07452199699947,6.506150589999379,88.42733584098823,607.69580078125,6287.63,nvml_counter,64.03595482546201,6678.296082907627,162048,72620,Tesla T4,50,1.0000000000000002,1.0,1.0000000000000002,1.0000000000000002,0.8732610020345654,0.907227125733387,0.0,0.0,0.0,0.0,0.2764511670909928,0.0854148778550717,True,True
simclr,22,partial_enc1e-02_head1e-02,simclr_seed22\diagnostic\partial_enc1e-02_head1e-02\010pct,partial,0.01,0.01,0.1,22,1742,1516,700,42,0.05713958825383868,0.8410043698277699,0.8410043698277699,0.1976376728711751,0.8207961095407946,0.19841879222138248,44,46894e9287f68430df1b408d2a1fd81129e8d219fcfbfee9620618ecef05c696,105.15678440299962,12.883118233998175,88.18377069899725,647.298828125,6705.706,nvml_counter,63.46197678916829,6760.785581408826,162048,72620,Tesla T4,50,1.0000000000000002,1.0,1.0000000000000002,1.0000000000000002,0.8411552376784003,0.8880550555086452,0.0,0.0,0.0,0.0,0.4326991032211014,0.1336906674641188,True,True
simclr,22,partial_enc1e-02_head1e-02,simclr_seed22\diagnostic\partial_enc1e-02_head1e-02\025pct,partial,0.01,0.01,0.25,22,4348,3768,1700,42,0.057213141637689924,0.8688981057001272,0.8688981057001272,0.22629471539533205,0.8367130163587337,0.23649033983410633,44,46894e9287f68430df1b408d2a1fd81129e8d219fcfbfee9620618ecef05c696,124.03939581300074,31.245398657001715,88.55807499200273,768.54736328125,7949.367,nvml_counter,64.43325901639345,6957.824490784127,162048,72620,Tesla T4,50,1.0000000000000002,1.0,1.0000000000000002,1.0000000000000002,0.796296635427177,0.8531719088697132,0.0,0.0,0.0,0.0,0.6719756158781984,0.2076197245097216,True,True
simclr,22,partial_enc1e-02_head1e-02,simclr_seed22\diagnostic\partial_enc1e-02_head1e-02\100pct,partial,0.01,0.01,1.0,22,17441,15031,6850,38,0.058505865779236284,0.8938690568280503,0.8938690568280503,0.25935150746579594,0.8855453774054691,0.2578018502788367,44,46894e9287f68430df1b408d2a1fd81129e8d219fcfbfee9620618ecef05c696,215.8762205719995,123.71107617999951,88.23909946800632,1368.310546875,14043.549,nvml_counter,65.59835404896421,7049.08587757468,162048,72620,Tesla T4,50,1.0000000000000002,1.0,1.0000000000000002,1.0000000000000002,0.7082964469531368,0.7810423326940067,0.0,0.0,0.0,0.0,1.571704968484253,0.4856083239580067,True,True
simclr,22,full_enc1e-04_head1e-02,simclr_seed22\diagnostic\full_enc1e-04_head1e-02\001pct,full,0.0001,0.01,0.01,22,173,144,100,31,0.06928813457489014,0.7124411104690739,0.7124411104690739,0.12163827632416534,0.7071688768955888,0.10630577190334138,44,46894e9287f68430df1b408d2a1fd81129e8d219fcfbfee9620618ecef05c696,111.40153807599927,18.371317649995035,88.83855111899538,2649.5048828125,7074.914,nvml_counter,63.55335831809872,470.8426561881552,1804672,72620,Tesla T4,50,0.9809168823501307,0.9723317574555128,0.9729888883900636,0.9844464931506683,0.9810309665210452,0.9852489566027282,0.0031905405933423,0.0028515611271511,0.0028780603805332,0.0026501604790672,0.0024015027277305,0.0026818522050049,True,True
simclr,22,full_enc1e-04_head1e-02,simclr_seed22\diagnostic\full_enc1e-04_head1e-02\005pct,full,0.0001,0.01,0.05,22,869,761,350,35,0.061868514333452494,0.8209469912164739,0.8209469912164739,0.1810495176792477,0.8100136525667004,0.18137404583922512,44,46894e9287f68430df1b408d2a1fd81129e8d219fcfbfee9620618ecef05c696,180.09331402499993,86.96051827100018,89.00511532000382,2682.77587890625,11494.923,nvml_counter,63.79567270668176,499.65203593421796,1804672,72620,Tesla T4,50,0.9902455304469866,0.981839332384311,0.9768604391510118,0.9704460444572046,0.9706939555992852,0.97375511451135,0.0091781145980871,0.0084724723316933,0.0078732544330765,0.0051039033504096,0.0033817758626205,0.005835985486984,True,True
simclr,22,full_enc1e-04_head1e-02,simclr_seed22\diagnostic\full_enc1e-04_head1e-02\010pct,full,0.0001,0.01,0.1,22,1742,1516,700,42,0.061085794653211324,0.8542498399968239,0.8542498399968239,0.19988094979477786,0.8404071001918169,0.1968794881209401,44,46894e9287f68430df1b408d2a1fd81129e8d219fcfbfee9620618ecef05c696,266.82681747900097,173.9355920079979,88.90840766699694,2723.61083984375,17080.768,nvml_counter,64.1023560490046,500.7600744302809,1804672,72620,Tesla T4,50,0.9896521280865764,0.9669266666083256,0.926215684463328,0.9442098364003852,0.9454058176034696,0.9499732124337836,0.0191410674728032,0.0160736743300215,0.014596635609925,0.0085929261741997,0.0049877036689102,0.0103440088551542,True,True
simclr,22,full_enc1e-04_head1e-02,simclr_seed22\diagnostic\full_enc1e-04_head1e-02\025pct,full,0.0001,0.01,0.25,22,4348,3768,1700,37,0.05702342355952544,0.8852512322106584,0.8852512322106584,0.25100785577500356,0.8645782420469564,0.26272339538914585,44,46894e9287f68430df1b408d2a1fd81129e8d219fcfbfee9620618ecef05c696,525.7394211810006,432.50475777899555,89.31887594600812,2844.38427734375,33770.604,nvml_counter,64.18658576429405,502.6534300255921,1804672,72620,Tesla T4,50,0.9817595267152336,0.9440337049220652,0.8695530775956714,0.8683587776914505,0.8701577999417591,0.8823508718153616,0.038168951477174,0.0290601473048818,0.0256787049670128,0.0153128956672324,0.0088437373437727,0.0185213568532042,True,True
simclr,22,full_enc1e-04_head1e-02,simclr_seed22\diagnostic\full_enc1e-04_head1e-02\100pct,full,0.0001,0.01,1.0,22,17441,15031,6850,41,0.05011841502502887,0.9277496418492994,0.9277496418492994,0.3087428537798625,0.9200928659072788,0.32571296176296166,44,46894e9287f68430df1b408d2a1fd81129e8d219fcfbfee9620618ecef05c696,1829.7601659650009,1736.2682637289909,89.1112696589953,3445.25146484375,117853.665,nvml_counter,64.39818794048553,502.2553358932533,1804672,72620,Tesla T4,50,0.9555041647674436,0.8849010900177282,0.757539688972244,0.6659930266011124,0.6306574195641402,0.6509876191577361,0.0891659809340324,0.0585763985411885,0.058508752742626,0.0446751717952618,0.033636438063256,0.0477704056309385,True,True
simclr,22,full_enc1e-03_head1e-02,simclr_seed22\diagnostic\full_enc1e-03_head1e-02\001pct,full,0.001,0.01,0.01,22,173,144,100,43,0.062248438596725464,0.7256857545338883,0.7256857545338883,0.11867185525682616,0.7185838568562065,0.11418675639165919,44,46894e9287f68430df1b408d2a1fd81129e8d219fcfbfee9620618ecef05c696,111.54375552700003,18.45532433599692,88.90514957999949,2649.5048828125,7071.858,nvml_counter,63.602921532846715,468.69943017626974,1804672,72620,Tesla T4,50,0.9816471241010516,0.9375600489273858,0.923934123303637,0.8512396694490065,0.8203650691332941,0.8294386301973569,0.0280138798918325,0.0255698434078817,0.0263946411063611,0.0243941140572659,0.0227478418553006,0.0246407278043406,True,True
simclr,22,full_enc1e-03_head1e-02,simclr_seed22\diagnostic\full_enc1e-03_head1e-02\005pct,full,0.001,0.01,0.05,22,869,761,350,43,0.05167064496449062,0.8338749795364055,0.8338749795364055,0.18777365130953447,0.8170731099542354,0.18172193339314924,44,46894e9287f68430df1b408d2a1fd81129e8d219fcfbfee9620618ecef05c696,180.1885271430001,87.02695927300556,89.14295785299873,2682.77587890625,11503.217,nvml_counter,63.484116647791616,499.2705750375163,1804672,72620,Tesla T4,50,0.969836339137614,0.8441131407050445,0.7866329651462923,0.6433956946439331,0.5845016857727501,0.6371701372111488,0.0691815314041657,0.0586602402866681,0.0573217345008015,0.0366080994785347,0.0261925535347552,0.0418413740072654,True,True
simclr,22,full_enc1e-03_head1e-02,simclr_seed22\diagnostic\full_enc1e-03_head1e-02\010pct,full,0.001,0.01,0.1,22,1742,1516,700,47,0.04526996186801365,0.8633497971680586,0.8633497971680586,0.21397401699893787,0.8431420061677972,0.2021126671935245,44,46894e9287f68430df1b408d2a1fd81129e8d219fcfbfee9620618ecef05c696,267.5664327350005,174.183500060999,89.06067358700057,2723.61083984375,17132.248,nvml_counter,63.505251908396936,500.0473636681868,1804672,72620,Tesla T4,50,0.957443517763742,0.8818523332384929,0.8300071892325297,0.5833154277819427,0.5320634968970988,0.5840636468729056,0.092795043852008,0.0769697339638064,0.0758051862354617,0.0521259458997171,0.0359018616129385,0.0575814999768312,True,True
simclr,22,full_enc1e-03_head1e-02,simclr_seed22\diagnostic\full_enc1e-03_head1e-02\025pct,full,0.001,0.01,0.25,22,4348,3768,1700,36,0.04081008364172543,0.8817281437202048,0.8817281437202048,0.25853914293659824,0.8778823507669382,0.2606122514047143,44,46894e9287f68430df1b408d2a1fd81129e8d219fcfbfee9620618ecef05c696,526.5369571049996,433.0397785480036,89.54738093300148,2844.38427734375,33831.718,nvml_counter,64.0645281553398,502.0324015704729,1804672,72620,Tesla T4,50,0.9283088661603854,0.8406800140016376,0.7067144510897464,0.2560891088370299,0.2092054425606236,0.2078222879075495,0.1445128581593484,0.1156459392120912,0.1253292935138402,0.0888466466089081,0.0559916138226641,0.0949941394500725,True,True
simclr,22,full_enc1e-03_head1e-02,simclr_seed22\diagnostic\full_enc1e-03_head1e-02\100pct,full,0.001,0.01,1.0,22,17441,15031,6850,40,0.03613195628145315,0.9327183488872585,0.9327183488872585,0.3452362576946004,0.9255434914040873,0.3465624713104145,44,46894e9287f68430df1b408d2a1fd81129e8d219fcfbfee9620618ecef05c696,1831.518276230001,1738.3467182420063,89.1191731360068,3445.25146484375,117872.835,nvml_counter,64.14383113544926,501.65481422595946,1804672,72620,Tesla T4,50,0.837866425475455,0.7324725409509605,0.6463027997370145,0.3186539252937467,0.2527233802950408,0.2830446289580304,0.2905059548156518,0.2201347275511254,0.2313296287847977,0.2073080488242463,0.1748993390984687,0.2096675958246996,True,True
simclr,22,full_enc1e-02_head1e-02,simclr_seed22\diagnostic\full_enc1e-02_head1e-02\001pct,full,0.01,0.01,0.01,22,173,144,100,48,0.0830296203494072,0.7359137833381048,0.7359137833381048,0.09446028059470281,0.7343698095264241,0.0972343109239897,44,46894e9287f68430df1b408d2a1fd81129e8d219fcfbfee9620618ecef05c696,111.56499585799975,18.402331308008797,88.63905414099645,2649.5048828125,7073.938,nvml_counter,63.26144525547445,470.04913971065565,1804672,72620,Tesla T4,50,0.7939840536428121,0.6588741286715101,0.5522530007925891,0.1163397689982432,0.0951145663162477,0.1108224496888117,0.3302414915555047,0.2651229345007099,0.2849962323373505,0.2182343064217353,0.1774392345507702,0.2299079719253044,True,True
simclr,22,full_enc1e-02_head1e-02,simclr_seed22\diagnostic\full_enc1e-02_head1e-02\005pct,full,0.01,0.01,0.05,22,869,761,350,44,0.06989530580384391,0.810018352345703,0.810018352345703,0.14603458862767246,0.7922655476433168,0.13874659135627296,44,46894e9287f68430df1b408d2a1fd81129e8d219fcfbfee9620618ecef05c696,179.68928862499888,86.72060393400534,88.88016820000485,2682.77587890625,11479.914,nvml_counter,63.933379114642456,501.0343335831193,1804672,72620,Tesla T4,50,0.6058676929480024,0.4257778417415312,0.4620074637629668,0.0108930791188308,0.0065581118592707,0.0068000201986319,0.4377659690700503,0.310116519796046,0.313570777582773,0.2079446141457322,0.1406208270979329,0.2328020095755177,True,True
simclr,22,full_enc1e-02_head1e-02,simclr_seed22\diagnostic\full_enc1e-02_head1e-02\010pct,full,0.01,0.01,0.1,22,1742,1516,700,45,0.0661260996546064,0.84484738104,0.84484738104,0.1903288271752178,0.822043745675791,0.1759700749710202,44,46894e9287f68430df1b408d2a1fd81129e8d219fcfbfee9620618ecef05c696,267.5628255880001,174.2831753069986,89.09125457300433,2723.61083984375,17126.419,nvml_counter,63.930124427480905,499.7613788397759,1804672,72620,Tesla T4,50,0.677792326378491,0.4816384714157278,0.3472872802597968,0.0259107392151031,0.0106727871639359,0.0110419428404719,0.5145522195724639,0.3946042203760627,0.3683138238357895,0.2854787192755569,0.1880031706712975,0.3045069302885481,True,True
simclr,22,full_enc1e-02_head1e-02,simclr_seed22\diagnostic\full_enc1e-02_head1e-02\025pct,full,0.01,0.01,0.25,22,4348,3768,1700,46,0.053009531077216655,0.8834682286003086,0.8834682286003086,0.22744879907762786,0.8722010942710638,0.23158536250164763,44,46894e9287f68430df1b408d2a1fd81129e8d219fcfbfee9620618ecef05c696,525.7738031730005,432.3428444250003,89.41652971599979,2844.38427734375,33783.546,nvml_counter,64.69163243873979,502.84167484981464,1804672,72620,Tesla T4,50,0.7808458718434229,0.7150604130541726,0.7260120588923394,0.0469864974514687,0.0301965469248574,0.0346441957421553,0.7426059241540982,0.5326506120088391,0.562995545537813,0.5230366160259836,0.3298620760462664,0.51623011726951,True,True
simclr,22,full_enc1e-02_head1e-02,simclr_seed22\diagnostic\full_enc1e-02_head1e-02\100pct,full,0.01,0.01,1.0,22,17441,15031,6850,41,0.042559874318812016,0.9335056161484754,0.9335056161484754,0.33589717245477096,0.9320611381641304,0.3653679010041998,44,46894e9287f68430df1b408d2a1fd81129e8d219fcfbfee9620618ecef05c696,1828.630858894001,1735.3950274720228,88.92232168199916,3445.25146484375,117796.408,nvml_counter,64.55272076105203,502.5080665756712,1804672,72620,Tesla T4,50,0.6364896137144183,0.5934014148971146,0.5500225622900532,0.2489711828889575,0.1078424774397275,0.1561549584706923,1.0125883602085677,0.6909243420462783,0.7300393587437435,0.8257403035968244,0.7892106671972199,0.8007930702522853,True,True
simclr,54,frozen_head1e-02,simclr_seed54\diagnostic\frozen_head1e-02\001pct,frozen,0.0,0.01,0.01,54,173,158,100,27,0.07525467872619629,0.7147464189774188,0.7147464189774188,0.12165266639768953,0.7024198487682634,0.1259992925163328,44,f2d853de3e91a4cf01d1e51163c3b21d456a1e88961dab5ce8ee78c92491c416,88.12670849799997,1.7613222220043099,82.93239078799706,572.90869140625,5643.06,nvml_counter,64.27526958525345,4911.083214607187,0,72620,Tesla T4,50,1.0,1.0,1.0,1.0,1.0,1.0000000000000002,0.0,0.0,0.0,0.0,0.0,0.0,True,True
simclr,54,frozen_head1e-02,simclr_seed54\diagnostic\frozen_head1e-02\005pct,frozen,0.0,0.01,0.05,54,870,742,350,34,0.06878960984093803,0.8098462160106391,0.8098462160106391,0.17844350059345582,0.8106679257766586,0.17947610468744896,44,f2d853de3e91a4cf01d1e51163c3b21d456a1e88961dab5ce8ee78c92491c416,91.69701402499959,5.249481397000636,82.92180418300359,605.87939453125,5901.111,nvml_counter,64.53564523281597,8286.532842054517,0,72620,Tesla T4,50,1.0,1.0,1.0,1.0,1.0,1.0000000000000002,0.0,0.0,0.0,0.0,0.0,0.0,True,True
simclr,54,frozen_head1e-02,simclr_seed54\diagnostic\frozen_head1e-02\010pct,frozen,0.0,0.01,0.1,54,1741,1495,700,41,0.06758762683187212,0.8302195763004299,0.8302195763004299,0.20137202786544253,0.8333259291707225,0.19492529433277994,44,f2d853de3e91a4cf01d1e51163c3b21d456a1e88961dab5ce8ee78c92491c416,96.89770340099858,10.283388350993846,82.88654300999951,645.3779296875,6240.178,nvml_counter,64.6270104821803,8465.108680991027,0,72620,Tesla T4,50,1.0,1.0,1.0,1.0,1.0,1.0000000000000002,0.0,0.0,0.0,0.0,0.0,0.0,True,True
simclr,54,frozen_head1e-02,simclr_seed54\diagnostic\frozen_head1e-02\025pct,frozen,0.0,0.01,0.25,54,4355,3736,1750,50,0.07150225639343262,0.8521689523148218,0.8521689523148218,0.2255198387502898,0.8670460849426894,0.22231396575114773,44,f2d853de3e91a4cf01d1e51163c3b21d456a1e88961dab5ce8ee78c92491c416,112.03322953899988,25.499460686998646,82.72333060600067,765.28076171875,7260.214,nvml_counter,65.20761887477315,8539.396290487968,0,72620,Tesla T4,50,1.0,1.0,1.0,1.0,1.0,1.0000000000000002,0.0,0.0,0.0,0.0,0.0,0.0,True,True
simclr,54,frozen_head1e-02,simclr_seed54\diagnostic\frozen_head1e-02\100pct,frozen,0.0,0.01,1.0,54,17441,15031,6850,37,0.06869144857364849,0.8900579247328849,0.8900579247328849,0.2506209279207226,0.8820414533630262,0.25016135855084476,44,f2d853de3e91a4cf01d1e51163c3b21d456a1e88961dab5ce8ee78c92491c416,206.32850905600026,118.26392954699986,84.07670086500184,1366.447265625,13578.307,nvml_counter,65.74278402366863,7373.761410941738,0,72620,Tesla T4,50,1.0,1.0,1.0,1.0,1.0,1.0000000000000002,0.0,0.0,0.0,0.0,0.0,0.0,True,True
simclr,54,partial_enc1e-04_head1e-02,simclr_seed54\diagnostic\partial_enc1e-04_head1e-02\001pct,partial,0.0001,0.01,0.01,54,173,158,100,26,0.0747569277882576,0.700361739693567,0.700361739693567,0.12329112723890087,0.6901736780192441,0.12361526541257999,44,f2d853de3e91a4cf01d1e51163c3b21d456a1e88961dab5ce8ee78c92491c416,88.00526277999961,1.8299169660031112,82.70123817999593,574.77197265625,5651.507,nvml_counter,64.64947575057737,4726.990437655352,162048,72620,Tesla T4,50,1.0,1.0,1.0,1.0,0.9987380769279308,0.998874086129904,0.0,0.0,0.0,0.0,0.0023111392354778,0.000713260224731,True,True
simclr,54,partial_enc1e-04_head1e-02,simclr_seed54\diagnostic\partial_enc1e-04_head1e-02\005pct,partial,0.0001,0.01,0.05,54,870,742,350,34,0.0691007673740387,0.8118504077384845,0.8118504077384845,0.18001258389174504,0.8034186140903206,0.17799554765023728,44,f2d853de3e91a4cf01d1e51163c3b21d456a1e88961dab5ce8ee78c92491c416,92.66572913800064,6.214745834994574,82.87096300000121,607.74267578125,5966.805,nvml_counter,64.11151315789473,6999.481741482672,162048,72620,Tesla T4,50,1.0,1.0,1.0,1.0,0.9987726564806096,0.9990031757268848,0.0,0.0,0.0,0.0,0.0033625493244985,0.0010377447840632,True,True
simclr,54,partial_enc1e-04_head1e-02,simclr_seed54\diagnostic\partial_enc1e-04_head1e-02\010pct,partial,0.0001,0.01,0.1,54,1741,1495,700,41,0.06785140718732562,0.8347160901661268,0.8347160901661268,0.20398449482936218,0.832380555257886,0.1968237836042478,44,f2d853de3e91a4cf01d1e51163c3b21d456a1e88961dab5ce8ee78c92491c416,98.65941918200042,12.317018949999692,82.58296853200955,647.2412109375,6367.573,nvml_counter,64.55606172839506,7067.456854079304,162048,72620,Tesla T4,50,1.0,1.0,1.0,1.0,0.998828992410495,0.9990282169528136,0.0,0.0,0.0,0.0,0.0056648857075629,0.0017482882860654,True,True
simclr,54,partial_enc1e-04_head1e-02,simclr_seed54\diagnostic\partial_enc1e-04_head1e-02\025pct,partial,0.0001,0.01,0.25,54,4355,3736,1750,50,0.07118723733084542,0.8581091467986893,0.8581091467986893,0.220591894633573,0.8660664126333184,0.22699244311992836,44,f2d853de3e91a4cf01d1e51163c3b21d456a1e88961dab5ce8ee78c92491c416,116.99514292399908,30.58563501399476,82.61420297600307,767.14404296875,7591.446,nvml_counter,64.958359375,7119.355210390967,162048,72620,Tesla T4,50,1.0,1.0,1.0,1.0,0.998819537532417,0.9991103818960908,0.0,0.0,0.0,0.0,0.0133670701666538,0.0041253245692452,True,True
simclr,54,partial_enc1e-04_head1e-02,simclr_seed54\diagnostic\partial_enc1e-04_head1e-02\100pct,partial,0.0001,0.01,1.0,54,17441,15031,6850,50,0.0674949632073841,0.8912422134397946,0.8912422134397946,0.2583623634773695,0.8815380928939409,0.2472871610281927,44,f2d853de3e91a4cf01d1e51163c3b21d456a1e88961dab5ce8ee78c92491c416,236.50798491100068,148.29449751700304,84.19292520800809,1368.310546875,15579.674,nvml_counter,66.16941444539984,5880.528371593917,162048,72620,Tesla T4,50,1.0,1.0,1.0,1.0,0.9856091601288304,0.9899238579637122,0.0,0.0,0.0,0.0,0.0699394977832842,0.0215846198881952,True,True
simclr,54,partial_enc1e-03_head1e-02,simclr_seed54\diagnostic\partial_enc1e-03_head1e-02\001pct,partial,0.001,0.01,0.01,54,173,158,100,34,0.07389967888593674,0.7036001181025755,0.7036001181025755,0.12828296644221734,0.6970404281497085,0.12627695459700997,44,f2d853de3e91a4cf01d1e51163c3b21d456a1e88961dab5ce8ee78c92491c416,88.76620717100013,1.9569452009991437,83.22092110899848,574.77197265625,5684.261,nvml_counter,64.77888329519452,4420.154430274098,162048,72620,Tesla T4,50,1.0,1.0,1.0,1.0,0.9974294997369092,0.9978355944104804,0.0,0.0,0.0,0.0,0.0239726073604175,0.0073983890934834,True,True
simclr,54,partial_enc1e-03_head1e-02,simclr_seed54\diagnostic\partial_enc1e-03_head1e-02\005pct,partial,0.001,0.01,0.05,54,870,742,350,35,0.06850395032337733,0.8088802689719367,0.8088802689719367,0.18267768091113357,0.8074090449900138,0.1798571838104167,44,f2d853de3e91a4cf01d1e51163c3b21d456a1e88961dab5ce8ee78c92491c416,92.4792511149999,6.189720354994279,82.65353607900033,607.74267578125,5956.3,nvml_counter,64.75862857142857,7027.781144410071,162048,72620,Tesla T4,50,1.0,1.0,1.0,1.0,0.995188287634423,0.99654991890782,0.0,0.0,0.0,0.0,0.0337074143607214,0.0104027302089657,True,True
simclr,54,partial_enc1e-03_head1e-02,simclr_seed54\diagnostic\partial_enc1e-03_head1e-02\010pct,partial,0.001,0.01,0.1,54,1741,1495,700,41,0.06622607367379325,0.8383983491141657,0.8383983491141657,0.20661620469622255,0.8330496455511209,0.19908714801794367,44,f2d853de3e91a4cf01d1e51163c3b21d456a1e88961dab5ce8ee78c92491c416,99.0336501010006,12.44769567199728,82.7518057069974,647.2412109375,6382.097,nvml_counter,64.54648049281315,6993.262230521136,162048,72620,Tesla T4,50,1.0,1.0,1.0,1.0,0.989374691545497,0.9927201976021178,0.0,0.0,0.0,0.0,0.0585725508218382,0.0180765702563214,True,True
simclr,54,partial_enc1e-03_head1e-02,simclr_seed54\diagnostic\partial_enc1e-03_head1e-02\025pct,partial,0.001,0.01,0.25,54,4355,3736,1750,31,0.07130499567304338,0.8562105173906726,0.8562105173906726,0.2109448597061139,0.8617083321525025,0.2178734653581686,44,f2d853de3e91a4cf01d1e51163c3b21d456a1e88961dab5ce8ee78c92491c416,116.96643845900144,30.499828805997822,82.57233912000265,767.14404296875,7587.852,nvml_counter,64.87280347826088,7139.384335074669,162048,72620,Tesla T4,50,1.0,1.0,1.0,1.0,0.989369199064028,0.9918379806906747,0.0,0.0,0.0,0.0,0.0847572121623592,0.0261576400359123,True,True
simclr,54,partial_enc1e-03_head1e-02,simclr_seed54\diagnostic\partial_enc1e-03_head1e-02\100pct,partial,0.001,0.01,1.0,54,17441,15031,6850,50,0.06141362573108534,0.896490212233452,0.896490212233452,0.26519303003020006,0.8936416690547415,0.25717111486075056,44,f2d853de3e91a4cf01d1e51163c3b21d456a1e88961dab5ce8ee78c92491c416,234.53228434599987,146.19973696600027,84.12714739999865,1368.310546875,15466.602,nvml_counter,66.21263399826539,5964.78501327811,162048,72620,Tesla T4,50,1.0,1.0,1.0,1.0,0.8677286296261127,0.896206398415181,0.0,0.0,0.0,0.0,0.344955137811692,0.1064595223605524,True,True
simclr,54,partial_enc1e-02_head1e-02,simclr_seed54\diagnostic\partial_enc1e-02_head1e-02\001pct,partial,0.01,0.01,0.01,54,173,158,100,40,0.07337799668312073,0.6932337452683233,0.6932337452683233,0.13359669319272857,0.7052774376758321,0.13498080206809873,44,f2d853de3e91a4cf01d1e51163c3b21d456a1e88961dab5ce8ee78c92491c416,87.799700476,1.8026916240014543,82.53625554200062,574.77197265625,5637.424,nvml_counter,64.37964351851852,4798.380313544421,162048,72620,Tesla T4,50,1.0,1.0,1.0,1.0,0.950786265729774,0.960318346037439,0.0,0.0,0.0,0.0,0.221727016724646,0.0684290497734861,True,True
simclr,54,partial_enc1e-02_head1e-02,simclr_seed54\diagnostic\partial_enc1e-02_head1e-02\005pct,partial,0.01,0.01,0.05,54,870,742,350,37,0.06056260211127145,0.8118568973235537,0.8118568973235537,0.181083608853397,0.8083329206205189,0.1744649996242653,44,f2d853de3e91a4cf01d1e51163c3b21d456a1e88961dab5ce8ee78c92491c416,93.2780040560001,6.463984133003578,82.98519900299834,607.74267578125,5996.978,nvml_counter,64.51149673202615,6729.595726867469,162048,72620,Tesla T4,50,1.0,1.0,1.0,1.0,0.8922126945079695,0.923431091020526,0.0,0.0,0.0,0.0,0.28527280908166,0.088040454158608,True,True
simclr,54,partial_enc1e-02_head1e-02,simclr_seed54\diagnostic\partial_enc1e-02_head1e-02\010pct,partial,0.01,0.01,0.1,54,1741,1495,700,32,0.056200815098626275,0.8443251507663362,0.8443251507663362,0.20257162599938042,0.8346818563783933,0.19377775144583695,44,f2d853de3e91a4cf01d1e51163c3b21d456a1e88961dab5ce8ee78c92491c416,99.6355590589992,12.738018937008746,83.20617861900064,647.2412109375,6413.182,nvml_counter,64.31657142857144,6833.872710542684,162048,72620,Tesla T4,50,1.0,1.0,1.0,1.0,0.8537624987253746,0.89923062898991,0.0,0.0,0.0,0.0,0.3705065818913483,0.114345169606159,True,True
simclr,54,partial_enc1e-02_head1e-02,simclr_seed54\diagnostic\partial_enc1e-02_head1e-02\025pct,partial,0.01,0.01,0.25,54,4355,3736,1750,43,0.06991808755057198,0.8629720907890429,0.8629720907890429,0.2268169118894792,0.8631839062435567,0.24511157122645433,44,f2d853de3e91a4cf01d1e51163c3b21d456a1e88961dab5ce8ee78c92491c416,116.96400916700077,30.44812368400744,82.65877297100451,767.14404296875,7583.556,nvml_counter,64.68838715277778,7151.507996348915,162048,72620,Tesla T4,50,1.0,1.0,1.0,1.0,0.9236572186377788,0.9332206510207298,0.0,0.0,0.0,0.0,0.5776858137274398,0.1782845044547872,True,True
simclr,54,partial_enc1e-02_head1e-02,simclr_seed54\diagnostic\partial_enc1e-02_head1e-02\100pct,partial,0.01,0.01,1.0,54,17441,15031,6850,37,0.057303546989051095,0.8965729798482236,0.8965729798482236,0.2674080473120597,0.8890974667175237,0.26386887498639067,44,f2d853de3e91a4cf01d1e51163c3b21d456a1e88961dab5ce8ee78c92491c416,233.97855268000058,145.56022329699226,84.12547511099365,1368.310546875,15430.124,nvml_counter,66.3374,5990.991084293145,162048,72620,Tesla T4,50,1.0,1.0,1.0,1.0,0.7566175465839763,0.8135711640551289,0.0,0.0,0.0,0.0,1.5965718354628708,0.4927315363265385,True,True
simclr,54,full_enc1e-04_head1e-02,simclr_seed54\diagnostic\full_enc1e-04_head1e-02\001pct,full,0.0001,0.01,0.01,54,173,158,100,44,0.0783962681889534,0.6921533316058249,0.6921533316058249,0.13099023010046704,0.686100667376638,0.12990695304213903,44,f2d853de3e91a4cf01d1e51163c3b21d456a1e88961dab5ce8ee78c92491c416,103.95711410900003,17.26277295500313,82.88383103699653,2649.5048828125,6688.877,nvml_counter,64.80512328767124,501.07824638295097,1804672,72620,Tesla T4,50,0.9966612246342686,0.9824634949552444,0.9822763668429724,0.98482202171022,0.9825936214769008,0.9878406692865552,0.0036248928167405,0.0031921307672876,0.003292229291201,0.0028553262728077,0.002469852801782,0.0029188782766023,True,True
simclr,54,full_enc1e-04_head1e-02,simclr_seed54\diagnostic\full_enc1e-04_head1e-02\005pct,full,0.0001,0.01,0.05,54,870,742,350,34,0.06581360101699829,0.8264609306579633,0.8264609306579633,0.18398595826581338,0.8244510135418183,0.1830373183506648,44,f2d853de3e91a4cf01d1e51163c3b21d456a1e88961dab5ce8ee78c92491c416,168.02973679700062,80.40362164199087,83.85560475300463,2682.822265625,10830.423,nvml_counter,64.56558131067962,541.0204056937913,1804672,72620,Tesla T4,50,0.9972482813635056,0.9758723545791328,0.9528647052885858,0.9712651591047587,0.9693636169306518,0.976478236791802,0.0093699110630209,0.0081639524340112,0.0078181126093467,0.0048859863849722,0.0031830964246117,0.0056408142582974,True,True
simclr,54,full_enc1e-04_head1e-02,simclr_seed54\diagnostic\full_enc1e-04_head1e-02\010pct,full,0.0001,0.01,0.1,54,1741,1495,700,42,0.0607606087412153,0.8627262063349374,0.8627262063349374,0.21359221959365107,0.8476841748924726,0.20346916117198763,44,f2d853de3e91a4cf01d1e51163c3b21d456a1e88961dab5ce8ee78c92491c416,248.11400566700104,160.64724046799165,83.28750653501265,2723.56494140625,16039.887,nvml_counter,64.7885925925926,541.8704967879257,1804672,72620,Tesla T4,50,0.9961943286663744,0.969752094245336,0.9313155223426304,0.943856340777376,0.9428574907034856,0.9525197820229632,0.0190852187874091,0.0154388153420554,0.0148015722940238,0.0084965172169502,0.0048967052807757,0.0102083983074281,True,True
simclr,54,full_enc1e-04_head1e-02,simclr_seed54\diagnostic\full_enc1e-04_head1e-02\025pct,full,0.0001,0.01,0.25,54,4355,3736,1750,50,0.06779624394008092,0.8693109748702921,0.8693109748702921,0.22928498212220252,0.8669612431359539,0.24076316132202355,44,f2d853de3e91a4cf01d1e51163c3b21d456a1e88961dab5ce8ee78c92491c416,486.4689346670002,399.0348177050073,83.30564233699624,2844.38623046875,31531.764,nvml_counter,64.8518385197645,545.6917299907776,1804672,72620,Tesla T4,50,0.9949194743800404,0.9572954076318572,0.9384863955336464,0.9471477517544185,0.946696834157907,0.9544289334881696,0.0182693415404421,0.015601836964803,0.0152714395039922,0.0115379290437993,0.0099985951909807,0.0124348710686235,True,True
simclr,54,full_enc1e-04_head1e-02,simclr_seed54\diagnostic\full_enc1e-04_head1e-02\100pct,full,0.0001,0.01,1.0,54,17441,15031,6850,35,0.0495670833726869,0.9281433805458424,0.9281433805458424,0.30173632723430915,0.9220087399904217,0.31465091061264555,44,f2d853de3e91a4cf01d1e51163c3b21d456a1e88961dab5ce8ee78c92491c416,1686.360457544999,1597.5141518619967,84.54868940900633,3445.25146484375,109529.878,nvml_counter,64.97572901736913,545.8793582414118,1804672,72620,Tesla T4,50,0.9733827709502636,0.8940608803345031,0.740260581137185,0.6674962561436837,0.6312772305548997,0.6534147032046459,0.0830347073578206,0.0569744546371573,0.0559189302193783,0.0430537802159447,0.031439079226014,0.0459061021499237,True,True
simclr,54,full_enc1e-03_head1e-02,simclr_seed54\diagnostic\full_enc1e-03_head1e-02\001pct,full,0.001,0.01,0.01,54,173,158,100,35,0.07956640422344208,0.7195926133721421,0.7195926133721421,0.13776985861366986,0.7353167299816463,0.13322116037172435,44,f2d853de3e91a4cf01d1e51163c3b21d456a1e88961dab5ce8ee78c92491c416,103.64862542599985,17.180061776999537,82.85528828599672,2649.5048828125,6669.442,nvml_counter,64.3409,503.49062257625394,1804672,72620,Tesla T4,50,0.9875918072984212,0.9203535502205998,0.8619332792730724,0.7872363687372781,0.7691320966715224,0.7978709378850785,0.0283746595198633,0.0253937843066124,0.0266161110419377,0.0243454380518197,0.0222812338761058,0.0245776093964284,True,True
simclr,54,full_enc1e-03_head1e-02,simclr_seed54\diagnostic\full_enc1e-03_head1e-02\005pct,full,0.001,0.01,0.05,54,870,742,350,34,0.050269250358854024,0.8356819378576006,0.8356819378576006,0.17844558531604657,0.8403804093163756,0.18976824038625983,44,f2d853de3e91a4cf01d1e51163c3b21d456a1e88961dab5ce8ee78c92491c416,167.86792391000017,80.43686851299935,83.69690311000159,2682.822265625,10826.232,nvml_counter,64.555262454435,540.7967864011264,1804672,72620,Tesla T4,50,0.9854161533073788,0.915042848559108,0.795303764544651,0.6466962338515492,0.6180745374413368,0.6799910294680654,0.0591418967476912,0.0498544477997281,0.0487927595584795,0.0321613241571065,0.024233206757026,0.0363026682180686,True,True
simclr,54,full_enc1e-03_head1e-02,simclr_seed54\diagnostic\full_enc1e-03_head1e-02\010pct,full,0.001,0.01,0.1,54,1741,1495,700,44,0.0445664610181536,0.8634091249493452,0.8634091249493452,0.21576815629356255,0.8577382790055966,0.21372690749549228,44,f2d853de3e91a4cf01d1e51163c3b21d456a1e88961dab5ce8ee78c92491c416,247.58860310399905,160.63595467099185,83.19284632399467,2723.56494140625,16019.314,nvml_counter,64.6696188118812,541.9085669723963,1804672,72620,Tesla T4,50,0.967218222183326,0.882882964675277,0.7588257068464666,0.6066269812485829,0.5760817574127257,0.624747377617308,0.0983437483278353,0.0798136376751964,0.0775426148848516,0.0498047087945805,0.0326588200188707,0.0567174603510414,True,True
simclr,54,full_enc1e-03_head1e-02,simclr_seed54\diagnostic\full_enc1e-03_head1e-02\025pct,full,0.001,0.01,0.25,54,4355,3736,1750,30,0.0659661156790597,0.8752132738272735,0.8752132738272735,0.22804307439717023,0.862348708346611,0.2245828787204778,44,f2d853de3e91a4cf01d1e51163c3b21d456a1e88961dab5ce8ee78c92491c416,485.6116545799996,398.79214244099967,83.1748844459944,2844.38623046875,31497.337,nvml_counter,64.9537245155855,546.023797427793,1804672,72620,Tesla T4,50,0.9686538251467,0.8678473670791577,0.7901582603453636,0.7131037602022333,0.6754540268584531,0.7026446438872233,0.0789868110315311,0.0667140022859712,0.0647209488226299,0.0508086949329618,0.0454995977494157,0.0542501917567945,True,True
simclr,54,full_enc1e-03_head1e-02,simclr_seed54\diagnostic\full_enc1e-03_head1e-02\100pct,full,0.001,0.01,1.0,54,17441,15031,6850,37,0.03561924495836244,0.9295535119456481,0.9295535119456481,0.33489322823334783,0.9280057963755813,0.3463408956133621,44,f2d853de3e91a4cf01d1e51163c3b21d456a1e88961dab5ce8ee78c92491c416,1654.062676858999,1566.9335040880032,83.08769677600321,3445.25146484375,108001.8,nvml_counter,65.35908330238891,556.532869917512,1804672,72620,Tesla T4,50,0.8876358107044092,0.757830776883515,0.5809870024272203,0.2215138990648826,0.1698419072433488,0.2023885010861359,0.2881191767921396,0.2158294255974404,0.2211872190453278,0.2028943498443857,0.1659134373802075,0.2042131786988046,True,True
simclr,54,full_enc1e-02_head1e-02,simclr_seed54\diagnostic\full_enc1e-02_head1e-02\001pct,full,0.01,0.01,0.01,54,173,158,100,39,0.08967932313680649,0.7459288881995416,0.7459288881995416,0.10524637970170932,0.7423315793708873,0.101238385277819,44,f2d853de3e91a4cf01d1e51163c3b21d456a1e88961dab5ce8ee78c92491c416,104.12747654600025,17.24835732799511,83.23956816999998,2649.5048828125,6694.085,nvml_counter,64.492556640625,501.49703160199124,1804672,72620,Tesla T4,50,0.8218890468423844,0.557740878282207,0.4881725903883214,0.0699307987100471,0.0573666789438441,0.0578547667308013,0.2822038825648625,0.2430279755485583,0.2451325419057769,0.2018316355120893,0.1839494988667373,0.2110397201457581,True,True
simclr,54,full_enc1e-02_head1e-02,simclr_seed54\diagnostic\full_enc1e-02_head1e-02\005pct,full,0.01,0.01,0.05,54,870,742,350,50,0.08458473001207624,0.7631337578595787,0.7631337578595787,0.11562552430403163,0.7764947564487922,0.11226269447196077,44,f2d853de3e91a4cf01d1e51163c3b21d456a1e88961dab5ce8ee78c92491c416,167.23720270900048,80.16824291999728,83.23892917199555,2682.822265625,10788.661,nvml_counter,64.69508292682927,542.6088737333333,1804672,72620,Tesla T4,50,0.5586963149320137,0.3650350707597024,0.3265814287664605,0.0409060988319629,0.0252517274416975,0.0291291012080114,0.5373475175653026,0.4443640637462264,0.4885712579457994,0.3610868233777337,0.1854850666225166,0.3767790347491631,True,True
simclr,54,full_enc1e-02_head1e-02,simclr_seed54\diagnostic\full_enc1e-02_head1e-02\010pct,full,0.01,0.01,0.1,54,1741,1495,700,19,0.08766614539282662,0.7917327833535162,0.7917327833535162,0.13531607220859676,0.784670094771819,0.1301380106703014,44,f2d853de3e91a4cf01d1e51163c3b21d456a1e88961dab5ce8ee78c92491c416,247.1147220490002,160.41780831300275,83.31108146599217,2723.56494140625,15986.209,nvml_counter,64.95243057851239,542.645488773606,1804672,72620,Tesla T4,50,0.4492029259784967,0.3196466726673687,0.2529958717583568,0.0754679812377674,0.1017117614646689,0.0942501971937928,0.2919501569644977,0.2938127226985172,0.3956855032619885,0.3297842192790244,0.158914587423646,0.3219958585632519,True,True
simclr,54,full_enc1e-02_head1e-02,simclr_seed54\diagnostic\full_enc1e-02_head1e-02\025pct,full,0.01,0.01,0.25,54,4355,3736,1750,35,0.07858847209385462,0.8297925468406055,0.8297925468406055,0.15806182154809065,0.8109888575987362,0.15852175461297857,44,f2d853de3e91a4cf01d1e51163c3b21d456a1e88961dab5ce8ee78c92491c416,485.99818170599974,398.45689950700216,83.69888752199222,2844.38623046875,31503.2,nvml_counter,64.88995619208087,546.4831962237698,1804672,72620,Tesla T4,50,0.754979384898969,0.6407285997964378,0.610151754471541,0.2173088951483998,0.1587422940180133,0.167181560818792,0.5181313894441619,0.3703637667887726,0.4468307711507404,0.4908050650779235,0.4448463818859745,0.4707943349012836,True,True
simclr,54,full_enc1e-02_head1e-02,simclr_seed54\diagnostic\full_enc1e-02_head1e-02\100pct,full,0.01,0.01,1.0,54,17441,15031,6850,49,0.04236551966980426,0.9380459296667543,0.9380459296667543,0.3595687109940733,0.9330180397714223,0.3617132183518915,44,f2d853de3e91a4cf01d1e51163c3b21d456a1e88961dab5ce8ee78c92491c416,1642.9823457529983,1556.3094235179906,82.60093385800246,3445.25146484375,107456.952,nvml_counter,65.42751476635516,560.3320180563819,1804672,72620,Tesla T4,50,0.6947061527007403,0.6781446369266603,0.5393965601154518,0.0570430364434036,0.0497833516473701,0.0442130948529371,1.0170795704099342,0.7403218371232541,0.827344994969692,0.9015737851921294,0.7696698587748202,0.8671728426586777,True,True
simclr,71,frozen_head1e-02,simclr_seed71\diagnostic\frozen_head1e-02\001pct,frozen,0.0,0.01,0.01,71,173,151,100,33,0.06693071871995926,0.712212345497688,0.712212345497688,0.12006794045300703,0.7174026703138693,0.1277773660473842,44,f2f0141993ed6664f7ecd5f54266e286658ded378b2b2f9a93358139edf4d9e4,91.30525366600068,1.8006549290021212,85.73561048900228,572.90869140625,5774.383,nvml_counter,63.24994432071269,4803.807692789655,0,72620,Tesla T4,50,1.0,1.0,1.0,1.0,1.0000000000000002,1.0,0.0,0.0,0.0,0.0,0.0,0.0,True,True
simclr,71,frozen_head1e-02,simclr_seed71\diagnostic\frozen_head1e-02\005pct,frozen,0.0,0.01,0.05,71,868,749,350,32,0.06808478491646903,0.792140455745657,0.792140455745657,0.18568016220934985,0.8039568358542938,0.18276315792107647,44,f2f0141993ed6664f7ecd5f54266e286658ded378b2b2f9a93358139edf4d9e4,94.84107105299881,5.38396811700477,85.667445235993,605.78662109375,6027.255,nvml_counter,63.31419271948607,8060.968983624751,0,72620,Tesla T4,50,1.0,1.0,1.0,1.0,1.0000000000000002,1.0,0.0,0.0,0.0,0.0,0.0,0.0,True,True
simclr,71,frozen_head1e-02,simclr_seed71\diagnostic\frozen_head1e-02\010pct,frozen,0.0,0.01,0.1,71,1739,1507,700,29,0.06800346715109688,0.8316519361012159,0.8316519361012159,0.2138503460531157,0.8371304076952369,0.19790130841525008,44,f2f0141993ed6664f7ecd5f54266e286658ded378b2b2f9a93358139edf4d9e4,99.94356875199992,10.514881837993016,85.7434750660068,645.2626953125,6360.497,nvml_counter,63.19256300813008,8269.232250031277,0,72620,Tesla T4,50,1.0,1.0,1.0,1.0,1.0000000000000002,1.0,0.0,0.0,0.0,0.0,0.0,0.0,True,True
simclr,71,frozen_head1e-02,simclr_seed71\diagnostic\frozen_head1e-02\025pct,frozen,0.0,0.01,0.25,71,4360,3767,1750,40,0.06872973442077637,0.8649395057933187,0.8649395057933187,0.23521009757676825,0.864078764612564,0.23764609856556793,44,f2f0141993ed6664f7ecd5f54266e286658ded378b2b2f9a93358139edf4d9e4,115.38155723700038,25.930782315001125,85.52113658200324,765.3388671875,7389.441,nvml_counter,64.23246126760563,8406.99664791392,0,72620,Tesla T4,50,1.0,1.0,1.0,1.0,1.0000000000000002,1.0,0.0,0.0,0.0,0.0,0.0,0.0,True,True
simclr,71,frozen_head1e-02,simclr_seed71\diagnostic\frozen_head1e-02\100pct,frozen,0.0,0.01,1.0,71,17441,15031,6850,39,0.06830207796862525,0.8847891044364844,0.8847891044364844,0.2605934060420315,0.8799570131948957,0.2582708672776785,44,f2f0141993ed6664f7ecd5f54266e286658ded378b2b2f9a93358139edf4d9e4,189.82117678000031,100.6775839050024,85.43918769899756,1366.447265625,12350.016,nvml_counter,64.85010171306209,8661.80897649323,0,72620,Tesla T4,50,1.0,1.0,1.0,1.0,1.0000000000000002,1.0,0.0,0.0,0.0,0.0,0.0,0.0,True,True
simclr,71,partial_enc1e-04_head1e-02,simclr_seed71\diagnostic\partial_enc1e-04_head1e-02\001pct,partial,0.0001,0.01,0.01,71,173,151,100,34,0.06710880994796753,0.6886134985421558,0.6886134985421558,0.13035420697550726,0.693339834958438,0.13306778685214907,44,f2f0141993ed6664f7ecd5f54266e286658ded378b2b2f9a93358139edf4d9e4,91.24694437400012,1.9212411300004533,85.62846641000124,574.77197265625,5785.393,nvml_counter,63.910746102449885,4502.297949449979,162048,72620,Tesla T4,50,1.0,1.0,1.0,1.0,0.9973808305830452,0.997742961602972,0.0,0.0,0.0,0.0,0.0025156853017538,0.0007757137962966,True,True
simclr,71,partial_enc1e-04_head1e-02,simclr_seed71\diagnostic\partial_enc1e-04_head1e-02\005pct,partial,0.0001,0.01,0.05,71,868,749,350,33,0.06760520594460624,0.7893184797794048,0.7893184797794048,0.1885655744578231,0.7993890307913539,0.18305332749112105,44,f2f0141993ed6664f7ecd5f54266e286658ded378b2b2f9a93358139edf4d9e4,95.90697021699998,6.455096143996343,85.6423457959936,607.64990234375,6092.494,nvml_counter,63.752883474576265,6723.370036922658,162048,72620,Tesla T4,50,1.0,1.0,1.0,1.0,0.9982165850320353,0.998487743276474,0.0,0.0,0.0,0.0,0.0034084462044257,0.0010509974132554,True,True
simclr,71,partial_enc1e-04_head1e-02,simclr_seed71\diagnostic\partial_enc1e-04_head1e-02\010pct,partial,0.0001,0.01,0.1,71,1739,1507,700,29,0.06772118806838989,0.8339580969955024,0.8339580969955024,0.21505268667820368,0.8413044025113063,0.20178090979732818,44,f2f0141993ed6664f7ecd5f54266e286658ded378b2b2f9a93358139edf4d9e4,102.22718342799999,12.844923623008071,85.60876436200124,647.1259765625,6515.134,nvml_counter,63.85299203187251,6769.2111336694525,162048,72620,Tesla T4,50,1.0,1.0,1.0,1.0,0.9983422382890998,0.99865204153549,0.0,0.0,0.0,0.0,0.004680378719465,0.0014431989335276,True,True
simclr,71,partial_enc1e-04_head1e-02,simclr_seed71\diagnostic\partial_enc1e-04_head1e-02\025pct,partial,0.0001,0.01,0.25,71,4360,3767,1750,49,0.0686136177607945,0.8696995534146367,0.8696995534146367,0.2354588318114916,0.8599038637952792,0.2404439855212635,44,f2f0141993ed6664f7ecd5f54266e286658ded378b2b2f9a93358139edf4d9e4,121.43448557900047,31.80953785499696,85.61375840700384,767.2021484375,7784.37,nvml_counter,64.05724581939799,6853.290387108041,162048,72620,Tesla T4,50,1.0,1.0,1.0,1.0,0.9982040328296686,0.998484075009085,0.0,0.0,0.0,0.0,0.0117598330758515,0.0036261549696714,True,True
simclr,71,partial_enc1e-04_head1e-02,simclr_seed71\diagnostic\partial_enc1e-04_head1e-02\100pct,partial,0.0001,0.01,1.0,71,17441,15031,6850,47,0.06712522993992714,0.8865205869888456,0.8865205869888456,0.25933206957851535,0.8800375637077082,0.2592179511605344,44,f2f0141993ed6664f7ecd5f54266e286658ded378b2b2f9a93358139edf4d9e4,213.71837501700065,124.26993100600339,85.55084512100439,1368.310546875,13932.557,nvml_counter,65.17724643196955,7017.38540401919,162048,72620,Tesla T4,50,1.0,1.0,1.0,1.0,0.9785791541733618,0.9842681387305676,0.0,0.0,0.0,0.0,0.06883518796065,0.0212253913216112,True,True
simclr,71,partial_enc1e-03_head1e-02,simclr_seed71\diagnostic\partial_enc1e-03_head1e-02\001pct,partial,0.001,0.01,0.01,71,173,151,100,30,0.06725862622261047,0.6936627806825167,0.6936627806825167,0.1160268543334387,0.6960503750239492,0.126878963354099,44,f2f0141993ed6664f7ecd5f54266e286658ded378b2b2f9a93358139edf4d9e4,91.13567410399992,1.9114835809950819,85.59251428199877,574.77197265625,5775.59,nvml_counter,63.36480846325167,4525.280826894143,162048,72620,Tesla T4,50,1.0,1.0,1.0,1.0,0.9945661200242156,0.9960016525987828,0.0,0.0,0.0,0.0,0.024514762810277,0.0075591488774907,True,True
simclr,71,partial_enc1e-03_head1e-02,simclr_seed71\diagnostic\partial_enc1e-03_head1e-02\005pct,partial,0.001,0.01,0.05,71,868,749,350,32,0.06672565000397819,0.7878069934228837,0.7878069934228837,0.1914172009443874,0.799910004875069,0.17928819975699273,44,f2f0141993ed6664f7ecd5f54266e286658ded378b2b2f9a93358139edf4d9e4,95.72577205299967,6.486148949989001,85.59502903699467,607.64990234375,6086.466,nvml_counter,63.760072186836524,6691.181521521117,162048,72620,Tesla T4,50,1.0,1.0,1.0,1.0,0.994068139151305,0.9954259651782934,0.0,0.0,0.0,0.0,0.0328970156985807,0.0101438239976147,True,True
simclr,71,partial_enc1e-03_head1e-02,simclr_seed71\diagnostic\partial_enc1e-03_head1e-02\010pct,partial,0.001,0.01,0.1,71,1739,1507,700,29,0.06608284796987261,0.8299256714609118,0.8299256714609118,0.21309716218264071,0.8435526021728933,0.20012314447714033,44,f2f0141993ed6664f7ecd5f54266e286658ded378b2b2f9a93358139edf4d9e4,102.28301992700108,12.897973430001002,85.67961361900234,647.1259765625,6523.063,nvml_counter,63.53162226640159,6741.3691361584115,162048,72620,Tesla T4,50,1.0,1.0,1.0,1.0,0.988691621694265,0.9919063591258896,0.0,0.0,0.0,0.0,0.0468303249912757,0.0144401722884272,True,True
simclr,71,partial_enc1e-03_head1e-02,simclr_seed71\diagnostic\partial_enc1e-03_head1e-02\025pct,partial,0.001,0.01,0.25,71,4360,3767,1750,42,0.06589652470179967,0.8676834725522119,0.8676834725522119,0.24098910465101542,0.859275547686391,0.24003660827848963,44,f2f0141993ed6664f7ecd5f54266e286658ded378b2b2f9a93358139edf4d9e4,121.42204434400082,31.85743653800273,85.66419776299153,767.2021484375,7789.423,nvml_counter,63.99658458961475,6842.986244042198,162048,72620,Tesla T4,50,1.0,1.0,1.0,1.0,0.9564807372929351,0.9676210440319192,0.0,0.0,0.0,0.0,0.1090962021782533,0.0336399108005453,True,True
simclr,71,partial_enc1e-03_head1e-02,simclr_seed71\diagnostic\partial_enc1e-03_head1e-02\100pct,partial,0.001,0.01,1.0,71,17441,15031,6850,39,0.06146495011601135,0.8954988000418919,0.8954988000418919,0.2738882270129274,0.8910209677575868,0.26740890237363757,44,f2f0141993ed6664f7ecd5f54266e286658ded378b2b2f9a93358139edf4d9e4,212.756142188,123.28182876500614,85.51261740700284,1368.310546875,13861.712,nvml_counter,65.13614517669532,7073.629656015726,162048,72620,Tesla T4,50,1.0,1.0,1.0,1.0,0.8298713177397393,0.8679674699883615,0.0,0.0,0.0,0.0,0.3222640391014041,0.0993704025725991,True,True
simclr,71,partial_enc1e-02_head1e-02,simclr_seed71\diagnostic\partial_enc1e-02_head1e-02\001pct,partial,0.01,0.01,0.01,71,173,151,100,29,0.06726609915494919,0.7087750846338537,0.7087750846338537,0.12236398312054987,0.7162637241682135,0.12163001358153248,44,f2f0141993ed6664f7ecd5f54266e286658ded378b2b2f9a93358139edf4d9e4,91.04378737700063,1.9417309719992772,85.496487342004,574.77197265625,5779.186,nvml_counter,63.60972098214285,4454.788085856015,162048,72620,Tesla T4,50,1.0,1.0,1.0,1.0,0.9036725837621408,0.9332654366408656,0.0,0.0,0.0,0.0,0.219329404277113,0.0676304165360723,True,True
simclr,71,partial_enc1e-02_head1e-02,simclr_seed71\diagnostic\partial_enc1e-02_head1e-02\005pct,partial,0.01,0.01,0.05,71,868,749,350,22,0.05826801061630249,0.7943873133119719,0.7943873133119719,0.18807179319190565,0.7887861497636807,0.1765505194462342,44,f2f0141993ed6664f7ecd5f54266e286658ded378b2b2f9a93358139edf4d9e4,95.64590373700048,6.550732441995933,85.48901796700738,607.64990234375,6086.78,nvml_counter,63.63877070063695,6625.213345879918,162048,72620,Tesla T4,50,1.0,1.0,1.0,1.0,0.9128744821033676,0.9391275295103444,0.0,0.0,0.0,0.0,0.2260649202001356,0.0697073188509294,True,True
simclr,71,partial_enc1e-02_head1e-02,simclr_seed71\diagnostic\partial_enc1e-02_head1e-02\010pct,partial,0.01,0.01,0.1,71,1739,1507,700,31,0.05581642474446978,0.8355337227156909,0.8355337227156909,0.2123099485004665,0.8451473300102802,0.2023585471865335,44,f2f0141993ed6664f7ecd5f54266e286658ded378b2b2f9a93358139edf4d9e4,102.44298613499996,12.81712389300992,85.80549216600957,647.1259765625,6533.528,nvml_counter,63.885662698412695,6783.893229542702,162048,72620,Tesla T4,50,1.0,1.0,1.0,1.0,0.8202775109644265,0.8793112939840142,0.0,0.0,0.0,0.0,0.3721053023029145,0.1147390003313535,True,True
simclr,71,partial_enc1e-02_head1e-02,simclr_seed71\diagnostic\partial_enc1e-02_head1e-02\025pct,partial,0.01,0.01,0.25,71,4360,3767,1750,38,0.061381564821515765,0.8651443708203845,0.8651443708203845,0.23241180896090438,0.8588770366749113,0.23454766054307222,44,f2f0141993ed6664f7ecd5f54266e286658ded378b2b2f9a93358139edf4d9e4,121.18214727899976,31.738685546999477,85.57872422500259,767.2021484375,7779.964,nvml_counter,64.27215771812081,6868.589427787735,162048,72620,Tesla T4,50,1.0,1.0,1.0,1.0,0.7915711667838301,0.8501779062025004,0.0,0.0,0.0,0.0,0.6084573155952501,0.1876183534704526,True,True
simclr,71,partial_enc1e-02_head1e-02,simclr_seed71\diagnostic\partial_enc1e-02_head1e-02\100pct,partial,0.01,0.01,1.0,71,17441,15031,6850,39,0.05731929653752459,0.8980816501953214,0.8980816501953214,0.2698223564571231,0.892011114468356,0.26265071865515693,44,f2f0141993ed6664f7ecd5f54266e286658ded378b2b2f9a93358139edf4d9e4,212.91738931300097,123.57299392600362,85.46775126399734,1368.310546875,13878.599,nvml_counter,65.0489111747851,7056.962628276124,162048,72620,Tesla T4,50,1.0,1.0,1.0,1.0,0.712567799437746,0.788388308479539,0.0,0.0,0.0,0.0,1.5720208238234854,0.4847340167132166,True,True
simclr,71,full_enc1e-04_head1e-02,simclr_seed71\diagnostic\full_enc1e-04_head1e-02\001pct,full,0.0001,0.01,0.01,71,173,151,100,33,0.06915596127510071,0.7224118506019543,0.7224118506019543,0.1244015639804093,0.7149903267638729,0.12871068904469915,44,f2f0141993ed6664f7ecd5f54266e286658ded378b2b2f9a93358139edf4d9e4,108.03463203200045,18.040469346000464,85.9779390289932,2649.5048828125,6860.897,nvml_counter,63.70443018867924,479.4775476236536,1804672,72620,Tesla T4,50,0.991995671016526,0.974805553742558,0.9832215504100664,0.9727117546548366,0.9682688864090768,0.9772635714183124,0.0030820736418744,0.0029227231568714,0.0030933024632958,0.0027873995530947,0.002454543327389,0.0028116725323704,True,True
simclr,71,full_enc1e-04_head1e-02,simclr_seed71\diagnostic\full_enc1e-04_head1e-02\005pct,full,0.0001,0.01,0.05,71,868,749,350,30,0.06437721422740392,0.7906158637877533,0.7906158637877533,0.18572220477476273,0.7925238904102616,0.1806144576095132,44,f2f0141993ed6664f7ecd5f54266e286658ded378b2b2f9a93358139edf4d9e4,173.56037355700028,83.73709666999275,86.00879454700771,2682.72998046875,11098.342,nvml_counter,64.22513160987074,518.288807779413,1804672,72620,Tesla T4,50,0.9914169260813418,0.9736107442858128,0.9765908693982636,0.9745861167458216,0.9753589053950196,0.979145866026278,0.0086360684484084,0.006979294483467,0.006720739195651,0.0043883241229496,0.0030376047273465,0.0049849997208121,True,True
simclr,71,full_enc1e-04_head1e-02,simclr_seed71\diagnostic\full_enc1e-04_head1e-02\010pct,full,0.0001,0.01,0.1,71,1739,1507,700,50,0.06262175525937762,0.8570933080598991,0.8570933080598991,0.21358316319849194,0.846638139545092,0.20959910068454227,44,f2f0141993ed6664f7ecd5f54266e286658ded378b2b2f9a93358139edf4d9e4,258.14239375800025,167.5237877400068,86.33632832099102,2723.47314453125,16550.048,nvml_counter,64.28600553797469,519.0307667526266,1804672,72620,Tesla T4,50,0.9910277014410556,0.9608353902880632,0.9389171064345097,0.9341239653471988,0.9392874236302782,0.9513934353009116,0.0180864880086869,0.0147132848857804,0.0131644929944637,0.0078810912141558,0.0049807932047398,0.0094782426654441,True,True
simclr,71,full_enc1e-04_head1e-02,simclr_seed71\diagnostic\full_enc1e-04_head1e-02\025pct,full,0.0001,0.01,0.25,71,4360,3767,1750,49,0.06145276342119489,0.8863724138210347,0.8863724138210347,0.2633922669719012,0.8830253597728889,0.2534868721037869,44,f2f0141993ed6664f7ecd5f54266e286658ded378b2b2f9a93358139edf4d9e4,505.7956138310001,415.6791577260028,86.00710179799535,2844.38671875,32537.668,nvml_counter,64.63803195792882,524.442941023509,1804672,72620,Tesla T4,50,0.9832878715466546,0.9442416496726642,0.8915594229492618,0.8804698808504333,0.8880237695823815,0.9044676600388712,0.0321623429575463,0.0237823477548318,0.0216082580051446,0.0137306702120333,0.0083894196260538,0.0160107704879761,True,True
simclr,71,full_enc1e-04_head1e-02,simclr_seed71\diagnostic\full_enc1e-04_head1e-02\100pct,full,0.0001,0.01,1.0,71,17441,15031,6850,45,0.04972588058805814,0.9274877427817843,0.9274877427817843,0.3285514596001655,0.9251969707667573,0.3206587028912931,44,f2f0141993ed6664f7ecd5f54266e286658ded378b2b2f9a93358139edf4d9e4,1752.709227465999,1662.1454511130014,86.10303986900908,3445.25146484375,113031.177,nvml_counter,64.9052832943925,524.6532422394564,1804672,72620,Tesla T4,50,0.967087909429587,0.8818236119153906,0.7257472258398794,0.6650498082010818,0.6517697833840692,0.6700304788962244,0.0853146774165717,0.0583811927865888,0.0572628407675697,0.0440657300665005,0.0321323018251336,0.0470235204995678,True,True
simclr,71,full_enc1e-03_head1e-02,simclr_seed71\diagnostic\full_enc1e-03_head1e-02\001pct,full,0.001,0.01,0.01,71,173,151,100,45,0.06643646210432053,0.7272136802343254,0.7272136802343254,0.13168068555609502,0.6917302479767167,0.12623245149639703,44,f2f0141993ed6664f7ecd5f54266e286658ded378b2b2f9a93358139edf4d9e4,107.93344616700051,17.98531171999457,85.85231022599328,2649.5048828125,6856.062,nvml_counter,63.52163276836157,480.94801661867507,1804672,72620,Tesla T4,50,0.9839355435211092,0.937033358123575,0.8575185220828362,0.6732084079916318,0.6602791004440471,0.6735451916323235,0.0293477349930658,0.0265108451624416,0.0276632586714178,0.025371735855235,0.0234086939897256,0.0256258869630376,True,True
simclr,71,full_enc1e-03_head1e-02,simclr_seed71\diagnostic\full_enc1e-03_head1e-02\005pct,full,0.001,0.01,0.05,71,868,749,350,33,0.048341018812997,0.8115826837506895,0.8115826837506895,0.19083717024030553,0.8011582605204548,0.19650974773995966,44,f2f0141993ed6664f7ecd5f54266e286658ded378b2b2f9a93358139edf4d9e4,173.61368728100024,83.8802310760093,86.04218855600266,2682.72998046875,11101.372,nvml_counter,64.01082726204466,517.4043924685002,1804672,72620,Tesla T4,50,0.973964465449766,0.881227106648708,0.8011739569664339,0.7925828501044043,0.785982561109787,0.7984864243977157,0.0561575976340688,0.0449537257721628,0.0439414331370049,0.0321515080904353,0.0249008369396362,0.0349226432031606,True,True
simclr,71,full_enc1e-03_head1e-02,simclr_seed71\diagnostic\full_enc1e-03_head1e-02\010pct,full,0.001,0.01,0.1,71,1739,1507,700,33,0.046440414019993374,0.8647734364539512,0.8647734364539512,0.2083523123522612,0.8642003298649228,0.21900879912435672,44,f2f0141993ed6664f7ecd5f54266e286658ded378b2b2f9a93358139edf4d9e4,257.4907804409995,167.37635407299604,86.2751823969993,2723.47314453125,16514.487,nvml_counter,64.36732751784298,519.4879556408514,1804672,72620,Tesla T4,50,0.9410895386768008,0.8380746722547338,0.6832026789587005,0.493051965115073,0.4753665535178765,0.5140299412633625,0.0927506848092344,0.075355687292308,0.074952084312716,0.0490733014718082,0.0316060828958609,0.0551311341352357,True,True
simclr,71,full_enc1e-03_head1e-02,simclr_seed71\diagnostic\full_enc1e-03_head1e-02\025pct,full,0.001,0.01,0.25,71,4360,3767,1750,37,0.05026184150150844,0.8841944747918146,0.8841944747918146,0.25973740428799325,0.8923389726974588,0.2542886791340945,44,f2f0141993ed6664f7ecd5f54266e286658ded378b2b2f9a93358139edf4d9e4,505.3642657069995,415.6135124919929,86.03655624400199,2844.38671875,32515.292,nvml_counter,64.68496843383245,524.5257756247757,1804672,72620,Tesla T4,50,0.9036156073425684,0.8385064725632649,0.8013140264014124,0.5615093073335338,0.5284439435802839,0.557924180809515,0.1469735144553515,0.1154645853009755,0.122386752427149,0.0813320723986261,0.0558877414995934,0.0898770587609899,True,True
simclr,71,full_enc1e-03_head1e-02,simclr_seed71\diagnostic\full_enc1e-03_head1e-02\100pct,full,0.001,0.01,1.0,71,17441,15031,6850,37,0.03529197804249116,0.9341975461067412,0.9341975461067412,0.3478583432187135,0.9231398669249796,0.36165664799791225,44,f2f0141993ed6664f7ecd5f54266e286658ded378b2b2f9a93358139edf4d9e4,1751.4726109790008,1661.3944871120002,86.0449268820048,3445.25146484375,112959.949,nvml_counter,64.91604700105228,524.8903898290184,1804672,72620,Tesla T4,50,0.875209403046869,0.7500364422474147,0.6234787770602295,0.4500006781817009,0.3772186352097624,0.4188960799649835,0.2838385380810637,0.2182337922865176,0.2317751242429529,0.203346169922815,0.1670415109572503,0.2061712912605428,True,True
simclr,71,full_enc1e-02_head1e-02,simclr_seed71\diagnostic\full_enc1e-02_head1e-02\001pct,full,0.01,0.01,0.01,71,173,151,100,45,0.10668624937534332,0.6508671767649548,0.6508671767649548,0.05899251709724438,0.6225276615400208,0.06174805538949526,44,f2f0141993ed6664f7ecd5f54266e286658ded378b2b2f9a93358139edf4d9e4,107.27269041600084,17.923317719003535,85.78188672800752,2649.5048828125,6820.123,nvml_counter,63.86991461100569,482.61154188148294,1804672,72620,Tesla T4,50,0.6918528073367682,0.3639586004989553,0.1312743062605222,0.0266513726113128,0.0182975221275843,0.0197870814732372,0.4070158677902754,0.3770923377346196,0.4066075549700287,0.3037360029717084,0.1793369302576866,0.3174362335657674,True,True
simclr,71,full_enc1e-02_head1e-02,simclr_seed71\diagnostic\full_enc1e-02_head1e-02\005pct,full,0.01,0.01,0.05,71,868,749,350,29,0.07472806317465645,0.7952834769698559,0.7952834769698559,0.13545659185376296,0.7792883939955015,0.12960995581635898,44,f2f0141993ed6664f7ecd5f54266e286658ded378b2b2f9a93358139edf4d9e4,173.31745213700015,83.67035463199863,85.92717603099663,2682.72998046875,11087.13,nvml_counter,64.46082705882353,518.7022355873013,1804672,72620,Tesla T4,50,0.5230481952891525,0.2648384927477765,0.162938819554056,0.0052510777676853,0.0043967146486532,0.0040591502520905,0.3289326055217373,0.2959697919255388,0.3205081181856978,0.2113925972731678,0.146616909134682,0.2327378515241418,True,True
simclr,71,full_enc1e-02_head1e-02,simclr_seed71\diagnostic\full_enc1e-02_head1e-02\010pct,full,0.01,0.01,0.1,71,1739,1507,700,44,0.0780728885105678,0.8304557355983953,0.8304557355983953,0.16326578589001162,0.8184232232406914,0.16335166658275155,44,f2f0141993ed6664f7ecd5f54266e286658ded378b2b2f9a93358139edf4d9e4,257.20134787999996,167.31040478900104,86.17224367100789,2723.47314453125,16487.957,nvml_counter,64.00118030182685,519.6927238903918,1804672,72620,Tesla T4,50,0.6750307903076641,0.5931648019087526,0.2981822666556006,0.0028882173263756,0.002755402710311,0.0025561648117756,0.6194420275328387,0.4578865775761283,0.3746714262264374,0.3205378609876145,0.1918086620663963,0.3384908179166743,True,True
simclr,71,full_enc1e-02_head1e-02,simclr_seed71\diagnostic\full_enc1e-02_head1e-02\025pct,full,0.01,0.01,0.25,71,4360,3767,1750,46,0.06904305049351284,0.8547216154976373,0.8547216154976373,0.207616951458962,0.8521474901889244,0.19512062282188464,44,f2f0141993ed6664f7ecd5f54266e286658ded378b2b2f9a93358139edf4d9e4,505.6347874969997,415.57716167700164,85.9687319019904,2844.38671875,32523.665,nvml_counter,64.66108984216916,524.5716562486073,1804672,72620,Tesla T4,50,0.7255882398150155,0.7163757165560987,0.6655225623078244,0.1660962377872786,0.080467225417487,0.0966631207952124,0.5680926671423688,0.4126022097590454,0.4940165854751864,0.528684830083616,0.2842374535518879,0.4955768306342067,True,True
simclr,71,full_enc1e-02_head1e-02,simclr_seed71\diagnostic\full_enc1e-02_head1e-02\100pct,full,0.01,0.01,1.0,71,17441,15031,6850,39,0.04121661012190102,0.9353562905073395,0.9353562905073395,0.3268050510061982,0.9257068475039543,0.3388656547052686,44,f2f0141993ed6664f7ecd5f54266e286658ded378b2b2f9a93358139edf4d9e4,1751.176176975001,1660.9085671299981,86.07447449298343,3445.25146484375,112922.114,nvml_counter,64.87502046065708,525.0439532062123,1804672,72620,Tesla T4,50,0.6526183432365852,0.6605835200501066,0.5264927397300303,0.3637370702402746,0.3414310702487388,0.3826525933211092,0.8571437317585846,0.5393126716657499,0.5037740849802257,0.6842509290619152,0.7391398745586081,0.6597447101890714,True,True
byol,22,frozen_head1e-02,byol_seed22\diagnostic\frozen_head1e-02\001pct,frozen,0.0,0.01,0.01,22,173,144,100,40,0.07928958535194397,0.7679178207180395,0.7679178207180395,0.121406961310895,0.777005846689249,0.12476379783891108,44,73952f3b534fa42719de7e0f04325525b19cbf8a681e4ae2675c4b3093b2a9f6,87.41861703700033,1.7305658119958025,81.69835716400485,572.90869140625,5609.229,nvml_counter,64.36232093023257,4998.365239877385,0,72620,Tesla T4,50,1.0,1.0,1.0,1.0,1.0,1.0,0.0,0.0,0.0,0.0,0.0,0.0,True,True
byol,22,frozen_head1e-02,byol_seed22\diagnostic\frozen_head1e-02\005pct,frozen,0.0,0.01,0.05,22,869,761,350,31,0.07307520934513637,0.8165929145145374,0.8165929145145374,0.168329400317056,0.8049494636997473,0.17270909645535737,44,73952f3b534fa42719de7e0f04325525b19cbf8a681e4ae2675c4b3093b2a9f6,90.40226859299946,5.153421941002307,81.44922839999526,605.83251953125,5832.582,nvml_counter,64.77287415730336,8431.290994105804,0,72620,Tesla T4,50,1.0,1.0,1.0,1.0,1.0,1.0,0.0,0.0,0.0,0.0,0.0,0.0,True,True
byol,22,frozen_head1e-02,byol_seed22\diagnostic\frozen_head1e-02\010pct,frozen,0.0,0.01,0.1,22,1742,1516,700,26,0.07162848540714808,0.8422028435485026,0.8422028435485026,0.18845773186830153,0.8174128529106482,0.1914651400331895,44,73952f3b534fa42719de7e0f04325525b19cbf8a681e4ae2675c4b3093b2a9f6,95.98500185400007,10.596598482004993,81.6449188149927,645.435546875,6203.562,nvml_counter,65.05802754237288,8219.618790681943,0,72620,Tesla T4,50,1.0,1.0,1.0,1.0,1.0,1.0,0.0,0.0,0.0,0.0,0.0,0.0,True,True
byol,22,frozen_head1e-02,byol_seed22\diagnostic\frozen_head1e-02\025pct,frozen,0.0,0.01,0.25,22,4348,3768,1700,43,0.0698236156912411,0.8586520954378529,0.8586520954378529,0.2178077279293553,0.8444649497794877,0.23820271755496644,44,73952f3b534fa42719de7e0f04325525b19cbf8a681e4ae2675c4b3093b2a9f6,110.35325292800007,24.933414618000825,81.61049838699364,766.68408203125,7185.746,nvml_counter,65.25046040515653,8719.222911532013,0,72620,Tesla T4,50,1.0,1.0,1.0,1.0,1.0,1.0,0.0,0.0,0.0,0.0,0.0,0.0,True,True
byol,22,frozen_head1e-02,byol_seed22\diagnostic\frozen_head1e-02\100pct,frozen,0.0,0.01,1.0,22,17441,15031,6850,41,0.06946990437751269,0.8890331393339597,0.8890331393339597,0.24535470383070582,0.8806984197588315,0.24931880036418655,44,73952f3b534fa42719de7e0f04325525b19cbf8a681e4ae2675c4b3093b2a9f6,182.86663880800006,97.89225185600117,81.23229689301115,1366.447265625,12101.579,nvml_counter,66.16233222222222,8908.263764151423,0,72620,Tesla T4,50,1.0,1.0,1.0,1.0,1.0,1.0,0.0,0.0,0.0,0.0,0.0,0.0,True,True
byol,22,partial_enc1e-04_head1e-02,byol_seed22\diagnostic\partial_enc1e-04_head1e-02\001pct,partial,0.0001,0.01,0.01,22,173,144,100,50,0.07756823301315308,0.7713494954622739,0.7713494954622739,0.12113551168972568,0.7689749921902418,0.12449859636957435,44,73952f3b534fa42719de7e0f04325525b19cbf8a681e4ae2675c4b3093b2a9f6,87.78856607800026,1.9527220639993175,81.56886217799638,574.77197265625,5626.888,nvml_counter,64.4834236111111,4429.713864288586,162048,72620,Tesla T4,50,1.0,1.0,1.0,1.0,0.9997746116806924,0.999579150611452,0.0,0.0,0.0,0.0,0.0029583151798568,0.00089398026473,True,True
byol,22,partial_enc1e-04_head1e-02,byol_seed22\diagnostic\partial_enc1e-04_head1e-02\005pct,partial,0.0001,0.01,0.05,22,869,761,350,32,0.07347162280763898,0.8204258832856897,0.8204258832856897,0.15944343644274647,0.8127852525424792,0.1681193616870114,44,73952f3b534fa42719de7e0f04325525b19cbf8a681e4ae2675c4b3093b2a9f6,91.29334455400021,6.288206695004192,81.3453347149989,607.69580078125,5895.733,nvml_counter,64.4738017817372,6909.760144258591,162048,72620,Tesla T4,50,1.0,1.0,1.0,1.0,0.9996851387601275,0.9994334241805856,0.0,0.0,0.0,0.0,0.0031497643323763,0.0009518347371733,True,True
byol,22,partial_enc1e-04_head1e-02,byol_seed22\diagnostic\partial_enc1e-04_head1e-02\010pct,partial,0.0001,0.01,0.1,22,1742,1516,700,42,0.07088183505194527,0.8379744426777247,0.8379744426777247,0.19601341371195444,0.8231948803079788,0.19499567760724582,44,73952f3b534fa42719de7e0f04325525b19cbf8a681e4ae2675c4b3093b2a9f6,97.54052031199899,12.500500057991303,81.28381658100079,647.298828125,6314.127,nvml_counter,65.40863541666666,6967.721258824268,162048,72620,Tesla T4,50,1.0,1.0,1.0,1.0,0.99957840792406,0.9992569356167624,0.0,0.0,0.0,0.0,0.0067113162284499,0.0020281085326706,True,True
byol,22,partial_enc1e-04_head1e-02,byol_seed22\diagnostic\partial_enc1e-04_head1e-02\025pct,partial,0.0001,0.01,0.25,22,4348,3768,1700,17,0.06918614050921272,0.8580418516594336,0.8580418516594336,0.20559250453741004,0.845549615758694,0.20382655620964396,44,73952f3b534fa42719de7e0f04325525b19cbf8a681e4ae2675c4b3093b2a9f6,115.07026093599961,30.09724220100543,81.46628372599662,768.54736328125,7508.646,nvml_counter,65.32669257950529,7223.253165459045,162048,72620,Tesla T4,50,1.0,1.0,1.0,1.0,0.9996197733228582,0.999323299036779,0.0,0.0,0.0,0.0,0.0046844463524674,0.0014156039284817,True,True
byol,22,partial_enc1e-04_head1e-02,byol_seed22\diagnostic\partial_enc1e-04_head1e-02\100pct,partial,0.0001,0.01,1.0,22,17441,15031,6850,38,0.06883606597454879,0.8937095739322785,0.8937095739322785,0.24327565808854976,0.8843111249962291,0.25137134010136786,44,73952f3b534fa42719de7e0f04325525b19cbf8a681e4ae2675c4b3093b2a9f6,206.68261141399853,121.32594923999568,81.47185951599386,1368.310546875,13691.083,nvml_counter,66.50530216535434,7187.662700870298,162048,72620,Tesla T4,50,1.0,1.0,1.0,1.0,0.9996004708223186,0.999251994382864,0.0,0.0,0.0,0.0,0.0564947099772881,0.0170722700965849,True,True
byol,22,partial_enc1e-03_head1e-02,byol_seed22\diagnostic\partial_enc1e-03_head1e-02\001pct,partial,0.001,0.01,0.01,22,173,144,100,50,0.07763615995645523,0.776159572606802,0.776159572606802,0.12422402955501606,0.7722977346589514,0.12826020273831,44,73952f3b534fa42719de7e0f04325525b19cbf8a681e4ae2675c4b3093b2a9f6,87.84620167000048,1.944497702001172,81.60397360099796,574.77197265625,5626.638,nvml_counter,64.71382175925926,4448.44958731393,162048,72620,Tesla T4,50,1.0,1.0,1.0,1.0,0.9998775334702784,0.9997227980062264,0.0,0.0,0.0,0.0,0.0285444154844003,0.0086259044624662,True,True
byol,22,partial_enc1e-03_head1e-02,byol_seed22\diagnostic\partial_enc1e-03_head1e-02\005pct,partial,0.001,0.01,0.05,22,869,761,350,32,0.07255452019827706,0.8225214037838142,0.8225214037838142,0.16355193123381817,0.8166105417976904,0.16955384498333081,44,73952f3b534fa42719de7e0f04325525b19cbf8a681e4ae2675c4b3093b2a9f6,92.05066384699967,6.38502106100168,81.6402055540002,607.69580078125,5933.768,nvml_counter,64.82234878587197,6804.98929993875,162048,72620,Tesla T4,50,1.0,1.0,1.0,1.0,0.9997874168427772,0.9995876844627876,0.0,0.0,0.0,0.0,0.0291988715832618,0.0088236760996798,True,True
byol,22,partial_enc1e-03_head1e-02,byol_seed22\diagnostic\partial_enc1e-03_head1e-02\010pct,partial,0.001,0.01,0.1,22,1742,1516,700,37,0.07070600986480713,0.8386095932574079,0.8386095932574079,0.1960703872334694,0.8244041946391995,0.19105350411218483,44,73952f3b534fa42719de7e0f04325525b19cbf8a681e4ae2675c4b3093b2a9f6,97.78192352600126,12.533825125996373,81.36243017400375,647.298828125,6327.297,nvml_counter,64.86051975051976,6949.195407182292,162048,72620,Tesla T4,50,1.0,1.0,1.0,1.0,0.9996180187675854,0.9992338958803652,0.0,0.0,0.0,0.0,0.0681702679765772,0.0206005345973202,True,True
byol,22,partial_enc1e-03_head1e-02,byol_seed22\diagnostic\partial_enc1e-03_head1e-02\025pct,partial,0.001,0.01,0.25,22,4348,3768,1700,21,0.06695724936092601,0.8574943804153032,0.8574943804153032,0.20719247730478327,0.8452705208779236,0.21147971735495028,44,73952f3b534fa42719de7e0f04325525b19cbf8a681e4ae2675c4b3093b2a9f6,115.61098956099886,30.449345800003357,81.55504890000338,768.54736328125,7537.982,nvml_counter,65.77079964850616,7139.726463350685,162048,72620,Tesla T4,50,1.0,1.0,1.0,1.0,0.9996897492850684,0.9994366500493528,0.0,0.0,0.0,0.0,0.0690350634075883,0.0208618691750612,True,True
byol,22,partial_enc1e-03_head1e-02,byol_seed22\diagnostic\partial_enc1e-03_head1e-02\100pct,partial,0.001,0.01,1.0,22,17441,15031,6850,48,0.06366729736328125,0.8979867961910091,0.8979867961910091,0.27820492311438977,0.901004051822317,0.2650099668263027,44,73952f3b534fa42719de7e0f04325525b19cbf8a681e4ae2675c4b3093b2a9f6,207.7576460750006,122.35570008199647,81.42627246899792,1368.310546875,13763.862,nvml_counter,66.25081409001956,7127.171021992413,162048,72620,Tesla T4,50,1.0,1.0,1.0,1.0,0.9984005047641632,0.997779878227192,0.0,0.0,0.0,0.0,0.3566992570297493,0.1077917925715734,True,True
byol,22,partial_enc1e-02_head1e-02,byol_seed22\diagnostic\partial_enc1e-02_head1e-02\001pct,partial,0.01,0.01,0.01,22,173,144,100,40,0.07627783715724945,0.7692079471582075,0.7692079471582075,0.12555908390922388,0.7581106545950259,0.13435896142644,44,73952f3b534fa42719de7e0f04325525b19cbf8a681e4ae2675c4b3093b2a9f6,87.49685664899971,1.8986781359990346,81.49102389699783,574.77197265625,5617.298,nvml_counter,64.47347209302326,4555.801131321606,162048,72620,Tesla T4,50,1.0,1.0,1.0,1.0,0.9986522468999108,0.9987211187488622,0.0,0.0,0.0,0.0,0.2319632821136111,0.0700975331376324,True,True
byol,22,partial_enc1e-02_head1e-02,byol_seed22\diagnostic\partial_enc1e-02_head1e-02\005pct,partial,0.01,0.01,0.05,22,869,761,350,32,0.06718983820506505,0.8270074903908903,0.8270074903908903,0.1653478509106208,0.8097799985123864,0.1673353937621796,44,73952f3b534fa42719de7e0f04325525b19cbf8a681e4ae2675c4b3093b2a9f6,91.66762948900032,6.399016200997721,81.4925463149957,607.69580078125,5920.302,nvml_counter,65.16211086474502,6790.106265588977,162048,72620,Tesla T4,50,1.0,1.0,1.0,1.0,0.9989612725396284,0.9985714901145176,0.0,0.0,0.0,0.0,0.2570844912435729,0.0776889707712077,True,True
byol,22,partial_enc1e-02_head1e-02,byol_seed22\diagnostic\partial_enc1e-02_head1e-02\010pct,partial,0.01,0.01,0.1,22,1742,1516,700,38,0.0667117280619485,0.8407563462360546,0.8407563462360546,0.18788355132956341,0.823115976674745,0.19149522916525588,44,73952f3b534fa42719de7e0f04325525b19cbf8a681e4ae2675c4b3093b2a9f6,98.12361646400132,12.65385228499872,81.56154584400247,647.298828125,6338.259,nvml_counter,65.20766252587991,6883.279339625135,162048,72620,Tesla T4,50,1.0,1.0,1.0,1.0,0.998040434541284,0.9982066972560952,0.0,0.0,0.0,0.0,0.4801641356004648,0.1451019363929807,True,True
byol,22,partial_enc1e-02_head1e-02,byol_seed22\diagnostic\partial_enc1e-02_head1e-02\025pct,partial,0.01,0.01,0.25,22,4348,3768,1700,21,0.06332250903634463,0.8587341799219388,0.8587341799219388,0.20406348111171344,0.8549068572958284,0.21569310081139276,44,73952f3b534fa42719de7e0f04325525b19cbf8a681e4ae2675c4b3093b2a9f6,115.2882869290006,30.292655169989303,81.48422331700021,768.54736328125,7524.82,nvml_counter,65.61225220458553,7176.657139496193,162048,72620,Tesla T4,50,1.0,1.0,1.0,1.0,0.997738700037052,0.998081850355546,0.0,0.0,0.0,0.0,0.54668831892616,0.1652050367743717,True,True
byol,22,partial_enc1e-02_head1e-02,byol_seed22\diagnostic\partial_enc1e-02_head1e-02\100pct,partial,0.01,0.01,1.0,22,17441,15031,6850,37,0.06193392816251212,0.89803698137864,0.89803698137864,0.26753464405178995,0.8923159670604732,0.2622061075808631,44,73952f3b534fa42719de7e0f04325525b19cbf8a681e4ae2675c4b3093b2a9f6,211.76339479300077,126.3811898369986,81.5570411430017,1368.310546875,14042.886,nvml_counter,66.67501343570058,6900.15659074531,162048,72620,Tesla T4,50,1.0,1.0,1.0,1.0,0.9959054027873728,0.9956619363013685,0.0,0.0,0.0,0.0,1.6459762324761948,0.4974014527145947,True,True
byol,22,full_enc1e-04_head1e-02,byol_seed22\diagnostic\full_enc1e-04_head1e-02\001pct,full,0.0001,0.01,0.01,22,173,144,100,47,0.07200823724269867,0.7518178325772766,0.7518178325772766,0.12806125346065628,0.7528383762084708,0.1345054683552465,44,73952f3b534fa42719de7e0f04325525b19cbf8a681e4ae2675c4b3093b2a9f6,102.64051069400011,16.855893565998485,81.74464874099704,2649.5048828125,6616.614,nvml_counter,64.81442063492064,513.1736247699547,1804672,72620,Tesla T4,50,0.9950803601070436,0.988801176760487,0.9774310207323416,0.6861101087802578,0.6826343116435348,0.6910759844145594,0.0041274232495542,0.0034176981913453,0.0030966293923502,0.002467788351314,0.0022193960172937,0.0026622016253724,True,True
byol,22,full_enc1e-04_head1e-02,byol_seed22\diagnostic\full_enc1e-04_head1e-02\005pct,full,0.0001,0.01,0.05,22,869,761,350,38,0.06930040461676461,0.8255901287440853,0.8255901287440853,0.1707509243124764,0.8169149129872182,0.17519854188836018,44,73952f3b534fa42719de7e0f04325525b19cbf8a681e4ae2675c4b3093b2a9f6,164.01157508399956,77.89261252998949,82.2303726769951,2682.77587890625,10650.81,nvml_counter,65.19489925373134,557.8192666637196,1804672,72620,Tesla T4,50,0.9957308196856548,0.9892095049369444,0.9705111143488568,0.1572393418966872,0.1501111706802512,0.1615768572856157,0.0057305578820831,0.0055910219713724,0.0060201352858886,0.0043742140477335,0.0027765205204901,0.0046352272459886,True,True
byol,22,full_enc1e-04_head1e-02,byol_seed22\diagnostic\full_enc1e-04_head1e-02\010pct,full,0.0001,0.01,0.1,22,1742,1516,700,37,0.06646694881575448,0.848589173264894,0.848589173264894,0.20733755864316594,0.8288104267355888,0.19196479838392044,44,73952f3b534fa42719de7e0f04325525b19cbf8a681e4ae2675c4b3093b2a9f6,241.64123382099933,155.65904265699828,82.09792185299557,2723.61083984375,15768.484,nvml_counter,65.334303465765,559.5563130368776,1804672,72620,Tesla T4,50,0.99326438186113,0.9766311199833764,0.95514531525222,0.3425438652943803,0.3091250057417284,0.3365763112146049,0.008982063622732,0.0081992723813034,0.0080122434552607,0.0064753344094459,0.0043033189114811,0.0067396698124005,True,True
byol,22,full_enc1e-04_head1e-02,byol_seed22\diagnostic\full_enc1e-04_head1e-02\025pct,full,0.0001,0.01,0.25,22,4348,3768,1700,50,0.06213403449339025,0.8809224855632077,0.8809224855632077,0.24534621845625962,0.8691258903420618,0.24018321562153427,44,73952f3b534fa42719de7e0f04325525b19cbf8a681e4ae2675c4b3093b2a9f6,472.35029700499945,385.7809057069953,82.37257167800817,2844.38427734375,30915.615,nvml_counter,65.5575658008658,563.5322971767753,1804672,72620,Tesla T4,50,0.991775524663264,0.9650606983797398,0.9209970980899008,0.4476120354094363,0.4135002184768888,0.4070565235419215,0.0185927195111919,0.0165875847565295,0.017033567111758,0.0148322844839459,0.0094109279401304,0.0149390208377236,True,True
byol,22,full_enc1e-04_head1e-02,byol_seed22\diagnostic\full_enc1e-04_head1e-02\100pct,full,0.0001,0.01,1.0,22,17441,15031,6850,47,0.05199882061812129,0.9260099935586638,0.9260099935586638,0.31466821785451904,0.9253660112631727,0.3194821287409834,44,73952f3b534fa42719de7e0f04325525b19cbf8a681e4ae2675c4b3093b2a9f6,1633.6309512550015,1547.1843612109988,82.14129138999851,3445.25146484375,107220.369,nvml_counter,65.72187346529691,563.6367726192867,1804672,72620,Tesla T4,50,0.9750098627331372,0.929616295858714,0.8271493422080374,0.1868642300352016,0.1571614021400558,0.170878461589433,0.0653001115865083,0.0497418298492883,0.0511948594554914,0.0469054133851881,0.0393317812890498,0.0473124559683007,True,True
byol,22,full_enc1e-03_head1e-02,byol_seed22\diagnostic\full_enc1e-03_head1e-02\001pct,full,0.001,0.01,0.01,22,173,144,100,47,0.06982176005840302,0.7686447776625513,0.7686447776625513,0.12540445579882806,0.762216903968249,0.1217424156643604,44,73952f3b534fa42719de7e0f04325525b19cbf8a681e4ae2675c4b3093b2a9f6,103.06932219600003,16.753696807995766,81.9062032519987,2649.5048828125,6642.452,nvml_counter,64.93505533596837,516.3039596056051,1804672,72620,Tesla T4,50,0.988384770730878,0.950342407078726,0.852813912932492,0.355193382990913,0.3406880343641296,0.3592013511625444,0.0400262379317328,0.0360829126518499,0.037666349566641,0.028709256921361,0.0212175865055463,0.0302816517366974,True,True
byol,22,full_enc1e-03_head1e-02,byol_seed22\diagnostic\full_enc1e-03_head1e-02\005pct,full,0.001,0.01,0.05,22,869,761,350,43,0.05978760974747794,0.8342819278420645,0.8342819278420645,0.18153060981933541,0.8073943368910634,0.1827059321429701,44,73952f3b534fa42719de7e0f04325525b19cbf8a681e4ae2675c4b3093b2a9f6,164.37993134599856,77.91641800899743,82.37879816500572,2682.77587890625,10666.012,nvml_counter,64.87990570719603,557.648838464091,1804672,72620,Tesla T4,50,0.988507467053942,0.9454164737661298,0.8789176056514438,0.0818481136526925,0.0789260804065277,0.082206383353942,0.0377511669260305,0.033643095176462,0.0348673527560325,0.0305400541675557,0.0232197470214178,0.0309094043724714,True,True
byol,22,full_enc1e-03_head1e-02,byol_seed22\diagnostic\full_enc1e-03_head1e-02\010pct,full,0.001,0.01,0.1,22,1742,1516,700,43,0.05264484030859811,0.8564808609541233,0.8564808609541233,0.2058812519068294,0.8483006105069312,0.2056923089656168,44,73952f3b534fa42719de7e0f04325525b19cbf8a681e4ae2675c4b3093b2a9f6,241.86230057099965,155.80732145299226,82.24768177300393,2723.61083984375,15767.01,nvml_counter,65.30928691983122,559.0237941820882,1804672,72620,Tesla T4,50,0.9813232324765472,0.9423626530933902,0.8796969374610103,0.2960953604303674,0.2538093431310863,0.2640604214616191,0.0475742861777041,0.0440281985423881,0.047741231782812,0.0483465176181849,0.0362422555591259,0.0468427981481426,True,True
byol,22,full_enc1e-03_head1e-02,byol_seed22\diagnostic\full_enc1e-03_head1e-02\025pct,full,0.001,0.01,0.25,22,4348,3768,1700,37,0.0408814409199883,0.8865054838523424,0.8865054838523424,0.25931297668305303,0.8856815209235213,0.2580039101377057,44,73952f3b534fa42719de7e0f04325525b19cbf8a681e4ae2675c4b3093b2a9f6,471.89483625399953,385.5717478280021,82.47944245799954,2844.38427734375,30893.425,nvml_counter,65.46326603119584,563.837991825529,1804672,72620,Tesla T4,50,0.9722689249427272,0.9301547027069484,0.7658270761764622,0.1072727416350585,0.0788635946009211,0.0914560857000438,0.0830061032530836,0.0827891385599989,0.0966086669606173,0.0944895051635817,0.0802503815226496,0.0922409374081904,True,True
byol,22,full_enc1e-03_head1e-02,byol_seed22\diagnostic\full_enc1e-03_head1e-02\100pct,full,0.001,0.01,1.0,22,17441,15031,6850,38,0.035242411341980424,0.9336650269014369,0.9336650269014369,0.3282151602652697,0.9293862866106899,0.33981907421290014,44,73952f3b534fa42719de7e0f04325525b19cbf8a681e4ae2675c4b3093b2a9f6,1633.6444631430004,1547.2855328200003,82.23676257999796,3445.25146484375,107228.851,nvml_counter,65.74367560456083,563.5999183748897,1804672,72620,Tesla T4,50,0.9001161301731223,0.8085065912032844,0.596794427961983,0.0488189861474959,0.0617890343816438,0.0562996669537804,0.2136199114779947,0.1738239808351018,0.1880382156682536,0.2111651129256069,0.222000900381255,0.2060153877941419,True,True
byol,22,full_enc1e-02_head1e-02,byol_seed22\diagnostic\full_enc1e-02_head1e-02\001pct,full,0.01,0.01,0.01,22,173,144,100,41,0.0802912712097168,0.7273358848391095,0.7273358848391095,0.09103407762446802,0.7094125639000987,0.08839925848632961,44,73952f3b534fa42719de7e0f04325525b19cbf8a681e4ae2675c4b3093b2a9f6,101.99251812799957,16.741121337999175,81.6772597959989,2649.5048828125,6595.298,nvml_counter,64.79013173652694,516.6917929425754,1804672,72620,Tesla T4,50,0.8647505168411361,0.4974070495429061,0.3429174559541743,0.0269243160751985,0.0225652532403269,0.0323864766562164,0.2236472363405096,0.1928193576558171,0.2109597111051404,0.1649699323503319,0.1537358710307521,0.1736810089867982,True,True
byol,22,full_enc1e-02_head1e-02,byol_seed22\diagnostic\full_enc1e-02_head1e-02\005pct,full,0.01,0.01,0.05,22,869,761,350,45,0.06935569218226842,0.8200547065470238,0.8200547065470238,0.15363594017967344,0.7978543873887712,0.14513676800136008,44,73952f3b534fa42719de7e0f04325525b19cbf8a681e4ae2675c4b3093b2a9f6,163.83859547199972,77.99185879799916,82.11639844398997,2682.77587890625,10650.74,nvml_counter,65.2366114570361,557.1094300052083,1804672,72620,Tesla T4,50,0.8006200639234383,0.6685995518825666,0.4963944567115145,0.004436331265654,0.0012468468022271,0.0014311800157666,0.3981877895420517,0.3286502523414343,0.3486459809904441,0.2435998361718948,0.179352829260268,0.2649072206698672,True,True
byol,22,full_enc1e-02_head1e-02,byol_seed22\diagnostic\full_enc1e-02_head1e-02\010pct,full,0.01,0.01,0.1,22,1742,1516,700,37,0.06528749210493905,0.8559421973361965,0.8559421973361965,0.18606868653407638,0.8360045946486302,0.1722514457495564,44,73952f3b534fa42719de7e0f04325525b19cbf8a681e4ae2675c4b3093b2a9f6,241.20169661199907,155.59008197199546,81.95764240099925,2723.61083984375,15740.924,nvml_counter,65.6205850973751,559.8043197616996,1804672,72620,Tesla T4,50,0.7345731618447786,0.4684328165982524,0.3151294320086272,0.0497558599488385,0.0386728237067313,0.0444823294076564,0.4783965682519723,0.3901446095576955,0.4203896918236411,0.4131202627050704,0.2816468855440188,0.4020570504466312,True,True
byol,22,full_enc1e-02_head1e-02,byol_seed22\diagnostic\full_enc1e-02_head1e-02\025pct,full,0.01,0.01,0.25,22,4348,3768,1700,40,0.04934415045906516,0.8812777477947825,0.8812777477947825,0.2614584144882161,0.8845020726830687,0.2549561232557169,44,73952f3b534fa42719de7e0f04325525b19cbf8a681e4ae2675c4b3093b2a9f6,471.6940480329995,385.6685248119884,82.44553517399436,2844.38427734375,30881.652,nvml_counter,65.52377156480279,563.6965062315663,1804672,72620,Tesla T4,50,0.6209230649783147,0.7962854331719295,0.7382109899467575,0.0063271007991867,0.008216618668604,0.0101083770733003,0.5962883460434669,0.539073531399835,0.5383949497552433,0.436930236499025,0.4643977210354483,0.4655898744723912,True,True
byol,22,full_enc1e-02_head1e-02,byol_seed22\diagnostic\full_enc1e-02_head1e-02\100pct,full,0.01,0.01,1.0,22,17441,15031,6850,47,0.041358056729727415,0.935897277387795,0.935897277387795,0.3413184590412517,0.9331615128369118,0.36476221316811563,44,73952f3b534fa42719de7e0f04325525b19cbf8a681e4ae2675c4b3093b2a9f6,1633.198191794001,1547.1943265189948,82.18204724901625,3445.25146484375,107151.351,nvml_counter,65.71016013030949,563.6331422970054,1804672,72620,Tesla T4,50,0.6976837361397703,0.704568077348873,0.5543124835615298,0.044964173750729,0.049937615565842,0.0561303377530716,1.0075121611767996,0.8162101629307292,0.9150868618581128,0.901223584399705,0.8720387789846916,0.8927209347322741,True,True
byol,54,frozen_head1e-02,byol_seed54\diagnostic\frozen_head1e-02\001pct,frozen,0.0,0.01,0.01,54,173,158,100,41,0.09945300221443176,0.7602970933598882,0.7602970933598882,0.12461853355525311,0.771845213729181,0.12794497932004506,44,770333e84f0523307bc28f55db1722f5d60dfd2f822aed1b4c398f8e3318c187,90.49926150200008,1.6621863359969211,84.72171583999716,572.90869140625,5765.906,nvml_counter,63.938292134831464,5203.9893558696795,0,72620,Tesla T4,50,1.0,1.0,0.9999999999999998,1.0,1.0,1.0,0.0,0.0,0.0,0.0,0.0,0.0,True,True
byol,54,frozen_head1e-02,byol_seed54\diagnostic\frozen_head1e-02\005pct,frozen,0.0,0.01,0.05,54,870,742,350,37,0.07365156071526664,0.8143542943184868,0.8143542943184868,0.17589614377285673,0.821199731190704,0.1680041245398978,44,770333e84f0523307bc28f55db1722f5d60dfd2f822aed1b4c398f8e3318c187,93.85005002899925,5.145464023999011,84.81998250399556,605.87939453125,5999.18,nvml_counter,64.55554112554111,8454.048030869753,0,72620,Tesla T4,50,1.0,1.0,0.9999999999999998,1.0,1.0,1.0,0.0,0.0,0.0,0.0,0.0,0.0,True,True
byol,54,frozen_head1e-02,byol_seed54\diagnostic\frozen_head1e-02\010pct,frozen,0.0,0.01,0.1,54,1741,1495,700,31,0.07092358810561043,0.8451438646272614,0.8451438646272614,0.18203763993790537,0.833437020148854,0.18155889373227546,44,770333e84f0523307bc28f55db1722f5d60dfd2f822aed1b4c398f8e3318c187,98.88101065699993,10.215198725991286,84.85044316600397,645.3779296875,6329.831,nvml_counter,63.87881930184805,8521.615911251169,0,72620,Tesla T4,50,1.0,1.0,0.9999999999999998,1.0,1.0,1.0,0.0,0.0,0.0,0.0,0.0,0.0,True,True
byol,54,frozen_head1e-02,byol_seed54\diagnostic\frozen_head1e-02\025pct,frozen,0.0,0.01,0.25,54,4355,3736,1750,50,0.07258264677865164,0.8599164415425965,0.8599164415425965,0.20317858047271464,0.8612856645064835,0.20425169140272662,44,770333e84f0523307bc28f55db1722f5d60dfd2f822aed1b4c398f8e3318c187,113.93289261099926,25.17727189299876,84.79546039900015,765.28076171875,7334.265,nvml_counter,64.65729590017826,8648.673332258506,0,72620,Tesla T4,50,1.0,1.0,0.9999999999999998,1.0,1.0,1.0,0.0,0.0,0.0,0.0,0.0,0.0,True,True
byol,54,frozen_head1e-02,byol_seed54\diagnostic\frozen_head1e-02\100pct,frozen,0.0,0.01,1.0,54,17441,15031,6850,37,0.06954928210181911,0.8904233251997755,0.8904233251997755,0.25451772357628893,0.8751185091615742,0.23847596656339387,44,770333e84f0523307bc28f55db1722f5d60dfd2f822aed1b4c398f8e3318c187,186.39912447700044,98.06894507100151,84.6435858579971,1366.447265625,12166.711,nvml_counter,65.33596074154853,8892.21352762222,0,72620,Tesla T4,50,1.0,1.0,0.9999999999999998,1.0,1.0,1.0,0.0,0.0,0.0,0.0,0.0,0.0,True,True
byol,54,partial_enc1e-04_head1e-02,byol_seed54\diagnostic\partial_enc1e-04_head1e-02\001pct,partial,0.0001,0.01,0.01,54,173,158,100,30,0.0972241461277008,0.7492743035119769,0.7492743035119769,0.12655293189744007,0.7699184767979059,0.13208736154849007,44,770333e84f0523307bc28f55db1722f5d60dfd2f822aed1b4c398f8e3318c187,90.66207983700042,1.872730512999624,85.00731092200203,574.77197265625,5779.177,nvml_counter,64.02086322869955,4618.92404697618,162048,72620,Tesla T4,50,1.0,1.0,0.9999999999999998,1.0,0.9989849240195928,0.9986438454179482,0.0,0.0,0.0,0.0,0.0024941894166629,0.0007490558466326,True,True
byol,54,partial_enc1e-04_head1e-02,byol_seed54\diagnostic\partial_enc1e-04_head1e-02\005pct,partial,0.0001,0.01,0.05,54,870,742,350,25,0.07387479713984899,0.8086138710440259,0.8086138710440259,0.17279390581495405,0.8179592679768589,0.17809127521829662,44,770333e84f0523307bc28f55db1722f5d60dfd2f822aed1b4c398f8e3318c187,94.98487884499991,6.260619947999658,84.8945984210095,607.74267578125,6083.12,nvml_counter,63.88572805139186,6948.193687096238,162048,72620,Tesla T4,50,1.0,1.0,0.9999999999999998,1.0,0.9991476825937814,0.9987928245445068,0.0,0.0,0.0,0.0,0.0033162654919885,0.0009959420239556,True,True
byol,54,partial_enc1e-04_head1e-02,byol_seed54\diagnostic\partial_enc1e-04_head1e-02\010pct,partial,0.0001,0.01,0.1,54,1741,1495,700,42,0.07106580053056989,0.8308881432293229,0.8308881432293229,0.18672378029888154,0.8325170420012094,0.19008223376293465,44,770333e84f0523307bc28f55db1722f5d60dfd2f822aed1b4c398f8e3318c187,101.15535527000065,12.431960123993122,84.8792378299986,647.2412109375,6483.533,nvml_counter,64.07631927710842,7002.113836578146,162048,72620,Tesla T4,50,1.0,1.0,0.9999999999999998,1.0,0.9987240366266388,0.9982222994657696,0.0,0.0,0.0,0.0,0.0071876415967637,0.0021585950632247,True,True
byol,54,partial_enc1e-04_head1e-02,byol_seed54\diagnostic\partial_enc1e-04_head1e-02\025pct,partial,0.0001,0.01,0.25,54,4355,3736,1750,35,0.07242232050214495,0.863961181942395,0.863961181942395,0.2056291203510895,0.8540198499811384,0.21303573097152811,44,770333e84f0523307bc28f55db1722f5d60dfd2f822aed1b4c398f8e3318c187,119.44341551999969,30.61582511699453,84.88588224200066,767.14404296875,7693.42,nvml_counter,64.49082653061224,7112.3348519236615,162048,72620,Tesla T4,50,1.0,1.0,0.9999999999999998,1.0,0.9982824673574976,0.9977905232901646,0.0,0.0,0.0,0.0,0.0078208329372631,0.0023487553102651,True,True
byol,54,partial_enc1e-04_head1e-02,byol_seed54\diagnostic\partial_enc1e-04_head1e-02\100pct,partial,0.0001,0.01,1.0,54,17441,15031,6850,50,0.06885382380798785,0.8906652976671143,0.8906652976671143,0.25349966238451854,0.877550789174879,0.24311753470056433,44,770333e84f0523307bc28f55db1722f5d60dfd2f822aed1b4c398f8e3318c187,208.372525589999,119.80372392200115,84.56371557600505,1368.310546875,13614.867,nvml_counter,65.62273756097561,7278.989095261786,162048,72620,Tesla T4,50,1.0,1.0,0.9999999999999998,1.0,0.997974291160846,0.9970269671206954,0.0,0.0,0.0,0.0,0.0583061476112091,0.0175105228460301,True,True
byol,54,partial_enc1e-03_head1e-02,byol_seed54\diagnostic\partial_enc1e-03_head1e-02\001pct,partial,0.001,0.01,0.01,54,173,158,100,30,0.09809528291225433,0.744229838621714,0.744229838621714,0.12416314899644922,0.761140431884462,0.13001434007981194,44,770333e84f0523307bc28f55db1722f5d60dfd2f822aed1b4c398f8e3318c187,90.53673366699968,1.8535404769918387,84.88716563700382,574.77197265625,5772.136,nvml_counter,63.98161883408072,4666.744593588979,162048,72620,Tesla T4,50,1.0,1.0,0.9999999999999998,1.0,0.9995927306953536,0.9993680778175198,0.0,0.0,0.0,0.0,0.0238585648480175,0.0071652126226975,True,True
byol,54,partial_enc1e-03_head1e-02,byol_seed54\diagnostic\partial_enc1e-03_head1e-02\005pct,partial,0.001,0.01,0.05,54,870,742,350,37,0.07409765039171491,0.8105544716672682,0.8105544716672682,0.17696116272208015,0.8221675809783379,0.17714480521383424,44,770333e84f0523307bc28f55db1722f5d60dfd2f822aed1b4c398f8e3318c187,95.29848993199994,6.3193140830026096,85.03088137200757,607.74267578125,6084.187,nvml_counter,63.44914925373134,6883.65848391746,162048,72620,Tesla T4,50,1.0,1.0,0.9999999999999998,1.0,0.9995133281358544,0.9992337460590844,0.0,0.0,0.0,0.0,0.0369250499812643,0.0110893440533778,True,True
byol,54,partial_enc1e-03_head1e-02,byol_seed54\diagnostic\partial_enc1e-03_head1e-02\010pct,partial,0.001,0.01,0.1,54,1741,1495,700,42,0.07014484064919609,0.8346258795653153,0.8346258795653153,0.186032217851646,0.8345623477411156,0.18922499295859876,44,770333e84f0523307bc28f55db1722f5d60dfd2f822aed1b4c398f8e3318c187,101.08102579500155,12.40960045900647,84.82321000499542,647.2412109375,6477.574,nvml_counter,63.99786947791165,7014.730271740703,162048,72620,Tesla T4,50,1.0,1.0,0.9999999999999998,1.0,0.999217143736676,0.999104575842616,0.0,0.0,0.0,0.0,0.0633452789883034,0.0190238765611671,True,True
byol,54,partial_enc1e-03_head1e-02,byol_seed54\diagnostic\partial_enc1e-03_head1e-02\025pct,partial,0.001,0.01,0.25,54,4355,3736,1750,35,0.07268223081316266,0.8581573394503603,0.8581573394503603,0.2018164784547517,0.8580035880217213,0.21285212299358677,44,770333e84f0523307bc28f55db1722f5d60dfd2f822aed1b4c398f8e3318c187,119.37847463300022,30.717133608006407,84.7440561619951,767.14404296875,7698.523,nvml_counter,64.52597789115646,7088.877587954482,162048,72620,Tesla T4,50,1.0,1.0,0.9999999999999998,1.0,0.9987088492077204,0.9983499825200872,0.0,0.0,0.0,0.0,0.1377611926321767,0.0413724900325661,True,True
byol,54,partial_enc1e-03_head1e-02,byol_seed54\diagnostic\partial_enc1e-03_head1e-02\100pct,partial,0.001,0.01,1.0,54,17441,15031,6850,36,0.06316638166887047,0.8946399795912612,0.8946399795912612,0.2551928008632103,0.8901703413387065,0.24568938576400837,44,770333e84f0523307bc28f55db1722f5d60dfd2f822aed1b4c398f8e3318c187,208.40182517600078,119.95700504701199,84.60627032199409,1368.310546875,13617.964,nvml_counter,65.38659356725147,7269.687999114662,162048,72620,Tesla T4,50,1.0,1.0,0.9999999999999998,1.0,0.9910900998454956,0.9907014954322196,0.0,0.0,0.0,0.0,0.3628409807477185,0.108968531504171,True,True
byol,54,partial_enc1e-02_head1e-02,byol_seed54\diagnostic\partial_enc1e-02_head1e-02\001pct,partial,0.01,0.01,0.01,54,173,158,100,33,0.1006789356470108,0.7558059004622774,0.7558059004622774,0.1299213837647867,0.7637251105695699,0.1318690901178077,44,770333e84f0523307bc28f55db1722f5d60dfd2f822aed1b4c398f8e3318c187,90.52725721100069,1.8572926300021209,84.73768589000429,574.77197265625,5774.43,nvml_counter,63.94708071748879,4657.316709424579,162048,72620,Tesla T4,50,1.0,1.0,0.9999999999999998,1.0,0.9975397327331438,0.997579346729952,0.0,0.0,0.0,0.0,0.200161319906842,0.0601125182972384,True,True
byol,54,partial_enc1e-02_head1e-02,byol_seed54\diagnostic\partial_enc1e-02_head1e-02\005pct,partial,0.01,0.01,0.05,54,870,742,350,27,0.07035789319447108,0.818458986254154,0.818458986254154,0.17345436521295973,0.8225628733566756,0.1802648434608255,44,770333e84f0523307bc28f55db1722f5d60dfd2f822aed1b4c398f8e3318c187,95.1476786480016,6.29537254801653,84.81651708999743,607.74267578125,6087.497,nvml_counter,63.85609188034188,6909.837292108384,162048,72620,Tesla T4,50,1.0,1.0,0.9999999999999998,1.0,0.993007458658737,0.99368432854681,0.0,0.0,0.0,0.0,0.2850413187683652,0.0856037095374221,True,True
byol,54,partial_enc1e-02_head1e-02,byol_seed54\diagnostic\partial_enc1e-02_head1e-02\010pct,partial,0.01,0.01,0.1,54,1741,1495,700,35,0.06451049021312169,0.8445310002034876,0.8445310002034876,0.18894699506178425,0.8298975028952846,0.18582496588333777,44,770333e84f0523307bc28f55db1722f5d60dfd2f822aed1b4c398f8e3318c187,100.9868193630009,12.273532921995866,84.88564188500095,647.2412109375,6475.885,nvml_counter,64.24308249496981,7092.497372455357,162048,72620,Tesla T4,50,1.0,1.0,0.9999999999999998,1.0,0.9873236425646088,0.9907413516368948,0.0,0.0,0.0,0.0,0.4614049175435476,0.1385692878183513,True,True
byol,54,partial_enc1e-02_head1e-02,byol_seed54\diagnostic\partial_enc1e-02_head1e-02\025pct,partial,0.01,0.01,0.25,54,4355,3736,1750,39,0.07195911407470704,0.8674305646695345,0.8674305646695345,0.2055847163492123,0.8611117098482108,0.21347072755393784,44,770333e84f0523307bc28f55db1722f5d60dfd2f822aed1b4c398f8e3318c187,120.0768408469994,30.786258826008634,85.12835626600645,767.14404296875,7735.288,nvml_counter,64.32492216582064,7072.96073974542,162048,72620,Tesla T4,50,1.0,1.0,0.9999999999999998,1.0,0.9984670733034372,0.9975889984917492,0.0,0.0,0.0,0.0,0.5602741854713162,0.1682617412859277,True,True
byol,54,partial_enc1e-02_head1e-02,byol_seed54\diagnostic\partial_enc1e-02_head1e-02\100pct,partial,0.01,0.01,1.0,54,17441,15031,6850,36,0.06152911777914005,0.8948733492420935,0.8948733492420935,0.24458096781400832,0.8895404573768517,0.2481212201195097,44,770333e84f0523307bc28f55db1722f5d60dfd2f822aed1b4c398f8e3318c187,208.74099196799943,120.12421454700598,84.82064954100315,1368.310546875,13646.919,nvml_counter,65.47699707887048,7259.5687995841745,162048,72620,Tesla T4,50,1.0,1.0,0.9999999999999998,1.0,0.9814826257082512,0.981104385880996,0.0,0.0,0.0,0.0,1.6612091985846875,0.4988949333064893,True,True
byol,54,full_enc1e-04_head1e-02,byol_seed54\diagnostic\full_enc1e-04_head1e-02\001pct,full,0.0001,0.01,0.01,54,173,158,100,30,0.0979505181312561,0.7422910405903133,0.7422910405903133,0.1284565177091085,0.7612860539619232,0.13561223599038208,44,770333e84f0523307bc28f55db1722f5d60dfd2f822aed1b4c398f8e3318c187,106.73359119999986,17.806686002000788,85.05222454600334,2649.5048828125,6831.992,nvml_counter,64.01851809523808,485.77259120692486,1804672,72620,Tesla T4,50,0.9972988903713994,0.99103845590963,0.9900673150026608,0.8325543340531677,0.8021376462294904,0.8114429224765637,0.0024230684750787,0.002273310379008,0.0025632694337555,0.0025574014445506,0.0021592379791956,0.0024944975458721,True,True
byol,54,full_enc1e-04_head1e-02,byol_seed54\diagnostic\full_enc1e-04_head1e-02\005pct,full,0.0001,0.01,0.05,54,870,742,350,50,0.06986756835665021,0.8162440086446733,0.8162440086446733,0.18936426517732932,0.8251209303832109,0.1821616054581399,44,770333e84f0523307bc28f55db1722f5d60dfd2f822aed1b4c398f8e3318c187,173.0566421529984,83.53111255399926,85.26222079899162,2682.822265625,11110.421,nvml_counter,64.39435217903416,520.7640443179674,1804672,72620,Tesla T4,50,0.9979778740749262,0.9890728842134314,0.9782190395640508,0.4207416150964536,0.3484373221458197,0.3717685844930185,0.006224078088725,0.0058811731382524,0.0062936146367857,0.004442530669872,0.0031212788307311,0.0047834807345699,True,True
byol,54,full_enc1e-04_head1e-02,byol_seed54\diagnostic\full_enc1e-04_head1e-02\010pct,full,0.0001,0.01,0.1,54,1741,1495,700,42,0.06851464509963989,0.8373737801979325,0.8373737801979325,0.20580475565189538,0.8285894588525639,0.1928257814067954,44,770333e84f0523307bc28f55db1722f5d60dfd2f822aed1b4c398f8e3318c187,256.9745693780005,167.5551609000031,85.43798823401085,2723.56494140625,16535.036,nvml_counter,64.16853179650239,519.5304014058477,1804672,72620,Tesla T4,50,0.9966850808500852,0.977810609044078,0.9574347680644112,0.2784495901125563,0.2328247773620635,0.2479294880361896,0.0109915018492626,0.0093031574330436,0.0089173747611219,0.0071538554800856,0.0052137862382132,0.0075302413496504,True,True
byol,54,full_enc1e-04_head1e-02,byol_seed54\diagnostic\full_enc1e-04_head1e-02\025pct,full,0.0001,0.01,0.25,54,4355,3736,1750,43,0.07219036647251674,0.8577092474712722,0.8577092474712722,0.21351022438446954,0.8524743014758441,0.21498539107391165,44,770333e84f0523307bc28f55db1722f5d60dfd2f822aed1b4c398f8e3318c187,504.85677631699946,415.5833989560051,85.2157463830008,2844.38623046875,32563.484,nvml_counter,64.53967598217903,523.9622192489254,1804672,72620,Tesla T4,50,0.9937916740273488,0.9698737258822112,0.936679480854987,0.4074838898536699,0.3288699410576571,0.3583356834366556,0.0179335505114167,0.0159320782362905,0.0171057026510274,0.0165409395312337,0.0157263112912597,0.0164862711096993,True,True
byol,54,full_enc1e-04_head1e-02,byol_seed54\diagnostic\full_enc1e-04_head1e-02\100pct,full,0.0001,0.01,1.0,54,17441,15031,6850,41,0.05389450936421861,0.9181100885580349,0.9181100885580349,0.2992233550626661,0.9150789665500245,0.3031285174389992,44,770333e84f0523307bc28f55db1722f5d60dfd2f822aed1b4c398f8e3318c187,1752.5177030140003,1663.021950724,85.40098571400085,3445.25146484375,113257.943,nvml_counter,64.84447873831776,524.3767225203198,1804672,72620,Tesla T4,50,0.9775809031175556,0.9374903394617636,0.8871358376404492,0.097205308716875,0.0663942359036041,0.0743811548483178,0.0598114411373592,0.0425051504375307,0.0441302318040547,0.0455436386679125,0.0391727823239933,0.044691904920776,True,True
byol,54,full_enc1e-03_head1e-02,byol_seed54\diagnostic\full_enc1e-03_head1e-02\001pct,full,0.001,0.01,0.01,54,173,158,100,33,0.09002350270748138,0.7362791926667627,0.7362791926667627,0.10689041540351353,0.7379981612353274,0.1077462784418929,44,770333e84f0523307bc28f55db1722f5d60dfd2f822aed1b4c398f8e3318c187,106.72551405999911,17.766542333996767,85.03504670800248,2649.5048828125,6825.871,nvml_counter,64.05921142857142,486.8701989045999,1804672,72620,Tesla T4,50,0.9878211687824726,0.8993845077786287,0.7359470225789936,0.2580042651775754,0.2746116694481356,0.2681878524792075,0.0408185302179521,0.0354254512952311,0.0352805051084483,0.0232091208689444,0.0181005770464184,0.0262262532430129,True,True
byol,54,full_enc1e-03_head1e-02,byol_seed54\diagnostic\full_enc1e-03_head1e-02\005pct,full,0.001,0.01,0.05,54,870,742,350,34,0.059112493480954854,0.8322185772614872,0.8322185772614872,0.18264097277007119,0.8224477541931148,0.17713919946685913,44,770333e84f0523307bc28f55db1722f5d60dfd2f822aed1b4c398f8e3318c187,173.4821704920014,83.66214586300157,85.7414293590009,2682.822265625,11138.081,nvml_counter,64.47187661574617,519.9484133628621,1804672,72620,Tesla T4,50,0.9912775254143632,0.939092073854424,0.8687735707822404,0.0609056535492386,0.0480211961779835,0.047134360546484,0.0416082689027002,0.0375517741751718,0.0386554363834545,0.0302845306344547,0.0228243550925427,0.0317496444172965,True,True
byol,54,full_enc1e-03_head1e-02,byol_seed54\diagnostic\full_enc1e-03_head1e-02\010pct,full,0.001,0.01,0.1,54,1741,1495,700,36,0.0516941887991769,0.84598931424282,0.84598931424282,0.2136985673002285,0.8345472991342757,0.1952495582347712,44,770333e84f0523307bc28f55db1722f5d60dfd2f822aed1b4c398f8e3318c187,256.3585077330008,167.26436746000218,85.38439832400582,2723.56494140625,16503.454,nvml_counter,64.51599123505976,520.4336184801357,1804672,72620,Tesla T4,50,0.9793021196374352,0.8977454049903246,0.8796162173831805,0.3652818894876011,0.3389907626025912,0.3533996780739921,0.0583144083146483,0.0537106157777418,0.062070907971303,0.0578387297132443,0.0381442212165854,0.0564361508185783,True,True
byol,54,full_enc1e-03_head1e-02,byol_seed54\diagnostic\full_enc1e-03_head1e-02\025pct,full,0.001,0.01,0.25,54,4355,3736,1750,47,0.0682497160775321,0.8636503460958298,0.8636503460958298,0.21420179177127843,0.859359121087326,0.22858820784115297,44,770333e84f0523307bc28f55db1722f5d60dfd2f822aed1b4c398f8e3318c187,506.962110931001,417.2353516460007,85.39131402899875,2844.38623046875,32685.973,nvml_counter,64.57153731343284,521.8877047234192,1804672,72620,Tesla T4,50,0.9548023176407576,0.918916167654286,0.8739463955594872,0.277523049076247,0.264924397039571,0.2821979540058786,0.0961106291669478,0.0842827462137354,0.088612531073165,0.0857708803572734,0.0867429393242309,0.0861421456551242,True,True
byol,54,full_enc1e-03_head1e-02,byol_seed54\diagnostic\full_enc1e-03_head1e-02\100pct,full,0.001,0.01,1.0,54,17441,15031,6850,29,0.03429120126431876,0.9244048346408129,0.9244048346408129,0.31525202108123185,0.9183831815824601,0.3250409478276998,44,770333e84f0523307bc28f55db1722f5d60dfd2f822aed1b4c398f8e3318c187,1753.4402061439996,1663.9212780449907,85.74594643900309,3445.25146484375,113318.914,nvml_counter,64.81902124678962,524.0933038758944,1804672,72620,Tesla T4,50,0.9404654687979508,0.8405834786313964,0.7188024843718739,0.0689736440919571,0.0342075756666964,0.0482227849509869,0.187855273540353,0.1484536414727686,0.1625737472400524,0.1769501687218976,0.1683912568205711,0.1718720829651943,True,True
byol,54,full_enc1e-02_head1e-02,byol_seed54\diagnostic\full_enc1e-02_head1e-02\001pct,full,0.01,0.01,0.01,54,173,158,100,34,0.1189902052283287,0.673030438846541,0.673030438846541,0.06777941886040788,0.6789852100981382,0.06601180819701485,44,770333e84f0523307bc28f55db1722f5d60dfd2f822aed1b4c398f8e3318c187,106.30861432100028,17.746871563998866,85.01533611200102,2649.5048828125,6799.759,nvml_counter,63.74810536398467,487.40984960680663,1804672,72620,Tesla T4,50,0.6466612788053588,0.2374841908276837,0.1926335112990509,0.0025133248772006,0.0017589212410906,0.0024922046314392,0.276040715164405,0.2497246273716977,0.2694493162879183,0.209598261473472,0.1695862749395225,0.2193899189899548,True,True
byol,54,full_enc1e-02_head1e-02,byol_seed54\diagnostic\full_enc1e-02_head1e-02\005pct,full,0.01,0.01,0.05,54,870,742,350,41,0.07204327413014003,0.8212338226857662,0.8212338226857662,0.15345743845172763,0.8086560368272679,0.14887165536193347,44,770333e84f0523307bc28f55db1722f5d60dfd2f822aed1b4c398f8e3318c187,172.48787694199928,83.47452746900308,85.26286584699847,2682.822265625,11073.677,nvml_counter,64.2758877068558,521.1170559324582,1804672,72620,Tesla T4,50,0.7806763324525643,0.693271549506347,0.6066224975517315,0.1713530881103589,0.1347210786037806,0.1511729145651692,0.5640823861224771,0.380121750576252,0.3053679403910357,0.2371169351451701,0.194078817688271,0.2659472911535185,True,True
byol,54,full_enc1e-02_head1e-02,byol_seed54\diagnostic\full_enc1e-02_head1e-02\010pct,full,0.01,0.01,0.1,54,1741,1495,700,38,0.07849499157496861,0.7816414761461896,0.7816414761461896,0.13227057319512506,0.7579030654940424,0.13219862001413538,44,770333e84f0523307bc28f55db1722f5d60dfd2f822aed1b4c398f8e3318c187,256.5160429239986,167.67581140600305,85.30699774198547,2723.56494140625,16503.763,nvml_counter,64.33364012738855,519.1565752392327,1804672,72620,Tesla T4,50,0.6676871535909642,0.4327697031089879,0.2323683307121537,0.0083961328599828,0.0061184316427221,0.0052052621654724,0.3951265996215008,0.3493600265633937,0.3925481938835523,0.4216124457423911,0.3112369490950607,0.4020287514418829,True,True
byol,54,full_enc1e-02_head1e-02,byol_seed54\diagnostic\full_enc1e-02_head1e-02\025pct,full,0.01,0.01,0.25,54,4355,3736,1750,44,0.07395715713500976,0.8434806606944182,0.8434806606944182,0.17832206787328558,0.8342462377640292,0.17613288977266184,44,770333e84f0523307bc28f55db1722f5d60dfd2f822aed1b4c398f8e3318c187,504.71139179700003,415.7075313500063,85.18551916500292,2844.38623046875,32557.849,nvml_counter,64.70271747061207,523.8057614517083,1804672,72620,Tesla T4,50,0.8445844091721376,0.7453816490711676,0.7613586299706971,0.4912354589978138,0.4486426546349693,0.4717492918597855,0.5768720929676285,0.4320140240962281,0.3965666195520064,0.3744257251486775,0.3625816632132501,0.3849393927972938,True,True
byol,54,full_enc1e-02_head1e-02,byol_seed54\diagnostic\full_enc1e-02_head1e-02\100pct,full,0.01,0.01,1.0,54,17441,15031,6850,44,0.039861873988687554,0.9289495467350151,0.9289495467350151,0.3486543332717693,0.9258556226871398,0.3415222639773306,44,770333e84f0523307bc28f55db1722f5d60dfd2f822aed1b4c398f8e3318c187,1750.9933415859996,1661.5095426500156,85.4764850760148,3445.25146484375,113171.909,nvml_counter,64.93335769410663,524.854042432479,1804672,72620,Tesla T4,50,0.7547372674705124,0.654249012503,0.5383671425008527,0.1700556931508135,0.1275437505181285,0.1490037319751855,0.6958988815142324,0.4976703469896968,0.4709243809894675,0.5715929396363795,0.9004820194527382,0.5928558440180336,True,True
byol,71,frozen_head1e-02,byol_seed71\diagnostic\frozen_head1e-02\001pct,frozen,0.0,0.01,0.01,71,173,151,100,35,0.07373025268316269,0.7505175716296552,0.7505175716296552,0.1227861272189431,0.7699605663876102,0.12333382399790555,44,bca2031bce89973659e92fb2b787deaff7bfbe8474bc82facb82d3d8fce3a9b3,90.76228228699983,1.7390074389986694,85.07731312399665,572.90869140625,5759.144,nvml_counter,63.23401565995526,4974.101781290091,0,72620,Tesla T4,50,1.0,1.0,1.0000000000000002,1.0,1.0000000000000002,1.0,0.0,0.0,0.0,0.0,0.0,0.0,True,True
byol,71,frozen_head1e-02,byol_seed71\diagnostic\frozen_head1e-02\005pct,frozen,0.0,0.01,0.05,71,868,749,350,39,0.07682905878339495,0.7988802813685585,0.7988802813685585,0.16751109565256372,0.8086305561175876,0.1729206032198192,44,bca2031bce89973659e92fb2b787deaff7bfbe8474bc82facb82d3d8fce3a9b3,93.86489431500013,5.06812020700454,84.83531513800153,605.78662109375,5988.279,nvml_counter,64.76648701298701,8563.33279941107,0,72620,Tesla T4,50,1.0,1.0,1.0000000000000002,1.0,1.0000000000000002,1.0,0.0,0.0,0.0,0.0,0.0,0.0,True,True
byol,71,frozen_head1e-02,byol_seed71\diagnostic\frozen_head1e-02\010pct,frozen,0.0,0.01,0.1,71,1739,1507,700,19,0.07334434134619576,0.8269595640065817,0.8269595640065817,0.17599663757725167,0.8304105196860294,0.1803920716589064,44,bca2031bce89973659e92fb2b787deaff7bfbe8474bc82facb82d3d8fce3a9b3,99.11284519499895,10.177256099002989,85.16381290500067,645.2626953125,6325.114,nvml_counter,63.57939835728952,8543.560185000948,0,72620,Tesla T4,50,1.0,1.0,1.0000000000000002,1.0,1.0000000000000002,1.0,0.0,0.0,0.0,0.0,0.0,0.0,True,True
byol,71,frozen_head1e-02,byol_seed71\diagnostic\frozen_head1e-02\025pct,frozen,0.0,0.01,0.25,71,4360,3767,1750,28,0.07172290257045201,0.8559611471996249,0.8559611471996249,0.2095259102879058,0.8624775564456955,0.20965311349877203,44,bca2031bce89973659e92fb2b787deaff7bfbe8474bc82facb82d3d8fce3a9b3,113.43760048900003,25.021957446004308,84.81766637899455,765.3388671875,7278.63,nvml_counter,63.93891577060932,8712.34796360074,0,72620,Tesla T4,50,1.0,1.0,1.0000000000000002,1.0,1.0000000000000002,1.0,0.0,0.0,0.0,0.0,0.0,0.0,True,True
byol,71,frozen_head1e-02,byol_seed71\diagnostic\frozen_head1e-02\100pct,frozen,0.0,0.01,1.0,71,17441,15031,6850,45,0.06926292224522054,0.8882255450069352,0.8882255450069352,0.24229461883342776,0.8869365383445086,0.24351476991008594,44,bca2031bce89973659e92fb2b787deaff7bfbe8474bc82facb82d3d8fce3a9b3,191.76976225699946,102.81532632800008,84.83371895099845,1366.447265625,12482.985,nvml_counter,65.01358006362673,8481.712125466564,0,72620,Tesla T4,50,1.0,1.0,1.0000000000000002,1.0,1.0000000000000002,1.0,0.0,0.0,0.0,0.0,0.0,0.0,True,True
byol,71,partial_enc1e-04_head1e-02,byol_seed71\diagnostic\partial_enc1e-04_head1e-02\001pct,partial,0.0001,0.01,0.01,71,173,151,100,34,0.0767945647239685,0.7546121636738721,0.7546121636738721,0.12275708380611725,0.7725113386903061,0.12619205808447106,44,bca2031bce89973659e92fb2b787deaff7bfbe8474bc82facb82d3d8fce3a9b3,90.91273389200069,1.84011712899337,85.03524029499567,574.77197265625,5768.121,nvml_counter,63.44710514541387,4700.787718188328,162048,72620,Tesla T4,50,1.0,1.0,1.0000000000000002,1.0,0.9992408061829892,0.999012140746969,0.0,0.0,0.0,0.0,0.0026227118586004,0.0007902358528263,True,True
byol,71,partial_enc1e-04_head1e-02,byol_seed71\diagnostic\partial_enc1e-04_head1e-02\005pct,partial,0.0001,0.01,0.05,71,868,749,350,44,0.07645070552825928,0.8019139224964246,0.8019139224964246,0.17015975514506795,0.8105657874679415,0.17742553918170326,44,bca2031bce89973659e92fb2b787deaff7bfbe8474bc82facb82d3d8fce3a9b3,94.99137757300014,6.254726357001346,84.81984626500343,607.64990234375,6053.318,nvml_counter,63.64564025695932,6938.752796342464,162048,72620,Tesla T4,50,1.0,1.0,1.0000000000000002,1.0,0.9994187879006128,0.999245203243196,0.0,0.0,0.0,0.0,0.0045027498107381,0.0013567004415999,True,True
byol,71,partial_enc1e-04_head1e-02,byol_seed71\diagnostic\partial_enc1e-04_head1e-02\010pct,partial,0.0001,0.01,0.1,71,1739,1507,700,43,0.07406806945800781,0.8235479790999783,0.8235479790999783,0.1880442689055396,0.8378626219452009,0.19630767097353177,44,bca2031bce89973659e92fb2b787deaff7bfbe8474bc82facb82d3d8fce3a9b3,101.0678767520003,12.225061102997643,85.06092052199892,647.1259765625,6456.176,nvml_counter,64.10904819277108,7112.438888234224,162048,72620,Tesla T4,50,1.0,1.0,1.0000000000000002,1.0,0.9991882841810804,0.9989419922386212,0.0,0.0,0.0,0.0,0.0059098665541004,0.0017806715675437,True,True
byol,71,partial_enc1e-04_head1e-02,byol_seed71\diagnostic\partial_enc1e-04_head1e-02\025pct,partial,0.0001,0.01,0.25,71,4360,3767,1750,41,0.07172525269644602,0.8560678159191433,0.8560678159191433,0.2163135196856177,0.8550036877262369,0.2107452113041486,44,bca2031bce89973659e92fb2b787deaff7bfbe8474bc82facb82d3d8fce3a9b3,118.83152002400129,30.209132286992826,84.86058795200188,767.2021484375,7631.942,nvml_counter,64.74138974358974,7216.360864951572,162048,72620,Tesla T4,50,1.0,1.0,1.0000000000000002,1.0,0.9988952406574774,0.9985666210456268,0.0,0.0,0.0,0.0,0.0066609713013037,0.002006983084961,True,True
byol,71,partial_enc1e-04_head1e-02,byol_seed71\diagnostic\partial_enc1e-04_head1e-02\100pct,partial,0.0001,0.01,1.0,71,17441,15031,6850,41,0.06870191114662337,0.890200741308248,0.890200741308248,0.24724781430314716,0.8865013158435768,0.24357430568179606,44,bca2031bce89973659e92fb2b787deaff7bfbe8474bc82facb82d3d8fce3a9b3,205.96639178299847,117.47890930399444,84.60914498301099,1368.310546875,13416.249,nvml_counter,65.2749842209073,7423.034527358768,162048,72620,Tesla T4,50,1.0,1.0,1.0000000000000002,1.0,0.999235571341332,0.9989303889987108,0.0,0.0,0.0,0.0,0.0504733794827735,0.0152078749900813,True,True
byol,71,partial_enc1e-03_head1e-02,byol_seed71\diagnostic\partial_enc1e-03_head1e-02\001pct,partial,0.001,0.01,0.01,71,173,151,100,34,0.07613272964954376,0.7529950546424349,0.7529950546424349,0.12360103004930018,0.7674994267294594,0.12665738298503718,44,bca2031bce89973659e92fb2b787deaff7bfbe8474bc82facb82d3d8fce3a9b3,91.34511351500078,1.8728381839882786,85.13486814400494,574.77197265625,5793.544,nvml_counter,63.89791314031181,4618.658501280395,162048,72620,Tesla T4,50,1.0,1.0,1.0000000000000002,1.0,0.9992845832270416,0.9990325172763892,0.0,0.0,0.0,0.0,0.025363714321264,0.0076422106194329,True,True
byol,71,partial_enc1e-03_head1e-02,byol_seed71\diagnostic\partial_enc1e-03_head1e-02\005pct,partial,0.001,0.01,0.05,71,868,749,350,20,0.0754556485584804,0.7966897274163292,0.7966897274163292,0.15871794987711,0.7968921455964036,0.16552519823422812,44,bca2031bce89973659e92fb2b787deaff7bfbe8474bc82facb82d3d8fce3a9b3,94.77405171200007,6.205654476994823,84.86510435500168,607.64990234375,6043.773,nvml_counter,63.22984334763948,6993.621730131689,162048,72620,Tesla T4,50,1.0,1.0,1.0000000000000002,1.0,0.9997292571918132,0.9996074890212032,0.0,0.0,0.0,0.0,0.0332802463836978,0.010027500274974,True,True
byol,71,partial_enc1e-03_head1e-02,byol_seed71\diagnostic\partial_enc1e-03_head1e-02\010pct,partial,0.001,0.01,0.1,71,1739,1507,700,48,0.07341109003339495,0.8243575324384605,0.8243575324384605,0.19053809676669486,0.8397997164767435,0.19551991119043122,44,bca2031bce89973659e92fb2b787deaff7bfbe8474bc82facb82d3d8fce3a9b3,102.02798111800075,12.97838184000102,85.23854324400054,647.1259765625,6520.542,nvml_counter,63.594992031872515,6699.602544595279,162048,72620,Tesla T4,50,1.0,1.0,1.0000000000000002,1.0,0.999607608543803,0.9994854263970648,0.0,0.0,0.0,0.0,0.0501774246956859,0.0151187023717453,True,True
byol,71,partial_enc1e-03_head1e-02,byol_seed71\diagnostic\partial_enc1e-03_head1e-02\025pct,partial,0.001,0.01,0.25,71,4360,3767,1750,30,0.0715628010886056,0.858386092800727,0.858386092800727,0.20921614362791763,0.8588986819267688,0.2092496866640493,44,bca2031bce89973659e92fb2b787deaff7bfbe8474bc82facb82d3d8fce3a9b3,118.78368733000025,30.196710511001584,84.76907933300754,767.2021484375,7635.217,nvml_counter,64.22447179487179,7219.329400815892,162048,72620,Tesla T4,50,1.0,1.0,1.0000000000000002,1.0,0.9993366474423604,0.9989983048756582,0.0,0.0,0.0,0.0,0.0610960949224975,0.018408550873448,True,True
byol,71,partial_enc1e-03_head1e-02,byol_seed71\diagnostic\partial_enc1e-03_head1e-02\100pct,partial,0.001,0.01,1.0,71,17441,15031,6850,45,0.0643484853479984,0.8952777494297325,0.8952777494297325,0.2535529199022882,0.8933178979714413,0.25688156848074956,44,bca2031bce89973659e92fb2b787deaff7bfbe8474bc82facb82d3d8fce3a9b3,206.46961665100025,117.7903391979944,84.60672855400298,1368.310546875,13445.054,nvml_counter,65.32130610236221,7403.408513275155,162048,72620,Tesla T4,50,1.0,1.0,1.0000000000000002,1.0,0.9981389646655122,0.99778472498149,0.0,0.0,0.0,0.0,0.3176853752358796,0.0957201503500127,True,True
byol,71,partial_enc1e-02_head1e-02,byol_seed71\diagnostic\partial_enc1e-02_head1e-02\001pct,partial,0.01,0.01,0.01,71,173,151,100,34,0.0768713504076004,0.7423228233614815,0.7423228233614815,0.11864972852026362,0.7616485800048518,0.12622808333241267,44,bca2031bce89973659e92fb2b787deaff7bfbe8474bc82facb82d3d8fce3a9b3,90.97562437700071,1.819977054006813,84.98574441200435,574.77197265625,5774.502,nvml_counter,63.537877232142854,4752.807174659917,162048,72620,Tesla T4,50,1.0,1.0,1.0000000000000002,1.0,0.9994359522865786,0.9991639312011256,0.0,0.0,0.0,0.0,0.203538620711477,0.0613271774379634,True,True
byol,71,partial_enc1e-02_head1e-02,byol_seed71\diagnostic\partial_enc1e-02_head1e-02\005pct,partial,0.01,0.01,0.05,71,868,749,350,38,0.07182517221995763,0.8100127046487615,0.8100127046487615,0.1814644485475516,0.8136246224929071,0.1798326911835374,44,bca2031bce89973659e92fb2b787deaff7bfbe8474bc82facb82d3d8fce3a9b3,95.01390366600026,6.173258266999255,84.86020034499052,607.64990234375,6056.185,nvml_counter,63.706205567451825,7030.323068128528,162048,72620,Tesla T4,50,1.0,1.0,1.0000000000000002,1.0,0.9995750689062042,0.999584398594875,0.0,0.0,0.0,0.0,0.3565117890797882,0.1074187378847121,True,True
byol,71,partial_enc1e-02_head1e-02,byol_seed71\diagnostic\partial_enc1e-02_head1e-02\010pct,partial,0.01,0.01,0.1,71,1739,1507,700,40,0.06963350517409188,0.8248729977730499,0.8248729977730499,0.18806271124955948,0.8414027961848537,0.19602845004472302,44,bca2031bce89973659e92fb2b787deaff7bfbe8474bc82facb82d3d8fce3a9b3,101.82866822899996,13.068299649998153,85.07134314299765,647.1259765625,6517.979,nvml_counter,64.43434530938124,6653.505224760613,162048,72620,Tesla T4,50,1.0,1.0,1.0000000000000002,1.0,0.9993796539509128,0.9994803775739004,0.0,0.0,0.0,0.0,0.3831526813408664,0.1154457684359154,True,True
byol,71,partial_enc1e-02_head1e-02,byol_seed71\diagnostic\partial_enc1e-02_head1e-02\025pct,partial,0.01,0.01,0.25,71,4360,3767,1750,50,0.06988108498709543,0.8698504869216542,0.8698504869216542,0.21768547837773228,0.8575997124302848,0.21360800578871053,44,bca2031bce89973659e92fb2b787deaff7bfbe8474bc82facb82d3d8fce3a9b3,118.83508469299886,30.026287741997294,84.74505340099495,767.2021484375,7625.5,nvml_counter,64.27815384615384,7260.304766049612,162048,72620,Tesla T4,50,1.0,1.0,1.0000000000000002,1.0,0.9993663034577476,0.99900420924846,0.0,0.0,0.0,0.0,0.4536275381820567,0.1366801859401068,True,True
byol,71,partial_enc1e-02_head1e-02,byol_seed71\diagnostic\partial_enc1e-02_head1e-02\100pct,partial,0.01,0.01,1.0,71,17441,15031,6850,47,0.06233443656977076,0.8976966641421217,0.8976966641421217,0.260677747594076,0.8984774686717089,0.2762677240010533,44,bca2031bce89973659e92fb2b787deaff7bfbe8474bc82facb82d3d8fce3a9b3,213.9815031449998,124.78160738099541,85.04135054499966,1368.310546875,13951.914,nvml_counter,65.37359069325737,6988.610086880606,162048,72620,Tesla T4,50,1.0,1.0,1.0000000000000002,1.0,0.9967770386547165,0.9964469171018008,0.0,0.0,0.0,0.0,1.5666290625286483,0.472032964364818,True,True
byol,71,full_enc1e-04_head1e-02,byol_seed71\diagnostic\full_enc1e-04_head1e-02\001pct,full,0.0001,0.01,0.01,71,173,151,100,42,0.07299686968326569,0.7472767376460273,0.7472767376460273,0.12330639662963815,0.7561860563861663,0.12419797092668619,44,bca2031bce89973659e92fb2b787deaff7bfbe8474bc82facb82d3d8fce3a9b3,108.12745874400025,18.091239115998178,85.6114643359906,2649.5048828125,6875.292,nvml_counter,63.68125423728814,478.1319811505205,1804672,72620,Tesla T4,50,0.9970165104025034,0.985342397654633,0.9919103731599638,0.9049426610564536,0.8992951505785285,0.9035895818725548,0.0037077599988009,0.0032959669612242,0.0033958701224454,0.0028716854618297,0.0021908893708478,0.0029405751544934,True,True
byol,71,full_enc1e-04_head1e-02,byol_seed71\diagnostic\full_enc1e-04_head1e-02\005pct,full,0.0001,0.01,0.05,71,868,749,350,28,0.07159670761653356,0.8051265777767973,0.8051265777767973,0.1746419036537622,0.8080757819200113,0.17999888592237664,44,bca2031bce89973659e92fb2b787deaff7bfbe8474bc82facb82d3d8fce3a9b3,174.02462759300033,84.5742771890018,85.5988288330027,2682.72998046875,11163.851,nvml_counter,64.07147831184056,513.1583909728503,1804672,72620,Tesla T4,50,0.997719604528483,0.982876840736194,0.978452138467105,0.709541106387094,0.6693829802768413,0.6755995639064192,0.0049596216249033,0.0044423110368461,0.0043557293859519,0.0033373101898829,0.0024706722297572,0.0035547483860359,True,True
byol,71,full_enc1e-04_head1e-02,byol_seed71\diagnostic\full_enc1e-04_head1e-02\010pct,full,0.0001,0.01,0.1,71,1739,1507,700,34,0.06878044775554112,0.8394532298203756,0.8394532298203756,0.19556619826821084,0.8573827127917528,0.20191801439171775,44,bca2031bce89973659e92fb2b787deaff7bfbe8474bc82facb82d3d8fce3a9b3,259.33758736299933,169.66138983800374,85.75139002300057,2723.47314453125,16684.287,nvml_counter,64.29415354330709,512.4913811151829,1804672,72620,Tesla T4,50,0.997077258886562,0.9828876577728292,0.9672618344315874,0.6078036511316416,0.6030619894568479,0.6109033806580416,0.009205866490453,0.0085263738610106,0.0084638966494084,0.0060161439483902,0.0042972321852487,0.0065616000848887,True,True
byol,71,full_enc1e-04_head1e-02,byol_seed71\diagnostic\full_enc1e-04_head1e-02\025pct,full,0.0001,0.01,0.25,71,4360,3767,1750,50,0.06643838882446289,0.8737809043539649,0.8737809043539649,0.24741689075850432,0.8767488589989654,0.22581263843506172,44,bca2031bce89973659e92fb2b787deaff7bfbe8474bc82facb82d3d8fce3a9b3,513.0684789879997,423.32801471800667,85.54927132500416,2844.38671875,33101.262,nvml_counter,64.57907137161084,514.9670997919126,1804672,72620,Tesla T4,50,0.9942342642577988,0.9661262182440716,0.92730146553298,0.6748568432314661,0.6773062224725422,0.6788371043241453,0.0182128243909249,0.0141996991301976,0.0127277459118461,0.0082211629018743,0.0071551533644074,0.0096913505449091,True,True
byol,71,full_enc1e-04_head1e-02,byol_seed71\diagnostic\full_enc1e-04_head1e-02\100pct,full,0.0001,0.01,1.0,71,17441,15031,6850,47,0.05345030248600201,0.9248414151025623,0.9248414151025623,0.3156975242582106,0.9169522418626571,0.3218861731513172,44,bca2031bce89973659e92fb2b787deaff7bfbe8474bc82facb82d3d8fce3a9b3,1785.8017166570007,1695.7211465540076,85.62000719599382,3445.25146484375,115476.808,nvml_counter,64.5373960793305,514.2649791047031,1804672,72620,Tesla T4,50,0.983314593552995,0.9218042678185248,0.8454230180380184,0.3251856554510074,0.3174745052143035,0.3124313999364767,0.0583534170555746,0.0400075283479968,0.0446160629107508,0.0456381505614529,0.040299769819115,0.0446347759916916,True,True
byol,71,full_enc1e-03_head1e-02,byol_seed71\diagnostic\full_enc1e-03_head1e-02\001pct,full,0.001,0.01,0.01,71,173,151,100,38,0.0714573860168457,0.7351934947611035,0.7351934947611035,0.11562950610816068,0.7533267116365441,0.11877056292573142,44,bca2031bce89973659e92fb2b787deaff7bfbe8474bc82facb82d3d8fce3a9b3,107.67351732699899,18.06770240300102,85.39528667098784,2649.5048828125,6849.116,nvml_counter,63.607266540642705,478.7548414879385,1804672,72620,Tesla T4,50,0.993267217347122,0.970503799048812,0.942240323503342,0.6158883068253865,0.5983802384543343,0.6154692914173939,0.0299366186483012,0.0291368723058461,0.0312559465405152,0.0224540979617905,0.0198014206065387,0.0242754173943119,True,True
byol,71,full_enc1e-03_head1e-02,byol_seed71\diagnostic\full_enc1e-03_head1e-02\005pct,full,0.001,0.01,0.05,71,868,749,350,50,0.061365561825888496,0.82894644929609,0.82894644929609,0.18528406606542724,0.8015720932343552,0.18579397033013983,44,bca2031bce89973659e92fb2b787deaff7bfbe8474bc82facb82d3d8fce3a9b3,174.04525459399883,84.339878529001,85.48461153500102,2682.72998046875,11161.892,nvml_counter,63.990152403282536,514.5845684977662,1804672,72620,Tesla T4,50,0.9786125386336376,0.9550195425535942,0.7841563447159339,0.0361215450242322,0.0367742986421222,0.0319094177551629,0.0502597511175346,0.0441072693608046,0.0463896169808405,0.0359247817700137,0.0242785515223506,0.0375309930982966,True,True
byol,71,full_enc1e-03_head1e-02,byol_seed71\diagnostic\full_enc1e-03_head1e-02\010pct,full,0.001,0.01,0.1,71,1739,1507,700,43,0.051772398608071465,0.8586284575309098,0.8586284575309098,0.2404433709783061,0.8611912631612214,0.2195722151342488,44,bca2031bce89973659e92fb2b787deaff7bfbe8474bc82facb82d3d8fce3a9b3,259.8963595920013,170.14490647799357,85.78721192699595,2723.47314453125,16717.623,nvml_counter,64.247731918239,511.034986588012,1804672,72620,Tesla T4,50,0.9701407061979952,0.8748396476293332,0.8843138190156832,0.186317962167589,0.141181217863792,0.1485451970744059,0.0759719857449383,0.0669611493921903,0.0702037015131635,0.0514147637124314,0.0387167108377364,0.0550538530387535,True,True
byol,71,full_enc1e-03_head1e-02,byol_seed71\diagnostic\full_enc1e-03_head1e-02\025pct,full,0.001,0.01,0.25,71,4360,3767,1750,40,0.05527431624276297,0.8864049086023289,0.8864049086023289,0.24670135356629555,0.8877631606781765,0.2505168226486008,44,bca2031bce89973659e92fb2b787deaff7bfbe8474bc82facb82d3d8fce3a9b3,512.8024333190006,423.3487661780018,85.48792777400922,2844.38671875,33096.885,nvml_counter,64.4384040686079,514.941857438506,1804672,72620,Tesla T4,50,0.96460775678955,0.9076429012093824,0.8395117721656077,0.5658973240078026,0.5002596535638727,0.5032764562807664,0.1035000591294418,0.0918900633047303,0.0927885900737131,0.0717103595492249,0.0605137615776685,0.0762624499753373,True,True
byol,71,full_enc1e-03_head1e-02,byol_seed71\diagnostic\full_enc1e-03_head1e-02\100pct,full,0.001,0.01,1.0,71,17441,15031,6850,38,0.03578832375742223,0.930668532855513,0.930668532855513,0.31929642860060214,0.9277040132288334,0.34234278529237133,44,bca2031bce89973659e92fb2b787deaff7bfbe8474bc82facb82d3d8fce3a9b3,1790.3143090920003,1700.5202751840043,85.68885403601053,3445.25146484375,115725.571,nvml_counter,64.25468225474502,512.8136445804153,1804672,72620,Tesla T4,50,0.9499034269422796,0.8552140095261284,0.6759794920877731,0.2792313876182349,0.2336346679304521,0.2412338043454309,0.1842586304301264,0.1452757666758332,0.1892518423514107,0.2086300366828357,0.2318706436366146,0.2026815475847584,True,True
byol,71,full_enc1e-02_head1e-02,byol_seed71\diagnostic\full_enc1e-02_head1e-02\001pct,full,0.01,0.01,0.01,71,173,151,100,50,0.07743289321660995,0.7190629782424818,0.7190629782424818,0.08785026358147989,0.7322214456589244,0.09026338924356506,44,bca2031bce89973659e92fb2b787deaff7bfbe8474bc82facb82d3d8fce3a9b3,107.43548287199883,18.00552548500309,85.11180868900192,2649.5048828125,6835.853,nvml_counter,63.652833017077796,480.4080840186884,1804672,72620,Tesla T4,50,0.891499449337405,0.568108753936003,0.2277903048401136,0.0062819720606091,0.0034585174772938,0.003379814062183,0.2085561333373832,0.1843343060196443,0.2062611531509325,0.1839243404412851,0.1715639058636725,0.1858730550468313,True,True
byol,71,full_enc1e-02_head1e-02,byol_seed71\diagnostic\full_enc1e-02_head1e-02\005pct,full,0.01,0.01,0.05,71,868,749,350,39,0.07919822420392718,0.7818029123743887,0.7818029123743887,0.11856203483063109,0.7651470596336075,0.11973170357485503,44,bca2031bce89973659e92fb2b787deaff7bfbe8474bc82facb82d3d8fce3a9b3,173.0476894860003,84.20485073100281,85.27321554400078,2682.72998046875,11106.502,nvml_counter,63.97903301886792,515.4097373635133,1804672,72620,Tesla T4,50,0.709108185907083,0.4927720196549811,0.2869290597664071,0.0453164245586944,0.0336786166601378,0.027743217837535,0.4690007399605639,0.3909961461410762,0.3338581114577074,0.2601905344287595,0.1754599677378952,0.2828382071291983,True,True
byol,71,full_enc1e-02_head1e-02,byol_seed71\diagnostic\full_enc1e-02_head1e-02\010pct,full,0.01,0.01,0.1,71,1739,1507,700,43,0.07002298321042742,0.8434094918286372,0.8434094918286372,0.18834036437273413,0.836710258424801,0.182030722700655,44,bca2031bce89973659e92fb2b787deaff7bfbe8474bc82facb82d3d8fce3a9b3,258.58920621200014,168.88669448399924,85.94915687699722,2723.47314453125,16634.518,nvml_counter,64.65629723320158,514.8422157568954,1804672,72620,Tesla T4,50,0.7065693614429246,0.677960232031201,0.6535481617890132,0.0600312106712391,0.0378852308352887,0.0391282620159624,0.4294770353071455,0.3482361340235598,0.3615152642449485,0.2934515778354521,0.254964972928885,0.3067152089647968,True,True
byol,71,full_enc1e-02_head1e-02,byol_seed71\diagnostic\full_enc1e-02_head1e-02\025pct,full,0.01,0.01,0.25,71,4360,3767,1750,44,0.06952047348022461,0.8534957773974537,0.8534957773974537,0.21385941591838528,0.8303090281238401,0.1930212575741996,44,bca2031bce89973659e92fb2b787deaff7bfbe8474bc82facb82d3d8fce3a9b3,510.05347528700077,420.9593688339992,85.26886699198803,2844.38671875,32915.119,nvml_counter,64.6560128307939,517.8647065246004,1804672,72620,Tesla T4,50,0.7812428440420061,0.4075100140870237,0.167993654783403,0.0065880412708219,0.0047101722717168,0.0063904859064993,1.000578838920252,0.7157875268452872,0.7427128095291574,0.426262947628427,0.3656524897255255,0.5133060280098494,True,True
byol,71,full_enc1e-02_head1e-02,byol_seed71\diagnostic\full_enc1e-02_head1e-02\100pct,full,0.01,0.01,1.0,71,17441,15031,6850,39,0.04025603384867202,0.9368834638277165,0.9368834638277165,0.3434236116606705,0.9325338761236011,0.366362900833661,44,bca2031bce89973659e92fb2b787deaff7bfbe8474bc82facb82d3d8fce3a9b3,1777.1848878329984,1687.3351222619858,85.627815353997,3445.25146484375,114934.538,nvml_counter,64.63229674000691,516.8208665217367,1804672,72620,Tesla T4,50,0.6596224249505006,0.6732975301457592,0.6059881270042949,0.0069609622548683,0.005799451140762,0.0060520765937869,0.9198424939833192,0.7233132256634047,0.7880904235331666,0.8628668784406218,0.8859149142182581,0.8434122837034357,True,True
